persona_name,transactionid,accountid,bookingdate,valuedate,amount,currency,creditorname,debtorname,remittanceinfo,direction
bonus_income,2tOy4CqpIqK3yn9FfcgMXAdx9G81aSQHqNgA,EJQE1RyrV3SqexJ3RjxgsgdVoyG5MkH4MEZz5,2025-11-01,2025-11-01,-1614.65,GBP,,,D/D VIRGIN ATLANTIC REF:CC-PYMT,debit
bonus_income,3cVQWUYpGhLhwVE7YcA9cuEXBszVMDz6Ray,EJQE1RyrV3SqexJ3RjxgsgdVoyG5MkH4MEZz5,2025-11-01,2025-11-01,531.23,GBP,,,BACS SALARY REF:WAGES,debit
bonus_income,4LEgw9YooJeTY8HhO6kGL75UQSyPx3BpdbIK,EJQE1RyrV3SqexJ3RjxgsgdVoyG5MkH4MEZz5,2025-11-01,2025-11-01,-35.46,GBP,,,HEATHROW EXPRESS REF:TRAVEL,debit
bonus_income,phyP2V8UWYUyLF4XMyuwvm8HxWr2b8MtJKC,EJQE1RyrV3SqexJ3RjxgsgdVoyG5MkH4MEZz5,2025-11-01,2025-11-01,747.22,GBP,,,BACS PAYROLL PRIMARY-ACC REF:SALARY,debit
bonus_income,NbrnTP3fAbnFbmOHnKYaXRvj7uff0LYTH8xI,EJQE1RyrV3SqexJ3RjxgsgdVoyG5MkH4MEZz5,2025-11-03,2025-11-03,-70.48,GBP,,,D/D SKY DIGITAL REF:SAT-992,debit
bonus_income,eNo41eoPni6JDWYlgAACTP9gyv1plBArp5B1,EJQE1RyrV3SqexJ3RjxgsgdVoyG5MkH4MEZz5,2025-11-04,2025-11-04,-151.08,GBP,,,HARRODS LTD LONDON SW1,debit
bonus_income,gOHafUozD13kay5WrRTWPElndTdtdD5GdF0e,EJQE1RyrV3SqexJ3RjxgsgdVoyG5MkH4MEZz5,2025-11-05,2025-11-05,-39.63,GBP,,,HEATHROW EXPRESS REF:TRAVEL,debit
bonus_income,Poh3pKMzKG5mSoyPstUeC99enq522wjZRL9O,EJQE1RyrV3SqexJ3RjxgsgdVoyG5MkH4MEZz5,2025-11-06,2025-11-06,-371.18,GBP,,,HARRODS LTD LONDON SW1,debit
bonus_income,0ru8zMpnGEvc8KqwAGTbREWcQ39wKdx5PdA,EJQE1RyrV3SqexJ3RjxgsgdVoyG5MkH4MEZz5,2025-11-08,2025-11-08,630.26,GBP,,,BACS PAYROLL PRIMARY-ACC REF:SALARY,debit
bonus_income,QezmJxp328QfvnGsC5rXa97g6CwzxNrJwxT,EJQE1RyrV3SqexJ3RjxgsgdVoyG5MkH4MEZz5,2025-11-08,2025-11-08,522.47,GBP,,,BACS SALARY REF:WAGES,debit
bonus_income,PI5g2q3UjrnvQ0Fp4dNZcui8kBRIg6QjcwIA,EJQE1RyrV3SqexJ3RjxgsgdVoyG5MkH4MEZz5,2025-11-12,2025-11-12,-379.4,GBP,,,HARRODS LTD LONDON SW1,debit
bonus_income,Rxy03BMPwU23nherDejc1bSgP2P0N62ygCq,EJQE1RyrV3SqexJ3RjxgsgdVoyG5MkH4MEZz5,2025-11-15,2025-11-15,805.55,GBP,,,BACS PAYROLL PRIMARY-ACC REF:SALARY,debit
bonus_income,SyGV8x1HaPExY7MXXwc19NaQDQWpcQTBFV9,EJQE1RyrV3SqexJ3RjxgsgdVoyG5MkH4MEZz5,2025-11-15,2025-11-15,592.94,GBP,,,BACS SALARY REF:WAGES,debit
bonus_income,ZM1JRcoreogrNwwmq6OLkTkx9NIQ0Wobtqn6,EJQE1RyrV3SqexJ3RjxgsgdVoyG5MkH4MEZz5,2025-11-15,2025-11-15,-11.07,GBP,,,APPLE.COM/BILL REF:ICLOUD,debit
bonus_income,OyreVvFQ0ub2qJ8cKvWB9h3lcBGYQ6TmA65M,EJQE1RyrV3SqexJ3RjxgsgdVoyG5MkH4MEZz5,2025-11-16,2025-11-16,-268.63,GBP,,,HARRODS LTD LONDON SW1,debit
bonus_income,t3X13npgW2zMj518Y2bTu5X1YqWg21nYCsXo,EJQE1RyrV3SqexJ3RjxgsgdVoyG5MkH4MEZz5,2025-11-16,2025-11-16,-162.28,GBP,,,HARRODS LTD LONDON SW1,debit
bonus_income,0SstzyshA6P3MsHarAJOCBnD3XkfFNuYUPnm,EJQE1RyrV3SqexJ3RjxgsgdVoyG5MkH4MEZz5,2025-11-19,2025-11-19,-66.52,GBP,,,WAITROSE & PARTNERS LONDON SW1,debit
bonus_income,BU0rWEoBSou3ejxjnzuCdZyV6b2JD6sy3ZHT,EJQE1RyrV3SqexJ3RjxgsgdVoyG5MkH4MEZz5,2025-11-22,2025-11-22,-276.72,GBP,,,SELFRIDGES & CO LONDON,debit
bonus_income,HB0rfDR6x7KC9zQwzwr2nFsCCFEmqDmpNV2,EJQE1RyrV3SqexJ3RjxgsgdVoyG5MkH4MEZz5,2025-11-22,2025-11-22,811.54,GBP,,,BACS SALARY REF:WAGES,debit
bonus_income,c9LVC2JSxyjQ312WnXRCI4hiCGItUBY3A4Bj,EJQE1RyrV3SqexJ3RjxgsgdVoyG5MkH4MEZz5,2025-11-22,2025-11-22,-425.83,GBP,,,HARRODS LTD LONDON SW1,debit
bonus_income,uuaha0arBDLBdEnr5JxKhXHBG7ZtWpWxf9G,EJQE1RyrV3SqexJ3RjxgsgdVoyG5MkH4MEZz5,2025-11-22,2025-11-22,506.44,GBP,,,BACS PAYROLL PRIMARY-ACC REF:SALARY,debit
bonus_income,3EqEyPXS058H4KPfA1lquCu2r6AZDUd7ne7c,EJQE1RyrV3SqexJ3RjxgsgdVoyG5MkH4MEZz5,2025-11-23,2025-11-23,-37.34,GBP,,,HEATHROW EXPRESS REF:TRAVEL,debit
bonus_income,6mbjhPInRVkLUhY7gbtP7ySeQMgV0Lh8WvAw,EJQE1RyrV3SqexJ3RjxgsgdVoyG5MkH4MEZz5,2025-11-26,2025-11-26,-266.33,GBP,,,HARRODS LTD LONDON SW1,debit
bonus_income,bzhDVwNN3aHs1T9kdrPhk0mKZZu209vLC05,EJQE1RyrV3SqexJ3RjxgsgdVoyG5MkH4MEZz5,2025-11-29,2025-11-29,767.93,GBP,,,BACS SALARY REF:WAGES,debit
bonus_income,pyKHq2eYSzewXn4jPfjf0jd8WB71p5EuF3S,EJQE1RyrV3SqexJ3RjxgsgdVoyG5MkH4MEZz5,2025-11-29,2025-11-29,771.7,GBP,,,BACS PAYROLL PRIMARY-ACC REF:SALARY,debit
bonus_income,OaAEAw3CjkGOM5WCZKtp5rBUJPuEuEvqrK2I,EJQE1RyrV3SqexJ3RjxgsgdVoyG5MkH4MEZz5,2025-11-30,2025-11-30,-28.41,GBP,,,HEATHROW EXPRESS REF:TRAVEL,debit
bonus_income,7ZJ69PqcUDO4lKNEfvuP1uRr6YICtu8zF9OH,EJQE1RyrV3SqexJ3RjxgsgdVoyG5MkH4MEZz5,2025-12-01,2025-12-01,-457.93,GBP,,,BRITISH AIRWAYS REF:TKT-9921,debit
bonus_income,Z4mU7skZ9njwgxFmrkLdsqBz6DPRTL7YBTm,EJQE1RyrV3SqexJ3RjxgsgdVoyG5MkH4MEZz5,2025-12-01,2025-12-01,583.22,GBP,,,BACS PAYROLL PRIMARY-ACC REF:SALARY,debit
bonus_income,Zp5DS1tWYkNPeyyWJQ6gBhucwK6anwj3Qg3,EJQE1RyrV3SqexJ3RjxgsgdVoyG5MkH4MEZz5,2025-12-01,2025-12-01,604.0,GBP,,,BACS SALARY REF:WAGES,debit
bonus_income,sKAJd7gVMqfoIjzQDcrr1eoqXKXmhnjqidXK,EJQE1RyrV3SqexJ3RjxgsgdVoyG5MkH4MEZz5,2025-12-01,2025-12-01,-1606.91,GBP,,,D/D VIRGIN ATLANTIC REF:CC-PYMT,debit
bonus_income,GlozIoDSBbszpPwIv9IvCtoStU6QlTrKVL8Z,EJQE1RyrV3SqexJ3RjxgsgdVoyG5MkH4MEZz5,2025-12-03,2025-12-03,-66.09,GBP,,,D/D SKY DIGITAL REF:SAT-992,debit
bonus_income,AQePZkUfAMeDz5zWE8QvbyZCarX1vDwGqTd,EJQE1RyrV3SqexJ3RjxgsgdVoyG5MkH4MEZz5,2025-12-08,2025-12-08,575.14,GBP,,,BACS SALARY REF:WAGES,debit
bonus_income,kGvjrjT3CMwY12Q8ZFVzRFRUQ0En4GTfNUX,EJQE1RyrV3SqexJ3RjxgsgdVoyG5MkH4MEZz5,2025-12-08,2025-12-08,722.44,GBP,,,BACS PAYROLL PRIMARY-ACC REF:SALARY,debit
bonus_income,dGMEBdqir2EbNXStazn0h6Oj5sRzDDCilLUi,EJQE1RyrV3SqexJ3RjxgsgdVoyG5MkH4MEZz5,2025-12-09,2025-12-09,-309.85,GBP,,,SELFRIDGES & CO LONDON,debit
bonus_income,rWz5FYrsK9EjHvIHCtlRJoWcURYxPY8EcFK1,EJQE1RyrV3SqexJ3RjxgsgdVoyG5MkH4MEZz5,2025-12-10,2025-12-10,-236.99,GBP,,,HARRODS LTD LONDON SW1,debit
bonus_income,g4ai18eWqMyeuPH7M3EHMoQrof8VRgksbudw,EJQE1RyrV3SqexJ3RjxgsgdVoyG5MkH4MEZz5,2025-12-13,2025-12-13,-371.5,GBP,,,SELFRIDGES & CO LONDON,debit
bonus_income,a1W84UZ3WoXnlpUVQigMcWcwi4uzmW2wFqk4,EJQE1RyrV3SqexJ3RjxgsgdVoyG5MkH4MEZz5,2025-12-14,2025-12-14,-181.22,GBP,,,JOHN LEWIS PLC OXFORD ST,debit
bonus_income,jGJXke1Mo4iCppaX3QjBvKNAp0mxDoJJ9s8O,EJQE1RyrV3SqexJ3RjxgsgdVoyG5MkH4MEZz5,2025-12-14,2025-12-14,-349.01,GBP,,,SELFRIDGES & CO LONDON,debit
bonus_income,7s1XDeUnPPy0IfyqhwUqxNxPDM6uLONCROhc,EJQE1RyrV3SqexJ3RjxgsgdVoyG5MkH4MEZz5,2025-12-15,2025-12-15,-146.45,GBP,,,SELFRIDGES & CO LONDON,debit
bonus_income,9gNGyA230MFDjeS9XHgySFAEBYst549AuXt,EJQE1RyrV3SqexJ3RjxgsgdVoyG5MkH4MEZz5,2025-12-15,2025-12-15,730.46,GBP,,,BACS PAYROLL PRIMARY-ACC REF:SALARY,debit
bonus_income,T8Evzn9uFTQ2zxBj5ZbCTPZWAEWWX9gHP8D,EJQE1RyrV3SqexJ3RjxgsgdVoyG5MkH4MEZz5,2025-12-15,2025-12-15,576.38,GBP,,,BACS SALARY REF:WAGES,debit
bonus_income,swsRhcds6NUgarDv7p1heEJQjY6fpIzKMWx4,EJQE1RyrV3SqexJ3RjxgsgdVoyG5MkH4MEZz5,2025-12-15,2025-12-15,-8.45,GBP,,,APPLE.COM/BILL REF:ICLOUD,debit
bonus_income,sEg3iCPU6zUjzgEz6cwB61gQH8wylh0CPNLb,EJQE1RyrV3SqexJ3RjxgsgdVoyG5MkH4MEZz5,2025-12-17,2025-12-17,-274.02,GBP,,,HARRODS LTD LONDON SW1,debit
bonus_income,GC7dDyQE4efLerNHu9GCLgR0OVSnBovCzfAP,EJQE1RyrV3SqexJ3RjxgsgdVoyG5MkH4MEZz5,2025-12-19,2025-12-19,-48.11,GBP,,,WAITROSE & PARTNERS LONDON SW1,debit
bonus_income,phJeVmn1uj3a1iipkObaWoukdTGUDWFgF6cW,EJQE1RyrV3SqexJ3RjxgsgdVoyG5MkH4MEZz5,2025-12-19,2025-12-19,-52.67,GBP,,,JOHN LEWIS PLC OXFORD ST,debit
bonus_income,VTPGSva97y7AUCxCNkqJTL88WTGdXGv5Ecr,EJQE1RyrV3SqexJ3RjxgsgdVoyG5MkH4MEZz5,2025-12-22,2025-12-22,764.2,GBP,,,BACS SALARY REF:WAGES,debit
bonus_income,rXhRqeR7H0sb0FDDA4WaggXJHkM01x47QVx,EJQE1RyrV3SqexJ3RjxgsgdVoyG5MkH4MEZz5,2025-12-22,2025-12-22,787.73,GBP,,,BACS PAYROLL PRIMARY-ACC REF:SALARY,debit
bonus_income,7QDffAUxid7IPz26A4drtgFjD0vIhroAIVMP,EJQE1RyrV3SqexJ3RjxgsgdVoyG5MkH4MEZz5,2025-12-23,2025-12-23,-164.53,GBP,,,JOHN LEWIS PLC OXFORD ST,debit
bonus_income,b5ZqlRtva1JyiNbUnAvwSWJfdjMPqPEBqUhA,EJQE1RyrV3SqexJ3RjxgsgdVoyG5MkH4MEZz5,2025-12-28,2025-12-28,-36.17,GBP,,,HEATHROW EXPRESS REF:TRAVEL,debit
bonus_income,fCXGNduaFKpRqQKuaVVxYcyaMz8ET026PnJ,EJQE1RyrV3SqexJ3RjxgsgdVoyG5MkH4MEZz5,2025-12-29,2025-12-29,684.9,GBP,,,BACS SALARY REF:WAGES,debit
bonus_income,nBjVZn7FgRP1X66P30tcRDEFLkgsDLmsnyF,EJQE1RyrV3SqexJ3RjxgsgdVoyG5MkH4MEZz5,2025-12-29,2025-12-29,483.84,GBP,,,BACS PAYROLL PRIMARY-ACC REF:SALARY,debit
bonus_income,0f21ZE3w6JgkFpzJmUU3GfG7X4CE18F0egw,EJQE1RyrV3SqexJ3RjxgsgdVoyG5MkH4MEZz5,2026-01-01,2026-01-01,829.35,GBP,,,BACS SALARY REF:WAGES,debit
bonus_income,1MjeBsrdFtCdZe11MFCIX3BYOtDjdg3vSFkp,EJQE1RyrV3SqexJ3RjxgsgdVoyG5MkH4MEZz5,2026-01-01,2026-01-01,-1492.61,GBP,,,D/D VIRGIN ATLANTIC REF:CC-PYMT,debit
bonus_income,R8uSpyvLxF09t3CSLVA4FWAd33c37PAw8WK,EJQE1RyrV3SqexJ3RjxgsgdVoyG5MkH4MEZz5,2026-01-01,2026-01-01,565.34,GBP,,,BACS PAYROLL PRIMARY-ACC REF:SALARY,debit
bonus_income,rQEPcyLasnipuaUkxRFZXe1cb51JJRzhbuXM,EJQE1RyrV3SqexJ3RjxgsgdVoyG5MkH4MEZz5,2026-01-03,2026-01-03,-74.35,GBP,,,D/D SKY DIGITAL REF:SAT-992,debit
bonus_income,sWFHTGP2MLjlQM3ScwS8LUWoo7W4mQJBVWFz,EJQE1RyrV3SqexJ3RjxgsgdVoyG5MkH4MEZz5,2026-01-05,2026-01-05,-182.53,GBP,,,HARRODS LTD LONDON SW1,debit
bonus_income,YXipN2Ig00rVq4jB6nBvbdFo9xb50OXirZRi,EJQE1RyrV3SqexJ3RjxgsgdVoyG5MkH4MEZz5,2026-01-06,2026-01-06,-237.17,GBP,,,BRITISH AIRWAYS REF:TKT-9921,debit
bonus_income,DM4bnj6LAWohoNMdZEHNJSsavJlPGw7HWFb2,EJQE1RyrV3SqexJ3RjxgsgdVoyG5MkH4MEZz5,2026-01-07,2026-01-07,-75.43,GBP,,,WAITROSE & PARTNERS LONDON SW1,debit
bonus_income,N8pbWvTMVTucHYkWCRNYdWCscmc5F9HpUlwW,EJQE1RyrV3SqexJ3RjxgsgdVoyG5MkH4MEZz5,2026-01-08,2026-01-08,-194.88,GBP,,,HARRODS LTD LONDON SW1,debit
bonus_income,NNmEZjypbB3p5pDmT2B9MGUEArkgbyuTT0U,EJQE1RyrV3SqexJ3RjxgsgdVoyG5MkH4MEZz5,2026-01-08,2026-01-08,492.54,GBP,,,BACS SALARY REF:WAGES,debit
bonus_income,W7rkEcnLkdvcxD1GWh0wnC0qnL0UVvWpBau,EJQE1RyrV3SqexJ3RjxgsgdVoyG5MkH4MEZz5,2026-01-08,2026-01-08,771.79,GBP,,,BACS PAYROLL PRIMARY-ACC REF:SALARY,debit
bonus_income,Q7iLWceWwxJLQ6xVJGyOphTExIqqB9r4Eh0C,EJQE1RyrV3SqexJ3RjxgsgdVoyG5MkH4MEZz5,2026-01-12,2026-01-12,-72.16,GBP,,,WAITROSE & PARTNERS LONDON SW1,debit
bonus_income,uhw3U3x8EE5GXTeLYHteOtLAQvc1v9r86eNw,EJQE1RyrV3SqexJ3RjxgsgdVoyG5MkH4MEZz5,2026-01-12,2026-01-12,-91.93,GBP,,,WAITROSE & PARTNERS LONDON SW1,debit
bonus_income,BfQ0tveH30S5NXFhmiXbIwXILft9SGVZe8NB,EJQE1RyrV3SqexJ3RjxgsgdVoyG5MkH4MEZz5,2026-01-14,2026-01-14,-105.78,GBP,,,WAITROSE & PARTNERS LONDON SW1,debit
bonus_income,0rHKg9zyfFq4wDN3QVgbPqcpmkGrg5jw1Dz,EJQE1RyrV3SqexJ3RjxgsgdVoyG5MkH4MEZz5,2026-01-15,2026-01-15,468.35,GBP,,,BACS SALARY REF:WAGES,debit
bonus_income,A3NcTKuc26fLs2RG8zn1pSNbMykVg1NtJGm,EJQE1RyrV3SqexJ3RjxgsgdVoyG5MkH4MEZz5,2026-01-15,2026-01-15,497.81,GBP,,,BACS PAYROLL PRIMARY-ACC REF:SALARY,debit
bonus_income,BBGjxrzuLWOefQrSO42uKiv7RyK6txXYPZTQ,EJQE1RyrV3SqexJ3RjxgsgdVoyG5MkH4MEZz5,2026-01-15,2026-01-15,4908.67,GBP,,,BACS Q1 BONUS REF:PERF-26,debit
bonus_income,Z5f0pKGytvukFhF4vTYYojmLVOkVEUVB5INM,EJQE1RyrV3SqexJ3RjxgsgdVoyG5MkH4MEZz5,2026-01-15,2026-01-15,-10.28,GBP,,,APPLE.COM/BILL REF:ICLOUD,debit
bonus_income,GhZIKViF1ZGsk5n6Grem7rMMfNKKkM3u5c1f,EJQE1RyrV3SqexJ3RjxgsgdVoyG5MkH4MEZz5,2026-01-16,2026-01-16,-94.52,GBP,,,WAITROSE & PARTNERS LONDON SW1,debit
bonus_income,VqnJMb3HNspYzCQjzCvi1t9vyVFgohBid61z,EJQE1RyrV3SqexJ3RjxgsgdVoyG5MkH4MEZz5,2026-01-21,2026-01-21,-61.55,GBP,,,WAITROSE & PARTNERS LONDON SW1,debit
bonus_income,0pw0B4KDySu0NCmXb71MfEcquhpPhHL1HAW,EJQE1RyrV3SqexJ3RjxgsgdVoyG5MkH4MEZz5,2026-01-22,2026-01-22,658.12,GBP,,,BACS PAYROLL PRIMARY-ACC REF:SALARY,debit
bonus_income,wTKqdKB4vx9LRCvveujsGRd0N7ve4QTDfG0,EJQE1RyrV3SqexJ3RjxgsgdVoyG5MkH4MEZz5,2026-01-22,2026-01-22,546.06,GBP,,,BACS SALARY REF:WAGES,debit
bonus_income,Dhv7jmELbqucHMuJahYK8GNc2dsUb19myUy,EJQE1RyrV3SqexJ3RjxgsgdVoyG5MkH4MEZz5,2026-01-29,2026-01-29,806.96,GBP,,,BACS PAYROLL PRIMARY-ACC REF:SALARY,debit
bonus_income,Qt4bvyz7D5Ha0NrqHSp2HuTGx9LT0zvqYV4,EJQE1RyrV3SqexJ3RjxgsgdVoyG5MkH4MEZz5,2026-01-29,2026-01-29,636.97,GBP,,,BACS SALARY REF:WAGES,debit
bonus_income,Y5Slj9C2EfyCoKdrL0PragiqwzcdIwrxBIZM,EJQE1RyrV3SqexJ3RjxgsgdVoyG5MkH4MEZz5,2026-01-30,2026-01-30,-546.19,GBP,,,BRITISH AIRWAYS REF:TKT-9921,debit
bonus_income,FEJCZ0RSwhfvdWZYYMsZYt0x9mjynjZMhts,EJQE1RyrV3SqexJ3RjxgsgdVoyG5MkH4MEZz5,2026-02-01,2026-02-01,702.09,GBP,,,BACS SALARY REF:WAGES,debit
bonus_income,HP1QXqE7rs68VRQEDI5SrJH3yvVjc7e5OUnZ,EJQE1RyrV3SqexJ3RjxgsgdVoyG5MkH4MEZz5,2026-02-01,2026-02-01,-1472.08,GBP,,,D/D VIRGIN ATLANTIC REF:CC-PYMT,debit
bonus_income,cSKwDLtRn917XWLRhjdUXLb9CPSxBS24amS,EJQE1RyrV3SqexJ3RjxgsgdVoyG5MkH4MEZz5,2026-02-01,2026-02-01,686.44,GBP,,,BACS PAYROLL PRIMARY-ACC REF:SALARY,debit
bonus_income,Qi78jO2DOUrrdVOoT0c5zZ5cZWlU2rcsL5uC,EJQE1RyrV3SqexJ3RjxgsgdVoyG5MkH4MEZz5,2026-02-02,2026-02-02,-345.22,GBP,,,HARRODS LTD LONDON SW1,debit
bonus_income,Lhfx9IwiLyccSXGj3i5tyM0KFFEIDbugzt32,EJQE1RyrV3SqexJ3RjxgsgdVoyG5MkH4MEZz5,2026-02-03,2026-02-03,-71.1,GBP,,,D/D SKY DIGITAL REF:SAT-992,debit
bonus_income,HE60DlgkCplTXJUk13ZFfPliupqoU7sSaOQd,EJQE1RyrV3SqexJ3RjxgsgdVoyG5MkH4MEZz5,2026-02-04,2026-02-04,-46.88,GBP,,,WAITROSE & PARTNERS LONDON SW1,debit
bonus_income,CjQ53VQN6wn7DC9xR4UXZVQKWGGw4gZ3mHk0,EJQE1RyrV3SqexJ3RjxgsgdVoyG5MkH4MEZz5,2026-02-07,2026-02-07,-185.97,GBP,,,HARRODS LTD LONDON SW1,debit
bonus_income,eRP3XmNaAFsQWMXPXVppmVxpbuc1pDsnRXv,EJQE1RyrV3SqexJ3RjxgsgdVoyG5MkH4MEZz5,2026-02-08,2026-02-08,490.61,GBP,,,BACS SALARY REF:WAGES,debit
bonus_income,kAjs5LFVydfNkgT285XXUu62N7NLr2uJzdu,EJQE1RyrV3SqexJ3RjxgsgdVoyG5MkH4MEZz5,2026-02-08,2026-02-08,756.06,GBP,,,BACS PAYROLL PRIMARY-ACC REF:SALARY,debit
bonus_income,hmKfFYCFCdCYSyYUJcvd95e5bzVV8OA9x14x,EJQE1RyrV3SqexJ3RjxgsgdVoyG5MkH4MEZz5,2026-02-12,2026-02-12,-92.14,GBP,,,SELFRIDGES & CO LONDON,debit
bonus_income,72i1h9yh8ZU8CSAxoCjl2VbOM63oeKBP2pcB,EJQE1RyrV3SqexJ3RjxgsgdVoyG5MkH4MEZz5,2026-02-15,2026-02-15,-101.89,GBP,,,WAITROSE & PARTNERS LONDON SW1,debit
bonus_income,GszkuyJDXb5RKUJhgeKH5jAV5zEFEPMWwav,EJQE1RyrV3SqexJ3RjxgsgdVoyG5MkH4MEZz5,2026-02-15,2026-02-15,578.27,GBP,,,BACS PAYROLL PRIMARY-ACC REF:SALARY,debit
bonus_income,NLqO8JodDGSWxYpJRlBzzmFLD0TRGI9Dx7CH,EJQE1RyrV3SqexJ3RjxgsgdVoyG5MkH4MEZz5,2026-02-15,2026-02-15,-10.71,GBP,,,APPLE.COM/BILL REF:ICLOUD,debit
bonus_income,am8vBa9vYwgTqA43BPMLL7yBbeTMJ7bQhTS,EJQE1RyrV3SqexJ3RjxgsgdVoyG5MkH4MEZz5,2026-02-15,2026-02-15,672.22,GBP,,,BACS SALARY REF:WAGES,debit
bonus_income,n1dFrYTtLPtsiOnsd624MAE86PWtzjxUD0sR,EJQE1RyrV3SqexJ3RjxgsgdVoyG5MkH4MEZz5,2026-02-17,2026-02-17,-34.97,GBP,,,HEATHROW EXPRESS REF:TRAVEL,debit
bonus_income,4I8IipmO50fSlqPL2lVSID1u7a67h9DpLm4I,EJQE1RyrV3SqexJ3RjxgsgdVoyG5MkH4MEZz5,2026-02-18,2026-02-18,-294.5,GBP,,,SELFRIDGES & CO LONDON,debit
bonus_income,xHwqFEg8D04wzInjq5JzjuxZEOQpY7NEkXkS,EJQE1RyrV3SqexJ3RjxgsgdVoyG5MkH4MEZz5,2026-02-18,2026-02-18,-181.63,GBP,,,JOHN LEWIS PLC OXFORD ST,debit
bonus_income,l397G0eYdaiNejnCdN54OaGzbSHrFRA6l4Go,EJQE1RyrV3SqexJ3RjxgsgdVoyG5MkH4MEZz5,2026-02-19,2026-02-19,-223.09,GBP,,,SELFRIDGES & CO LONDON,debit
bonus_income,GYqyxzJ9oQ0O1VfxIdakEAWJ1fGcn13Dce53,EJQE1RyrV3SqexJ3RjxgsgdVoyG5MkH4MEZz5,2026-02-20,2026-02-20,-33.53,GBP,,,HEATHROW EXPRESS REF:TRAVEL,debit
bonus_income,Ol0amiYY5sIJ0PHxTXQeUvgoeLMK8uNWBoIx,EJQE1RyrV3SqexJ3RjxgsgdVoyG5MkH4MEZz5,2026-02-21,2026-02-21,-27.1,GBP,,,HEATHROW EXPRESS REF:TRAVEL,debit
bonus_income,89gmxU4TbxBS8UzvXQJfWgsJLrU8zyRVbGN,EJQE1RyrV3SqexJ3RjxgsgdVoyG5MkH4MEZz5,2026-02-22,2026-02-22,601.56,GBP,,,BACS PAYROLL PRIMARY-ACC REF:SALARY,debit
bonus_income,zUXPCBv6jVejaArFGNEVHrsbC0wFvNMgdGv,EJQE1RyrV3SqexJ3RjxgsgdVoyG5MkH4MEZz5,2026-02-22,2026-02-22,572.57,GBP,,,BACS SALARY REF:WAGES,debit
bonus_income,QOfMXSfjSNTtgatwqilBIzbvfLuxsyf348Jk,EJQE1RyrV3SqexJ3RjxgsgdVoyG5MkH4MEZz5,2026-02-27,2026-02-27,-230.39,GBP,,,BRITISH AIRWAYS REF:TKT-9921,debit
bonus_income,VB3GxoegZqhMRAwQmnAaIzADZKEvNRu9o1Xwg,EJQE1RyrV3SqexJ3RjxgsgdVoyG5MkH4MEZz5,2026-03-21,2026-03-21,500.0,GBP,,,BACS PAYROLL PRIMARY-ACC REF:SALARY,debit
bonus_income,wvP9ND75RqslroxjXQoRcyWwrp9AoLSP3wx5X,EJQE1RyrV3SqexJ3RjxgsgdVoyG5MkH4MEZz5,2026-03-21,2026-03-21,504.0,GBP,,,BACS SALARY REF:WAGES,debit
bonus_income,r3PNVWVg9MSkRVXJv3RetR54AMkpqlc77wXd9,DMXyaza1VkU9z47Ay5zJtwJnrapoV1C3oRL71,2026-03-22,2026-03-22,500.0,GBP,,,BACS PAYROLL PRIMARY-ACC REF:SALARY,debit
bonus_income,z7Loqwqa9WUaeQgl3keqiGWvMmwLo8UllaK3N,DMXyaza1VkU9z47Ay5zJtwJnrapoV1C3oRL71,2026-03-22,2026-03-22,504.0,GBP,,,BACS SALARY REF:WAGES,debit
bonus_income,5klGrzQVn5H847JNZk7VtWy3lAM4rgT5blAW1,EJQE1RyrV3SqexJ3RjxgsgdVoyG5MkH4MEZz5,2026-03-28,2026-03-28,500.0,GBP,,,BACS PAYROLL PRIMARY-ACC REF:SALARY,debit
bonus_income,JJpR8drbwVS3pP8k4MP6hqNvb56ERaTB13v9L,EJQE1RyrV3SqexJ3RjxgsgdVoyG5MkH4MEZz5,2026-03-28,2026-03-28,800.0,GBP,,,BACS PAYROLL PRIMARY-ACC REF:SALARY,debit
bonus_income,kvljGXKmMAsXWEG3ZeEmtLzno91vkMFLqneXV,EJQE1RyrV3SqexJ3RjxgsgdVoyG5MkH4MEZz5,2026-03-28,2026-03-28,461.0,GBP,,,BACS SALARY REF:WAGES,debit
bonus_income,3q5kgXgGdEIgA3nbvRABC1mWDaZqdoSZZJLmD,DMXyaza1VkU9z47Ay5zJtwJnrapoV1C3oRL71,2026-03-29,2026-03-29,800.0,GBP,,,BACS PAYROLL PRIMARY-ACC REF:SALARY,debit
bonus_income,BQXyxKxD9BIonD183EnBi8Vzojnmw4C44y1zo,DMXyaza1VkU9z47Ay5zJtwJnrapoV1C3oRL71,2026-03-29,2026-03-29,500.0,GBP,,,BACS PAYROLL PRIMARY-ACC REF:SALARY,debit
bonus_income,xPMkVWVg58Tr8Z5W1P8ws4glG5aNQEF66wZyE,DMXyaza1VkU9z47Ay5zJtwJnrapoV1C3oRL71,2026-03-29,2026-03-29,461.0,GBP,,,BACS SALARY REF:WAGES,debit
bonus_income,l6k5lgr1mAIWjEx3p9EqTzjQK4DyJ7upnQeky,EJQE1RyrV3SqexJ3RjxgsgdVoyG5MkH4MEZz5,2026-04-04,2026-04-04,500.0,GBP,,,BACS PAYROLL PRIMARY-ACC REF:SALARY,debit
bonus_income,qv3pB5djJAs9EwXMRNwbUvZ8wEGg7LugLG1ZE,EJQE1RyrV3SqexJ3RjxgsgdVoyG5MkH4MEZz5,2026-04-04,2026-04-04,559.0,GBP,,,BACS SALARY REF:WAGES,debit
bonus_income,aMDNVrVB9qUX6VoD9v6mHMjLR3XpbvIZZ4vkq,DMXyaza1VkU9z47Ay5zJtwJnrapoV1C3oRL71,2026-04-05,2026-04-05,559.0,GBP,,,BACS SALARY REF:WAGES,debit
bonus_income,dpb7V3VD8zUAZVbP3WZjCQ5KzkVva6HJJNqBW,DMXyaza1VkU9z47Ay5zJtwJnrapoV1C3oRL71,2026-04-05,2026-04-05,500.0,GBP,,,BACS PAYROLL PRIMARY-ACC REF:SALARY,debit
bonus_income,KJo9EwzVAPSxBjvRZ1jkSl3Rw6eVnXcRKqaL9,EJQE1RyrV3SqexJ3RjxgsgdVoyG5MkH4MEZz5,2026-04-11,2026-04-11,500.0,GBP,,,BACS PAYROLL PRIMARY-ACC REF:SALARY,debit
bonus_income,rvxy3Xa57wsKxEyBL7E9HWn4NQ93DBT7p4VnP,EJQE1RyrV3SqexJ3RjxgsgdVoyG5MkH4MEZz5,2026-04-11,2026-04-11,1316.0,GBP,,,BACS SALARY REF:WAGES,debit
bonus_income,4Kmy8k8aGWhVDX7AwEDjc5djV4NAn8UJJ5Klo,DMXyaza1VkU9z47Ay5zJtwJnrapoV1C3oRL71,2026-04-12,2026-04-12,500.0,GBP,,,BACS PAYROLL PRIMARY-ACC REF:SALARY,debit
bonus_income,NGXa1j17gZhQybVRA5yZCjPrVGAv6LCyyZzXG,DMXyaza1VkU9z47Ay5zJtwJnrapoV1C3oRL71,2026-04-12,2026-04-12,1316.0,GBP,,,BACS SALARY REF:WAGES,debit
bonus_income,BJjdQNn5LkSGmzAVe4zZIa3zZbxkWQh4XENQE,EJQE1RyrV3SqexJ3RjxgsgdVoyG5MkH4MEZz5,2026-04-18,2026-04-18,888.0,GBP,,,BACS SALARY REF:WAGES,debit
bonus_income,zvex7BZ5lzsEWbz9rXbDHZxv39dRyDClMr1za,EJQE1RyrV3SqexJ3RjxgsgdVoyG5MkH4MEZz5,2026-04-18,2026-04-18,500.0,GBP,,,BACS PAYROLL PRIMARY-ACC REF:SALARY,debit
broad_income_mix,GqdEtRS4sdgkSvMuKeR5ZTwFEJFQBE6rVmX,AM9BNWlrD1S1LEE43lL6HazMEQK9lyf9Mej8n,2025-11-01,2025-11-01,780.52,GBP,,,DWP PIP REF:XXXXX-DISABLE,debit
broad_income_mix,XWZNWhrwc22yCp6kHU4yWmVCNJzRzwg1qxE,AM9BNWlrD1S1LEE43lL6HazMEQK9lyf9Mej8n,2025-11-01,2025-11-01,1030.15,GBP,,,BACS PAYROLL PRIMARY-ACC REF:SALARY,debit
broad_income_mix,d50MFkAkeERGU3PFtXeZQutmuNDEvkzUbcS,AM9BNWlrD1S1LEE43lL6HazMEQK9lyf9Mej8n,2025-11-01,2025-11-01,5.59,GBP,,,INT PAY REF:ANNUAL SUMMARY,debit
broad_income_mix,qy97hmn2KYCAMatsbfTgCFcHRqPnE6F8rmL,AM9BNWlrD1S1LEE43lL6HazMEQK9lyf9Mej8n,2025-11-01,2025-11-01,831.94,GBP,,,DWP UC REF:XXXXXX773X,debit
broad_income_mix,xisEdAAEeppMKmgs6uMXuuY18it6mt78sREJ,AM9BNWlrD1S1LEE43lL6HazMEQK9lyf9Mej8n,2025-11-01,2025-11-01,-133.39,GBP,,,D/D COUNCIL TAX BRISTOL,debit
broad_income_mix,pxYyhIKHQI7CRBsQYXzENpOSWe9DyF5QHXw3,AM9BNWlrD1S1LEE43lL6HazMEQK9lyf9Mej8n,2025-11-03,2025-11-03,-44.42,GBP,,,D/D THAMES WATER REF:XXXXX-H2O,debit
broad_income_mix,HNfVOwOc8QyU7AaqFGJJByVKFvbgz7h6itCm,AM9BNWlrD1S1LEE43lL6HazMEQK9lyf9Mej8n,2025-11-05,2025-11-05,-79.78,GBP,,,D/D BRITISH GAS REF:XXXXX-GAS,debit
broad_income_mix,QeuVCcRUP8ZGuTT93gBR35ty2TwQ9ETCT23,AM9BNWlrD1S1LEE43lL6HazMEQK9lyf9Mej8n,2025-11-05,2025-11-05,736.13,GBP,,,DWP SP PENSION REF:XXXXX992,debit
broad_income_mix,bVsrHkCUVIhhWZwZcSH9gZUs9BvYB9WoYKvS,AM9BNWlrD1S1LEE43lL6HazMEQK9lyf9Mej8n,2025-11-06,2025-11-06,-49.64,GBP,,,ARGOS LTD LONDON,debit
broad_income_mix,kimmdvrHuRrq19Qf7W491h1pSZVPEJqzCN2f,AM9BNWlrD1S1LEE43lL6HazMEQK9lyf9Mej8n,2025-11-06,2025-11-06,-21.78,GBP,,,BOOTS THE CHEMIST NOTTINGHAM,debit
broad_income_mix,uCq1GNLLKv0MYRsMfihslQFzixlNQO9IEitB,AM9BNWlrD1S1LEE43lL6HazMEQK9lyf9Mej8n,2025-11-07,2025-11-07,-10.54,GBP,,,AMAZON PRIME DES:MEMBERSHIP,debit
broad_income_mix,DDBRtsYh0OPk9pkjI7ozlNAbMmKyRmUYdg2l,AM9BNWlrD1S1LEE43lL6HazMEQK9lyf9Mej8n,2025-11-08,2025-11-08,-27.18,GBP,,,D/D O2 MOBILE REF:XXXXX-99,debit
broad_income_mix,FnEK2JY23dxxFEjSWnTm6tk6kkdkuafzdTq,AM9BNWlrD1S1LEE43lL6HazMEQK9lyf9Mej8n,2025-11-08,2025-11-08,1462.18,GBP,,,AIRBNB PAYMENTS GB REF:INV-901,debit
broad_income_mix,JDKwyswMH6kNXMucj0Pk9jrZcdxb5ztfrcG,AM9BNWlrD1S1LEE43lL6HazMEQK9lyf9Mej8n,2025-11-08,2025-11-08,494.53,GBP,,,DWP JSA REF:XXXXX-JSA01,debit
broad_income_mix,dTkKWVZyeQ8hYCwe7Jzw7k9rUMkRCybZZX9,AM9BNWlrD1S1LEE43lL6HazMEQK9lyf9Mej8n,2025-11-08,2025-11-08,121.68,GBP,,,HMRC CHB REF:CHB12345678,debit
broad_income_mix,EbcGvVMrmRsKTx1NHPnUzGV6Yu4UUyyyW0p,AM9BNWlrD1S1LEE43lL6HazMEQK9lyf9Mej8n,2025-11-10,2025-11-10,139.06,GBP,,,DELIVEROO COURIER EARNINGS,debit
broad_income_mix,UR2CEK10f8NR0Xy8ZEurHi0W3VcMZb5jC9A9,AM9BNWlrD1S1LEE43lL6HazMEQK9lyf9Mej8n,2025-11-12,2025-11-12,-32.67,GBP,,,ARGOS LTD LONDON,debit
broad_income_mix,2s22fwfPOdMTUAffneKGBavh1RDofXgwsxY2,AM9BNWlrD1S1LEE43lL6HazMEQK9lyf9Mej8n,2025-11-13,2025-11-13,-13.94,GBP,,,SAINSBURYS S/MKT LONDON SE1,debit
broad_income_mix,eILkvnU5MBn3ihTvAXpNpLSr6b02mLlyOWXo,AM9BNWlrD1S1LEE43lL6HazMEQK9lyf9Mej8n,2025-11-14,2025-11-14,-39.51,GBP,,,SAINSBURYS S/MKT LONDON SE1,debit
broad_income_mix,PZpy26Qj1dgyH30zJFj2QBRdNJCHPRJ3xC1,AM9BNWlrD1S1LEE43lL6HazMEQK9lyf9Mej8n,2025-11-15,2025-11-15,1019.8,GBP,,,BACS PAYROLL PRIMARY-ACC REF:SALARY,debit
broad_income_mix,cfNfCBcSYXvbtMqr20WGU3aJSaJt4mhAbkJ,AM9BNWlrD1S1LEE43lL6HazMEQK9lyf9Mej8n,2025-11-15,2025-11-15,802.26,GBP,,,DWP UC REF:XXXXXX773X,debit
broad_income_mix,gEKG895i1JwQV7VbeqcdWFMFzRfHMrtFmYHy,AM9BNWlrD1S1LEE43lL6HazMEQK9lyf9Mej8n,2025-11-15,2025-11-15,-11.44,GBP,,,BOOTS THE CHEMIST NOTTINGHAM,debit
broad_income_mix,tB7op5hLdPOkaiaEvGYqxU2Th3uAGq8MEFd1,AM9BNWlrD1S1LEE43lL6HazMEQK9lyf9Mej8n,2025-11-15,2025-11-15,-37.74,GBP,,,SAINSBURYS S/MKT LONDON SE1,debit
broad_income_mix,wpgJSoFc1pDxj51I4TAtzSqexF3lX87eCr0u,AM9BNWlrD1S1LEE43lL6HazMEQK9lyf9Mej8n,2025-11-17,2025-11-17,-65.76,GBP,,,SAINSBURYS S/MKT LONDON SE1,debit
broad_income_mix,CwsWTpw89WTHXj5bHNQauVxTtm8A78irco0z,AM9BNWlrD1S1LEE43lL6HazMEQK9lyf9Mej8n,2025-11-20,2025-11-20,-27.91,GBP,,,ARGOS LTD LONDON,debit
broad_income_mix,CUKFNyKdPis05yZuCo6iVggBthwVCC0fYsRL,AM9BNWlrD1S1LEE43lL6HazMEQK9lyf9Mej8n,2025-11-22,2025-11-22,-15.67,GBP,,,SAINSBURYS S/MKT LONDON SE1,debit
broad_income_mix,ZMkuE6f7FqVk8Zj1PzhR5Qa7FDXxkeaz46Y,AM9BNWlrD1S1LEE43lL6HazMEQK9lyf9Mej8n,2025-11-22,2025-11-22,511.22,GBP,,,DWP JSA REF:XXXXX-JSA01,debit
broad_income_mix,G05pC78a7E190gVru4yaVjHM9bs5L5f2JPP,AM9BNWlrD1S1LEE43lL6HazMEQK9lyf9Mej8n,2025-11-25,2025-11-25,136.96,GBP,,,DELIVEROO COURIER EARNINGS,debit
broad_income_mix,T402nPM4HEaxuaLKrzzewDPetPtvk36mkzd,AM9BNWlrD1S1LEE43lL6HazMEQK9lyf9Mej8n,2025-11-25,2025-11-25,119.21,GBP,,,HMRC CHB REF:CHB12345678,debit
broad_income_mix,ZufpwFPq9bzCUpCXiaZ8iZxNNKqYbd3Bh4Zu,AM9BNWlrD1S1LEE43lL6HazMEQK9lyf9Mej8n,2025-11-26,2025-11-26,-29.73,GBP,,,SAINSBURYS S/MKT LONDON SE1,debit
broad_income_mix,6d5ASExAv4rBjMMOE2DfxzNXp9HbxSDWvJtq,AM9BNWlrD1S1LEE43lL6HazMEQK9lyf9Mej8n,2025-11-29,2025-11-29,-30.5,GBP,,,SAINSBURYS S/MKT LONDON SE1,debit
broad_income_mix,7Ta4xCcpx9a5vT5Qcq97ZyZr9Y4QpBnwu2U,AM9BNWlrD1S1LEE43lL6HazMEQK9lyf9Mej8n,2025-12-01,2025-12-01,5.77,GBP,,,INT PAY REF:ANNUAL SUMMARY,debit
broad_income_mix,8HXbSR7Lb0afDTTXQWFamDPu5wyVafDvdse,AM9BNWlrD1S1LEE43lL6HazMEQK9lyf9Mej8n,2025-12-01,2025-12-01,986.31,GBP,,,BACS PAYROLL PRIMARY-ACC REF:SALARY,debit
broad_income_mix,Wum4dwJbakZUve2JgGRb00gJX8jXVgfHtJK,AM9BNWlrD1S1LEE43lL6HazMEQK9lyf9Mej8n,2025-12-01,2025-12-01,746.01,GBP,,,DWP PIP REF:XXXXX-DISABLE,debit
broad_income_mix,bLbYrYDwKojpoHXTV6J8y59kotTwKRvJi6ZY,AM9BNWlrD1S1LEE43lL6HazMEQK9lyf9Mej8n,2025-12-01,2025-12-01,-133.17,GBP,,,D/D COUNCIL TAX BRISTOL,debit
broad_income_mix,pkcF51J8pj3wpC0twPzFem1wY7aNbJUcSf1,AM9BNWlrD1S1LEE43lL6HazMEQK9lyf9Mej8n,2025-12-01,2025-12-01,817.44,GBP,,,DWP UC REF:XXXXXX773X,debit
broad_income_mix,ZMDgmN8DhWD3qNyxxlcBqZIjRfPYzUodyG7Q,AM9BNWlrD1S1LEE43lL6HazMEQK9lyf9Mej8n,2025-12-02,2025-12-02,-37.6,GBP,,,SAINSBURYS S/MKT LONDON SE1,debit
broad_income_mix,8HkcdLbDuMXvlX1djRigGweRPKuu8TBNEtRI,AM9BNWlrD1S1LEE43lL6HazMEQK9lyf9Mej8n,2025-12-03,2025-12-03,-46.14,GBP,,,D/D THAMES WATER REF:XXXXX-H2O,debit
broad_income_mix,3MwPYxTslaRJ0VJltYLNgEuevtN7YPTuanQv,AM9BNWlrD1S1LEE43lL6HazMEQK9lyf9Mej8n,2025-12-05,2025-12-05,-87.44,GBP,,,D/D BRITISH GAS REF:XXXXX-GAS,debit
broad_income_mix,Josy0cJGJ8j6B6knlceQmYjKtTYfII1G4aRK,AM9BNWlrD1S1LEE43lL6HazMEQK9lyf9Mej8n,2025-12-05,2025-12-05,-29.42,GBP,,,BOOTS THE CHEMIST NOTTINGHAM,debit
broad_income_mix,TZ5VemsRjfGaQFrpuaYfhzREa4t6gZMrGrr,AM9BNWlrD1S1LEE43lL6HazMEQK9lyf9Mej8n,2025-12-05,2025-12-05,709.24,GBP,,,DWP SP PENSION REF:XXXXX992,debit
broad_income_mix,gjJK7ggWW122qOJDkyMQyy2QdDqxuXt01Q8o,AM9BNWlrD1S1LEE43lL6HazMEQK9lyf9Mej8n,2025-12-06,2025-12-06,-10.01,GBP,,,BOOTS THE CHEMIST NOTTINGHAM,debit
broad_income_mix,8BZqzOlnZTV1YFjtFi02blZZpC4RqZFNhbxK,AM9BNWlrD1S1LEE43lL6HazMEQK9lyf9Mej8n,2025-12-07,2025-12-07,-13.43,GBP,,,SAINSBURYS S/MKT LONDON SE1,debit
broad_income_mix,7DIvZqZfbd0WnnnmOF17QDikXnL6SRr30Cns,AM9BNWlrD1S1LEE43lL6HazMEQK9lyf9Mej8n,2025-12-08,2025-12-08,-17.67,GBP,,,SAINSBURYS S/MKT LONDON SE1,debit
broad_income_mix,WScBAkz2vxZWJVnBXcbqgv3je68u93RAOLAd,AM9BNWlrD1S1LEE43lL6HazMEQK9lyf9Mej8n,2025-12-08,2025-12-08,-25.97,GBP,,,D/D O2 MOBILE REF:XXXXX-99,debit
broad_income_mix,b054v9WzmrN2z5DAkbsUsadfjbQTxcmbLKC,AM9BNWlrD1S1LEE43lL6HazMEQK9lyf9Mej8n,2025-12-08,2025-12-08,1525.33,GBP,,,AIRBNB PAYMENTS GB REF:INV-901,debit
broad_income_mix,cLnz4Wa3BMQ7p3PP7h89LsbMWzDGBa98CsA,AM9BNWlrD1S1LEE43lL6HazMEQK9lyf9Mej8n,2025-12-08,2025-12-08,509.92,GBP,,,DWP JSA REF:XXXXX-JSA01,debit
broad_income_mix,qnyfX0ExnurRFYjUqbB79j8YWJNGqnkUaeD,AM9BNWlrD1S1LEE43lL6HazMEQK9lyf9Mej8n,2025-12-08,2025-12-08,115.8,GBP,,,HMRC CHB REF:CHB12345678,debit
broad_income_mix,ZygFP0xOLsgd9N1qS3sjV3XXLOQSO9qzycRJ,AM9BNWlrD1S1LEE43lL6HazMEQK9lyf9Mej8n,2025-12-09,2025-12-09,-61.12,GBP,,,ARGOS LTD LONDON,debit
broad_income_mix,vSQND6wskOIsDTSI463Onn2A2xKChdNJMDmh,AM9BNWlrD1S1LEE43lL6HazMEQK9lyf9Mej8n,2025-12-09,2025-12-09,-41.1,GBP,,,SAINSBURYS S/MKT LONDON SE1,debit
broad_income_mix,UnDw6bDMX40JLKhUBHThwuEYsEAX8bvY2tb,AM9BNWlrD1S1LEE43lL6HazMEQK9lyf9Mej8n,2025-12-10,2025-12-10,873.58,GBP,,,HMRC TAX REFUND REF:P60-XXXXX,debit
broad_income_mix,p57mPXEF7bN2EmEA4yA4ePHhbHxyVkvPZph,AM9BNWlrD1S1LEE43lL6HazMEQK9lyf9Mej8n,2025-12-10,2025-12-10,136.0,GBP,,,DELIVEROO COURIER EARNINGS,debit
broad_income_mix,Gz1j9v939i1lfu9tdCmVJjWWiAAADaHT63UG,AM9BNWlrD1S1LEE43lL6HazMEQK9lyf9Mej8n,2025-12-12,2025-12-12,-9.84,GBP,,,BOOTS THE CHEMIST NOTTINGHAM,debit
broad_income_mix,PMpQvhxKkZssTKu39v3wl64zoTiTKkwOc2pH,AM9BNWlrD1S1LEE43lL6HazMEQK9lyf9Mej8n,2025-12-14,2025-12-14,-43.57,GBP,,,SAINSBURYS S/MKT LONDON SE1,debit
broad_income_mix,CpGx5wBsxgga5sWnbx6vSNp61JtSNgse867,AM9BNWlrD1S1LEE43lL6HazMEQK9lyf9Mej8n,2025-12-15,2025-12-15,849.63,GBP,,,DWP UC REF:XXXXXX773X,debit
broad_income_mix,HKTZ2apQeun7JbZCsX7BjheVGfeze2ygg7B,AM9BNWlrD1S1LEE43lL6HazMEQK9lyf9Mej8n,2025-12-15,2025-12-15,1013.26,GBP,,,BACS PAYROLL PRIMARY-ACC REF:SALARY,debit
broad_income_mix,KcgZchBhpRmQaAgGMRz3FMrWELWZ8wzjH4QD,AM9BNWlrD1S1LEE43lL6HazMEQK9lyf9Mej8n,2025-12-18,2025-12-18,-21.6,GBP,,,SAINSBURYS S/MKT LONDON SE1,debit
broad_income_mix,aP4ZPjfFSgpo9sCgkcsXtTfVc0PkwBM2fYly,AM9BNWlrD1S1LEE43lL6HazMEQK9lyf9Mej8n,2025-12-22,2025-12-22,-55.87,GBP,,,SAINSBURYS S/MKT LONDON SE1,debit
broad_income_mix,k8rMeAveqYLxu0S8UVxqshc7zEaBxWm3Ksp,AM9BNWlrD1S1LEE43lL6HazMEQK9lyf9Mej8n,2025-12-22,2025-12-22,487.93,GBP,,,DWP JSA REF:XXXXX-JSA01,debit
broad_income_mix,GQMATDPNjZ3Ma5FDEkUturFIxYeBJfEt8Ubz,AM9BNWlrD1S1LEE43lL6HazMEQK9lyf9Mej8n,2025-12-23,2025-12-23,-36.0,GBP,,,SAINSBURYS S/MKT LONDON SE1,debit
broad_income_mix,qx0XOXhRd6jzKXQlxwbQZ8i5hzcqtRQVJJ8P,AM9BNWlrD1S1LEE43lL6HazMEQK9lyf9Mej8n,2025-12-23,2025-12-23,-18.38,GBP,,,BOOTS THE CHEMIST NOTTINGHAM,debit
broad_income_mix,Mj0zBWzdNRw1VpzpJLFvxtZFHyFb95KPB9k,AM9BNWlrD1S1LEE43lL6HazMEQK9lyf9Mej8n,2025-12-25,2025-12-25,120.71,GBP,,,HMRC CHB REF:CHB12345678,debit
broad_income_mix,wQ2kLQhmj4aJ8mFdy2s2nSd3HH3b8KKbMFa,AM9BNWlrD1S1LEE43lL6HazMEQK9lyf9Mej8n,2025-12-25,2025-12-25,140.12,GBP,,,DELIVEROO COURIER EARNINGS,debit
broad_income_mix,IafLMsFmP6wdnCIMDOShVnvZ7sGRckiSSgLl,AM9BNWlrD1S1LEE43lL6HazMEQK9lyf9Mej8n,2025-12-27,2025-12-27,-31.0,GBP,,,SAINSBURYS S/MKT LONDON SE1,debit
broad_income_mix,3DarG72Cqa6kGt8WHJjq3FEWugd2EUr0ZqK,AM9BNWlrD1S1LEE43lL6HazMEQK9lyf9Mej8n,2026-01-01,2026-01-01,759.68,GBP,,,DWP PIP REF:XXXXX-DISABLE,debit
broad_income_mix,5yCWSgz5ZKVBO7iEGd50DF5kJThyL2Fx84Vq,AM9BNWlrD1S1LEE43lL6HazMEQK9lyf9Mej8n,2026-01-01,2026-01-01,-132.06,GBP,,,D/D COUNCIL TAX BRISTOL,debit
broad_income_mix,UP6fBehN1wvS4su21hkFwHBfr3EfqV97aud,AM9BNWlrD1S1LEE43lL6HazMEQK9lyf9Mej8n,2026-01-01,2026-01-01,833.84,GBP,,,DWP UC REF:XXXXXX773X,debit
broad_income_mix,aaX9CsHR1mhf2nG8eB1qGqDg2LE5uYy9Q47,AM9BNWlrD1S1LEE43lL6HazMEQK9lyf9Mej8n,2026-01-01,2026-01-01,978.15,GBP,,,BACS PAYROLL PRIMARY-ACC REF:SALARY,debit
broad_income_mix,dEtT0Pw0F622V5pjNmqYsF8kNY1s4fkJ46E,AM9BNWlrD1S1LEE43lL6HazMEQK9lyf9Mej8n,2026-01-01,2026-01-01,5.83,GBP,,,INT PAY REF:ANNUAL SUMMARY,debit
broad_income_mix,78CizRUsR1S6NmMsvP8O7FRthvDJPzU0r0YG,AM9BNWlrD1S1LEE43lL6HazMEQK9lyf9Mej8n,2026-01-03,2026-01-03,-42.24,GBP,,,D/D THAMES WATER REF:XXXXX-H2O,debit
broad_income_mix,R9Cv4mkzcjC5yXTuWVGHjHUDzhTpYFRjq92,AM9BNWlrD1S1LEE43lL6HazMEQK9lyf9Mej8n,2026-01-05,2026-01-05,724.02,GBP,,,DWP SP PENSION REF:XXXXX992,debit
broad_income_mix,Z8aPB4MM7Qt46xHr4YxXBc3lF6k7HaePV1Ag,AM9BNWlrD1S1LEE43lL6HazMEQK9lyf9Mej8n,2026-01-05,2026-01-05,-77.41,GBP,,,ARGOS LTD LONDON,debit
broad_income_mix,bjPmUjrp0QsUcYg1T1UIoWXrP5y78tIapMW1,AM9BNWlrD1S1LEE43lL6HazMEQK9lyf9Mej8n,2026-01-05,2026-01-05,-63.07,GBP,,,D/D BRITISH GAS REF:XXXXX-GAS,debit
broad_income_mix,Cbwfnsju0vg1hZUcjyFzm6KpeLLbzyZVkWB,AM9BNWlrD1S1LEE43lL6HazMEQK9lyf9Mej8n,2026-01-08,2026-01-08,1424.3,GBP,,,AIRBNB PAYMENTS GB REF:INV-901,debit
broad_income_mix,Z4ROUHLW7slQlkFxAIiKpuSjjud5MPEJwWtn,AM9BNWlrD1S1LEE43lL6HazMEQK9lyf9Mej8n,2026-01-08,2026-01-08,-19.42,GBP,,,D/D O2 MOBILE REF:XXXXX-99,debit
broad_income_mix,hmcQy7r1Hz6QG93wV2PN9S6vG5uXLbJV4qh,AM9BNWlrD1S1LEE43lL6HazMEQK9lyf9Mej8n,2026-01-08,2026-01-08,511.33,GBP,,,DWP JSA REF:XXXXX-JSA01,debit
broad_income_mix,pgkcEcQdaKyDM8K62JDfS3zxCvLWFVKuQrW,AM9BNWlrD1S1LEE43lL6HazMEQK9lyf9Mej8n,2026-01-08,2026-01-08,116.81,GBP,,,HMRC CHB REF:CHB12345678,debit
broad_income_mix,Z2TAYeQbScelpeY4zBztyhaSdUc0wFrQLr5x,AM9BNWlrD1S1LEE43lL6HazMEQK9lyf9Mej8n,2026-01-10,2026-01-10,-73.78,GBP,,,ARGOS LTD LONDON,debit
broad_income_mix,f2e17WaKEFvvxPNxvxqnPKM5rxxv8wBfATx,AM9BNWlrD1S1LEE43lL6HazMEQK9lyf9Mej8n,2026-01-10,2026-01-10,148.27,GBP,,,DELIVEROO COURIER EARNINGS,debit
broad_income_mix,CIsegSEuhOgM3tBMsKJwtAapnTB0iT2CwsIk,AM9BNWlrD1S1LEE43lL6HazMEQK9lyf9Mej8n,2026-01-11,2026-01-11,-30.08,GBP,,,ARGOS LTD LONDON,debit
broad_income_mix,DHiyXH7iP4XTx6IIhaKH6sU4vzOFjnZmlX00,AM9BNWlrD1S1LEE43lL6HazMEQK9lyf9Mej8n,2026-01-11,2026-01-11,-56.08,GBP,,,SAINSBURYS S/MKT LONDON SE1,debit
broad_income_mix,frZ3mTMT30NYJVncq3HOjy3K1iFfwao78QUi,AM9BNWlrD1S1LEE43lL6HazMEQK9lyf9Mej8n,2026-01-13,2026-01-13,-77.9,GBP,,,ARGOS LTD LONDON,debit
broad_income_mix,frjdEjq7FgR4ZFEFYB5GwVPdSv7CSuNyafh,AM9BNWlrD1S1LEE43lL6HazMEQK9lyf9Mej8n,2026-01-15,2026-01-15,1037.74,GBP,,,BACS PAYROLL PRIMARY-ACC REF:SALARY,debit
broad_income_mix,l6O7TDwnEdwcm4wDCc8uRGZZqHkOwOZGx4Gv,AM9BNWlrD1S1LEE43lL6HazMEQK9lyf9Mej8n,2026-01-15,2026-01-15,-61.06,GBP,,,SAINSBURYS S/MKT LONDON SE1,debit
broad_income_mix,pqGpQfVAA28DVNS6h9KVN0fRHFgXanDVksK,AM9BNWlrD1S1LEE43lL6HazMEQK9lyf9Mej8n,2026-01-15,2026-01-15,809.23,GBP,,,DWP UC REF:XXXXXX773X,debit
broad_income_mix,6nLDDnziKVMFkQ5KexibG4QZLl3L2GUfO3Ha,AM9BNWlrD1S1LEE43lL6HazMEQK9lyf9Mej8n,2026-01-17,2026-01-17,-40.31,GBP,,,SAINSBURYS S/MKT LONDON SE1,debit
broad_income_mix,EDLFikeNnlwShoYSDDnjZbcJjNcJdql7LIbS,AM9BNWlrD1S1LEE43lL6HazMEQK9lyf9Mej8n,2026-01-17,2026-01-17,-57.16,GBP,,,SAINSBURYS S/MKT LONDON SE1,debit
broad_income_mix,GwcGoXWxKTVRgiDo1r2zlRWJhaOQtwjOp1Aw,AM9BNWlrD1S1LEE43lL6HazMEQK9lyf9Mej8n,2026-01-20,2026-01-20,-13.17,GBP,,,BOOTS THE CHEMIST NOTTINGHAM,debit
broad_income_mix,9ymIIlID9JWyi1hoW6gFWXMQdyNXZDLfqwLS,AM9BNWlrD1S1LEE43lL6HazMEQK9lyf9Mej8n,2026-01-21,2026-01-21,-18.07,GBP,,,SAINSBURYS S/MKT LONDON SE1,debit
broad_income_mix,TsCXhh3yexXct9TRYKmQ13CfXryWcUkNJfb,AM9BNWlrD1S1LEE43lL6HazMEQK9lyf9Mej8n,2026-01-22,2026-01-22,496.93,GBP,,,DWP JSA REF:XXXXX-JSA01,debit
broad_income_mix,8L2ZUCLKj8tyRSLM0kfqTZhUSUMTBLb8A3j,AM9BNWlrD1S1LEE43lL6HazMEQK9lyf9Mej8n,2026-01-25,2026-01-25,136.66,GBP,,,DELIVEROO COURIER EARNINGS,debit
broad_income_mix,A7Ddyn8F1PhVuHHLJq2884uepM9gJc5HEf0,AM9BNWlrD1S1LEE43lL6HazMEQK9lyf9Mej8n,2026-01-25,2026-01-25,120.71,GBP,,,HMRC CHB REF:CHB12345678,debit
broad_income_mix,MGSL6YNBmOXrcLFokcoaj9WvyKGTefrZ4v7r,AM9BNWlrD1S1LEE43lL6HazMEQK9lyf9Mej8n,2026-01-25,2026-01-25,-32.08,GBP,,,BOOTS THE CHEMIST NOTTINGHAM,debit
broad_income_mix,7CzakFIFvhFpHXpBxDpvWQ31DpxWnRXzvHRq,AM9BNWlrD1S1LEE43lL6HazMEQK9lyf9Mej8n,2026-01-28,2026-01-28,-42.99,GBP,,,ARGOS LTD LONDON,debit
broad_income_mix,fPYe5Dv3q6Q4EmT2mmpMjg5PPMVHcDME931E,AM9BNWlrD1S1LEE43lL6HazMEQK9lyf9Mej8n,2026-01-30,2026-01-30,-24.75,GBP,,,SAINSBURYS S/MKT LONDON SE1,debit
broad_income_mix,94rnJdXDHFyQk8RCQanKuLqIoDMwEnRx0rli,AM9BNWlrD1S1LEE43lL6HazMEQK9lyf9Mej8n,2026-02-01,2026-02-01,-120.71,GBP,,,D/D COUNCIL TAX BRISTOL,debit
broad_income_mix,SYMjPT3sVehUMWC3bnzcvXBaKb7W55ML9fd,AM9BNWlrD1S1LEE43lL6HazMEQK9lyf9Mej8n,2026-02-01,2026-02-01,717.75,GBP,,,DWP PIP REF:XXXXX-DISABLE,debit
broad_income_mix,pkwfvdmcRKYWD4Q3UxRbGRNvBQDz5Du6W5B,AM9BNWlrD1S1LEE43lL6HazMEQK9lyf9Mej8n,2026-02-01,2026-02-01,843.8,GBP,,,DWP UC REF:XXXXXX773X,debit
broad_income_mix,ufR4gVbwd8FubJGZ5KFN4BdvMvGqtkMZLYZ,AM9BNWlrD1S1LEE43lL6HazMEQK9lyf9Mej8n,2026-02-01,2026-02-01,975.36,GBP,,,BACS PAYROLL PRIMARY-ACC REF:SALARY,debit
broad_income_mix,vbhrBR3UcmkQC8hFCSpwfQxcBXguHaxvgk7,AM9BNWlrD1S1LEE43lL6HazMEQK9lyf9Mej8n,2026-02-01,2026-02-01,4.83,GBP,,,INT PAY REF:ANNUAL SUMMARY,debit
broad_income_mix,JogqoAxj7jXkE90GSWsIJyQdYDNBuwI5pbh1,AM9BNWlrD1S1LEE43lL6HazMEQK9lyf9Mej8n,2026-02-03,2026-02-03,-46.58,GBP,,,D/D THAMES WATER REF:XXXXX-H2O,debit
broad_income_mix,saY0vDa56DaAsoaxzIykTyxqAoV4YQrUYz0l,AM9BNWlrD1S1LEE43lL6HazMEQK9lyf9Mej8n,2026-02-03,2026-02-03,-59.79,GBP,,,SAINSBURYS S/MKT LONDON SE1,debit
broad_income_mix,61pfTuvGucwMLtGetm6DagLvxj2MkDF4EtG,AM9BNWlrD1S1LEE43lL6HazMEQK9lyf9Mej8n,2026-02-05,2026-02-05,705.1,GBP,,,DWP SP PENSION REF:XXXXX992,debit
broad_income_mix,7mJOkWwPET3xrNikYuNJ0ekotsqNqB1wK7zl,AM9BNWlrD1S1LEE43lL6HazMEQK9lyf9Mej8n,2026-02-05,2026-02-05,-66.19,GBP,,,D/D BRITISH GAS REF:XXXXX-GAS,debit
broad_income_mix,gCCREtj8b8rhBafanAWExRbeUjqyHl3pxa8S,AM9BNWlrD1S1LEE43lL6HazMEQK9lyf9Mej8n,2026-02-07,2026-02-07,-57.33,GBP,,,SAINSBURYS S/MKT LONDON SE1,debit
broad_income_mix,6AAbdNKKS3cCXBWNbBrUfT3dvPzwqxGz5Eq,AM9BNWlrD1S1LEE43lL6HazMEQK9lyf9Mej8n,2026-02-08,2026-02-08,115.79,GBP,,,HMRC CHB REF:CHB12345678,debit
broad_income_mix,Ry7EHAyVXPusQHNEUjpPR75vTU0EtmQaG7x,AM9BNWlrD1S1LEE43lL6HazMEQK9lyf9Mej8n,2026-02-08,2026-02-08,1448.04,GBP,,,AIRBNB PAYMENTS GB REF:INV-901,debit
broad_income_mix,bTP6Rekgd2IbyVfqjO2tprMiZbP1uD8HqB8R,AM9BNWlrD1S1LEE43lL6HazMEQK9lyf9Mej8n,2026-02-08,2026-02-08,-28.28,GBP,,,D/D O2 MOBILE REF:XXXXX-99,debit
broad_income_mix,s5jB25AzYKGu9KBGKkDcqbWNX3QdxvWhet6,AM9BNWlrD1S1LEE43lL6HazMEQK9lyf9Mej8n,2026-02-08,2026-02-08,517.41,GBP,,,DWP JSA REF:XXXXX-JSA01,debit
broad_income_mix,VBTcCVG8DQtuNc6GpNm31nhNukrhWacWDKxf,AM9BNWlrD1S1LEE43lL6HazMEQK9lyf9Mej8n,2026-02-09,2026-02-09,-17.96,GBP,,,BOOTS THE CHEMIST NOTTINGHAM,debit
broad_income_mix,L3QaNydAjztPmz9PDjvmeR18XB8qB44HxQt,AM9BNWlrD1S1LEE43lL6HazMEQK9lyf9Mej8n,2026-02-10,2026-02-10,154.36,GBP,,,DELIVEROO COURIER EARNINGS,debit
broad_income_mix,EQu8VdwjHgEtINv3TbxSpcRIHEJHuD1L1jGB,AM9BNWlrD1S1LEE43lL6HazMEQK9lyf9Mej8n,2026-02-12,2026-02-12,-51.52,GBP,,,SAINSBURYS S/MKT LONDON SE1,debit
broad_income_mix,HCWFT2MwMtd7YlQVjrztfOc6lbglbNyEMKdn,AM9BNWlrD1S1LEE43lL6HazMEQK9lyf9Mej8n,2026-02-13,2026-02-13,-48.8,GBP,,,SAINSBURYS S/MKT LONDON SE1,debit
broad_income_mix,a5O5ZDNwU3YXdMGTZenGgoxlOJ6IIUVJPRAg,AM9BNWlrD1S1LEE43lL6HazMEQK9lyf9Mej8n,2026-02-13,2026-02-13,-52.94,GBP,,,SAINSBURYS S/MKT LONDON SE1,debit
broad_income_mix,IFOHL53I90zNZuoHxIUwC7acrbi3a9ntV6Y4,AM9BNWlrD1S1LEE43lL6HazMEQK9lyf9Mej8n,2026-02-14,2026-02-14,-17.32,GBP,,,SAINSBURYS S/MKT LONDON SE1,debit
broad_income_mix,GFBnTsS6jzUWPcKF3znhqrup6xB3p1Xnh55,AM9BNWlrD1S1LEE43lL6HazMEQK9lyf9Mej8n,2026-02-15,2026-02-15,832.01,GBP,,,DWP UC REF:XXXXXX773X,debit
broad_income_mix,I5jcwiwKoYfy4TSXkZQJ4KsTJedVvYz11oOL,AM9BNWlrD1S1LEE43lL6HazMEQK9lyf9Mej8n,2026-02-15,2026-02-15,-40.27,GBP,,,ARGOS LTD LONDON,debit
broad_income_mix,anzHKLwyHhj26STeyBkUAFvSQFkMbqTfu7N,AM9BNWlrD1S1LEE43lL6HazMEQK9lyf9Mej8n,2026-02-15,2026-02-15,1020.56,GBP,,,BACS PAYROLL PRIMARY-ACC REF:SALARY,debit
broad_income_mix,NNdGtJuRjP98UJfAWjuDUHqyARVDmyJI9Gpq,AM9BNWlrD1S1LEE43lL6HazMEQK9lyf9Mej8n,2026-02-17,2026-02-17,-14.62,GBP,,,SAINSBURYS S/MKT LONDON SE1,debit
broad_income_mix,u5fPAvtKbs9M9BjcYmxU0gd651YaRgBbmHmG,AM9BNWlrD1S1LEE43lL6HazMEQK9lyf9Mej8n,2026-02-18,2026-02-18,-19.82,GBP,,,BOOTS THE CHEMIST NOTTINGHAM,debit
broad_income_mix,IM9RPx4GpdmRqC6eOP4wgs2x8FS4ELfm7ISc,AM9BNWlrD1S1LEE43lL6HazMEQK9lyf9Mej8n,2026-02-21,2026-02-21,-32.78,GBP,,,SAINSBURYS S/MKT LONDON SE1,debit
broad_income_mix,neJvsGnpqsLZBPJNrQkaqpf7NzcbcdZqJTT,AM9BNWlrD1S1LEE43lL6HazMEQK9lyf9Mej8n,2026-02-22,2026-02-22,509.13,GBP,,,DWP JSA REF:XXXXX-JSA01,debit
broad_income_mix,Hfk8pXQJy0VukeBuCEaQ8LL6kUAbuG4quAe,AM9BNWlrD1S1LEE43lL6HazMEQK9lyf9Mej8n,2026-02-25,2026-02-25,135.03,GBP,,,DELIVEROO COURIER EARNINGS,debit
broad_income_mix,j9EwnZsLtCfQ94EjpXEALvvfjqZSVCcUy1L,AM9BNWlrD1S1LEE43lL6HazMEQK9lyf9Mej8n,2026-02-25,2026-02-25,121.51,GBP,,,HMRC CHB REF:CHB12345678,debit
broad_income_mix,sEUbQws98rdpy9966nvyiTGQ2QzJAtLBiOKQ,AM9BNWlrD1S1LEE43lL6HazMEQK9lyf9Mej8n,2026-02-25,2026-02-25,-21.83,GBP,,,ARGOS LTD LONDON,debit
broad_income_mix,1tRGi98i54tI6ht2TV2zzB535qWglVLqJooQ,AM9BNWlrD1S1LEE43lL6HazMEQK9lyf9Mej8n,2026-02-26,2026-02-26,-18.51,GBP,,,SAINSBURYS S/MKT LONDON SE1,debit
broad_income_mix,o8LwEoRgKbSodLL168dlsBnBx4zEj3torq7og,AM9BNWlrD1S1LEE43lL6HazMEQK9lyf9Mej8n,2026-03-23,2026-03-23,500.0,GBP,,,DWP JSA REF:XXXXXX123,debit
broad_income_mix,pV1G38Grerswj1PErplzuMdKpPy74Vup9pbl6,E4jZ5xZq6qIW9Eqk8RX5FR9XpyN1rjfgmXdjp,2026-03-23,2026-03-23,500.0,GBP,,,DWP JSA REF:XXXXXX123,debit
broad_income_mix,gQJm96reRpCalGGbPVlvsZkZ7l5pGWCEr8nEW,AM9BNWlrD1S1LEE43lL6HazMEQK9lyf9Mej8n,2026-03-25,2026-03-25,120.12,GBP,,,HMCTS FAMILY PAYMENT REF:CHILD,debit
broad_income_mix,oVMABgAK7KsQeyRGKXxrcepBXRjDl6io4o1Q4,E4jZ5xZq6qIW9Eqk8RX5FR9XpyN1rjfgmXdjp,2026-03-25,2026-03-25,120.12,GBP,,,HMCTS FAMILY PAYMENT REF:CHILD,debit
broad_income_mix,8aR9KPxLn6TRjZZn8Nj4HKDKVRzBbMUWz3LWG,AM9BNWlrD1S1LEE43lL6HazMEQK9lyf9Mej8n,2026-03-26,2026-03-26,142.63,GBP,,,DELIVEROO PARTNER PAY BACS REF:FOOD,debit
broad_income_mix,gV415e1R3RsXZzREKxWeSxdZAaGr1nfEjEPNl,E4jZ5xZq6qIW9Eqk8RX5FR9XpyN1rjfgmXdjp,2026-03-27,2026-03-27,142.63,GBP,,,DELIVEROO PARTNER PAY BACS REF:FOOD,debit
broad_income_mix,8GlzkLznQnFxqBWwA3gdULGKr7b1EnCWvWg7w,E4jZ5xZq6qIW9Eqk8RX5FR9XpyN1rjfgmXdjp,2026-03-30,2026-03-30,500.0,GBP,,,DWP JSA REF:XXXXXX123,debit
broad_income_mix,EorkeWzxq7HKdJJVmadyUgdgAKoNakU4Vxk4P,AM9BNWlrD1S1LEE43lL6HazMEQK9lyf9Mej8n,2026-03-30,2026-03-30,500.0,GBP,,,DWP JSA REF:XXXXXX123,debit
broad_income_mix,A3ajRrjDmDIo9vzKeRGZfn5aBoQjLWi9R9aL6,E4jZ5xZq6qIW9Eqk8RX5FR9XpyN1rjfgmXdjp,2026-04-01,2026-04-01,5.1,GBP,,,INT PAY REF:ANNUAL SUMMARY,debit
broad_income_mix,AM9BNWlrD1S1LEE43lL6HazaP1DmQrU9yrA9A,AM9BNWlrD1S1LEE43lL6HazMEQK9lyf9Mej8n,2026-04-01,2026-04-01,750.0,GBP,,,MOD VETERANS UK REF:XXXXXX,debit
broad_income_mix,E4jZ5xZq6qIW9Eqk8RX5FR9gJ3aGLWi4Z4r84,E4jZ5xZq6qIW9Eqk8RX5FR9XpyN1rjfgmXdjp,2026-04-01,2026-04-01,1000.7,GBP,,,BACS PAYROLL PRIMARY-ACC REF:SALARY,debit
broad_income_mix,G8kNZ6GarwSNyaaVPdyZsyjy6N4d37u68MP63,AM9BNWlrD1S1LEE43lL6HazMEQK9lyf9Mej8n,2026-04-01,2026-04-01,5.1,GBP,,,INT PAY REF:ANNUAL SUMMARY,debit
broad_income_mix,WGmr5Er191FjNn1kW9P5I9gwExKoyGC6o6X3P,E4jZ5xZq6qIW9Eqk8RX5FR9XpyN1rjfgmXdjp,2026-04-01,2026-04-01,750.0,GBP,,,MOD VETERANS UK REF:XXXXXX,debit
broad_income_mix,Wl4PNAoE1JHGlJJvaXlRUwawjp8ZKnc6vZ16K,AM9BNWlrD1S1LEE43lL6HazMEQK9lyf9Mej8n,2026-04-01,2026-04-01,1000.7,GBP,,,BACS PAYROLL PRIMARY-ACC REF:SALARY,debit
broad_income_mix,ngJ8E9Xoq4uxNWWADvNgS7N7va1wPbFAElWAQ,AM9BNWlrD1S1LEE43lL6HazMEQK9lyf9Mej8n,2026-04-04,2026-04-04,893.25,GBP,,,HMRC SA TAX REFUND REF:UTR-XXX,debit
broad_income_mix,GPe15a1rmrIDqGrKEBg5uBZygE3eQAF6J6qKn,E4jZ5xZq6qIW9Eqk8RX5FR9XpyN1rjfgmXdjp,2026-04-05,2026-04-05,720.12,GBP,,,DWP PIP REF:XXXXX-DISABLE,debit
broad_income_mix,bNjmEoa4bpHamWWbeVmns9A96qRpl7TmzbZm6,AM9BNWlrD1S1LEE43lL6HazMEQK9lyf9Mej8n,2026-04-05,2026-04-05,720.12,GBP,,,DWP PIP REF:XXXXX-DISABLE,debit
broad_income_mix,mo98yweplJHBmVVXMvmdiKnKRdLeGEUgPydge,AM9BNWlrD1S1LEE43lL6HazMEQK9lyf9Mej8n,2026-04-06,2026-04-06,500.0,GBP,,,DWP JSA REF:XXXXXX123,debit
broad_income_mix,nVZWzoWqjqsnZj5GqmMKhqM7m5PRZ6TAPAZ9E,E4jZ5xZq6qIW9Eqk8RX5FR9XpyN1rjfgmXdjp,2026-04-06,2026-04-06,500.0,GBP,,,DWP JSA REF:XXXXXX123,debit
broad_income_mix,94w9rjvpbkIW6RRwyP6VSPgPzWZ6pju4nxQ4x,AM9BNWlrD1S1LEE43lL6HazMEQK9lyf9Mej8n,2026-04-08,2026-04-08,1525.0,GBP,Airbnb UK,,AIRBNB PAYMENTS BACS REF:RENT,debit
broad_income_mix,bVB7J47bqbswp95GgvL4ubg9naljP5cmgmEnE,E4jZ5xZq6qIW9Eqk8RX5FR9XpyN1rjfgmXdjp,2026-04-08,2026-04-08,120.12,GBP,,,HMCTS FAMILY PAYMENT REF:CHILD,debit
broad_income_mix,mVQEkpElPlsP8nrEl9eqTZBK9rGA3oCgRg9er,E4jZ5xZq6qIW9Eqk8RX5FR9XpyN1rjfgmXdjp,2026-04-08,2026-04-08,1525.0,GBP,,,AIRBNB PAYMENTS BACS REF:RENT,debit
broad_income_mix,yvb8qRaxPdIgVWWqywVPHpApayM1VZF456X4n,AM9BNWlrD1S1LEE43lL6HazMEQK9lyf9Mej8n,2026-04-08,2026-04-08,120.12,GBP,,,HMCTS FAMILY PAYMENT REF:CHILD,debit
broad_income_mix,vmR8XJrzaBtwaAAkpvaNU4r456omwGFql6kqQ,AM9BNWlrD1S1LEE43lL6HazMEQK9lyf9Mej8n,2026-04-10,2026-04-10,142.63,GBP,,,DELIVEROO PARTNER PAY BACS REF:FOOD,debit
broad_income_mix,ylGBexBPpPSldL89mkJjSw5pl4Vg67h4k4oPM,E4jZ5xZq6qIW9Eqk8RX5FR9XpyN1rjfgmXdjp,2026-04-13,2026-04-13,500.0,GBP,,,DWP JSA REF:XXXXXX123,debit
broad_income_mix,6xB9l4wMAXHGVXXrkaVLUzJzqpyPwLf8GDX8R,AM9BNWlrD1S1LEE43lL6HazMEQK9lyf9Mej8n,2026-04-15,2026-04-15,824.2,GBP,,,DWP UC REF:XXXXXX773X,debit
broad_income_mix,9nqBApBbZbHdL3zNJQXaH87PlrpG9nC4z4koM,E4jZ5xZq6qIW9Eqk8RX5FR9XpyN1rjfgmXdjp,2026-04-15,2026-04-15,1000.7,GBP,,,BACS PAYROLL PRIMARY-ACC REF:SALARY,debit
broad_income_mix,Rk1x3AeL7BuLW88azoW3Ck1kZXwD4piaJpbag,AM9BNWlrD1S1LEE43lL6HazMEQK9lyf9Mej8n,2026-04-15,2026-04-15,1000.7,GBP,,,BACS PAYROLL PRIMARY-ACC REF:SALARY,debit
broad_income_mix,vVEKPzKakasL9ogEbB64fQq4agwVK7sqaqgb7,E4jZ5xZq6qIW9Eqk8RX5FR9XpyN1rjfgmXdjp,2026-04-15,2026-04-15,824.2,GBP,,,DWP UC REF:XXXXXX773X,debit
financially_stretched,CJcFsaJXVGdLbxD3DX2CLPdtGVBUDH71j0Q,ZrjbpdxNZNH8QPgjayZNhKkyVVpxLAfezo97G,2025-11-01,2025-11-01,-49.37,GBP,,,PIZZA HUT UK REF:ORDER-ONL,debit
financially_stretched,DuRyFuhZzLb90n1nLhjLJ0Fgp76vgX4X8sq,ZrjbpdxNZNH8QPgjayZNhKkyVVpxLAfezo97G,2025-11-01,2025-11-01,-26.73,GBP,,,BET365 UK REF:DEPOSIT,debit
financially_stretched,SUbEZj32cMQX3AGmSwmS4M6BAPPXuaYVLLV,ZrjbpdxNZNH8QPgjayZNhKkyVVpxLAfezo97G,2025-11-01,2025-11-01,-37.06,GBP,,,BETFAIR UK REF:ACCOUNT,debit
financially_stretched,TLyEkKkpvaZudRmMrSbWdAT6MzVasxtY2pq,ZrjbpdxNZNH8QPgjayZNhKkyVVpxLAfezo97G,2025-11-01,2025-11-01,987.02,GBP,,,FPS CASH IN REF:CASH-DEPOSIT,debit
financially_stretched,MeY462YZvwA4VA4WDjWwH3us16CPpWwTJDJ,ZrjbpdxNZNH8QPgjayZNhKkyVVpxLAfezo97G,2025-11-02,2025-11-02,-6.92,GBP,,,DELIVEROO UK REF:ORDER-APP,debit
financially_stretched,uLshEGvTrVambc4fL2apdDKUT8KSDX2bWsW,ZrjbpdxNZNH8QPgjayZNhKkyVVpxLAfezo97G,2025-11-02,2025-11-02,-17.46,GBP,,,MORRISONS SUPERMARKET LONDON,debit
financially_stretched,e0QRKBRb8a4MsZZXTKZQJttFEaZGzdk51RE,ZrjbpdxNZNH8QPgjayZNhKkyVVpxLAfezo97G,2025-11-03,2025-11-03,-42.9,GBP,,,CO-OP FOOD LONDON N1,debit
financially_stretched,b6thuaWb3dZTW1GSX7NrELusUGZqkDZLfTv,ZrjbpdxNZNH8QPgjayZNhKkyVVpxLAfezo97G,2025-11-04,2025-11-04,-26.08,GBP,,,TESCO METRO LONDON EC1,debit
financially_stretched,kR5WYZf2MTqXaYumsrKJA7vfsvZQL5jv8k2,ZrjbpdxNZNH8QPgjayZNhKkyVVpxLAfezo97G,2025-11-04,2025-11-04,-53.41,GBP,,,JUST EAT UK REF:ORDER-XXXX,debit
financially_stretched,gpbQWvNt3St4WTtaJAnMGLHvnN91kEGcUAq,ZrjbpdxNZNH8QPgjayZNhKkyVVpxLAfezo97G,2025-11-05,2025-11-05,-65.47,GBP,,,SCREWFIX DIRECT LTD,debit
financially_stretched,Cn6UaWNv6NehbBEMZzUuKq0u6Gby60S5AyH,ZrjbpdxNZNH8QPgjayZNhKkyVVpxLAfezo97G,2025-11-06,2025-11-06,-50.0,GBP,,,COSTCO UK WATFORD,debit
financially_stretched,PneUy2d9tXBfLXd5nTT90rKQ1dEdCZLL9V7,ZrjbpdxNZNH8QPgjayZNhKkyVVpxLAfezo97G,2025-11-06,2025-11-06,-11.1,GBP,,,POUNDLAND STORE #4421,debit
financially_stretched,1T4bYP886x3jQRZzSd2s1NbWnWf5JeG5cSr,ZrjbpdxNZNH8QPgjayZNhKkyVVpxLAfezo97G,2025-11-07,2025-11-07,975.83,GBP,,,FPS PEER TRANSFER REF:PERSONAL,debit
financially_stretched,VB6BUXWGBFsS4kPve0VmKEtPm7UwNVe7ZTr,ZrjbpdxNZNH8QPgjayZNhKkyVVpxLAfezo97G,2025-11-07,2025-11-07,-50.75,GBP,,,SKYBET UK REF:DEPOSIT,debit
financially_stretched,fqKQ8wHQGKEj4tGuSPXEHq5BhAdRUzX4u8X,ZrjbpdxNZNH8QPgjayZNhKkyVVpxLAfezo97G,2025-11-07,2025-11-07,-21.95,GBP,,,LIDL UK GMBH PECKHAM,debit
financially_stretched,Q2QJvht2YwXYBZKcgZCxLUVbCBgdK785XHQ,ZrjbpdxNZNH8QPgjayZNhKkyVVpxLAfezo97G,2025-11-08,2025-11-08,-41.94,GBP,,,ITSU UK LTD LONDON SE1,debit
financially_stretched,ajSgy5RarKMZCPWpXxWcHmsQhBGzr1AvsJ2,ZrjbpdxNZNH8QPgjayZNhKkyVVpxLAfezo97G,2025-11-08,2025-11-08,-48.98,GBP,,,MARKS AND SPENCER FOOD,debit
financially_stretched,7QxVvkjtAzgkX8mdPEQcbVMqATsV48buK00,ZrjbpdxNZNH8QPgjayZNhKkyVVpxLAfezo97G,2025-11-09,2025-11-09,1081.82,GBP,,,BRIGIT APP DES:INSTANT CASH,debit
financially_stretched,tRmQ3tPF9YngwAkV1d0RPkXjNczn26XZfPp,ZrjbpdxNZNH8QPgjayZNhKkyVVpxLAfezo97G,2025-11-09,2025-11-09,-16.89,GBP,,,THE COAL HOLE LONDON WC2,debit
financially_stretched,4n9068R8KCszk5NfXQSNjGVvTdAHS9FznzL,ZrjbpdxNZNH8QPgjayZNhKkyVVpxLAfezo97G,2025-11-10,2025-11-10,-17.17,GBP,,,WAHACA RESTAURANT LONDON,debit
financially_stretched,XcvYkstJDuBjdArrW52DmgftexHyYwfdKQG,ZrjbpdxNZNH8QPgjayZNhKkyVVpxLAfezo97G,2025-11-11,2025-11-11,-55.49,GBP,,,MARKS AND SPENCER FOOD,debit
financially_stretched,YB8HbLbfrmpx7E4VJCjJ3AtGgUgR93xYpdg,ZrjbpdxNZNH8QPgjayZNhKkyVVpxLAfezo97G,2025-11-11,2025-11-11,-31.09,GBP,,,BET365 UK REF:DEPOSIT,debit
financially_stretched,C04GTYXwTz4UNyLNJ92ZPqzzBSpzBhL72gc,ZrjbpdxNZNH8QPgjayZNhKkyVVpxLAfezo97G,2025-11-12,2025-11-12,-48.49,GBP,,,JD SPORTS FASHION PLC LONDON,debit
financially_stretched,ERLjU8eUNWERT6N0Y0mcrWrjZusR6tHaeht,ZrjbpdxNZNH8QPgjayZNhKkyVVpxLAfezo97G,2025-11-12,2025-11-12,-15.79,GBP,,,NANDOS RESTAURANT LONDON,debit
financially_stretched,cQ8X4fRUL75nH9vKwHFfnymJBynQZq6uPnC,ZrjbpdxNZNH8QPgjayZNhKkyVVpxLAfezo97G,2025-11-12,2025-11-12,-45.53,GBP,,,ITSU UK LTD LONDON SE1,debit
financially_stretched,5SjWzbKrhdVG41c2H2chLSPZ9gay5rEGzFR,ZrjbpdxNZNH8QPgjayZNhKkyVVpxLAfezo97G,2025-11-13,2025-11-13,-26.58,GBP,,,TESCO METRO LONDON EC1,debit
financially_stretched,dvYcE9KUyRubYspR6QvWQrZFek5asDvh9qX,ZrjbpdxNZNH8QPgjayZNhKkyVVpxLAfezo97G,2025-11-13,2025-11-13,-54.6,GBP,,,MARKS AND SPENCER FOOD,debit
financially_stretched,85MXhjC5feE55kPy6dnMBxtvwQ3GQtvTcyh,ZrjbpdxNZNH8QPgjayZNhKkyVVpxLAfezo97G,2025-11-14,2025-11-14,-24.99,GBP,,,OCADO RETAIL LTD REF:ORDER,debit
financially_stretched,MCfYqkxA1CYWNTN9v17kNQcpEKufMvsYMnw,ZrjbpdxNZNH8QPgjayZNhKkyVVpxLAfezo97G,2025-11-14,2025-11-14,1057.38,GBP,,,FPS CASH IN REF:CASH-DEPOSIT,debit
financially_stretched,ywd4Q1M7kgBczceffeQQ5dKE1gTTr8EnqcX,ZrjbpdxNZNH8QPgjayZNhKkyVVpxLAfezo97G,2025-11-15,2025-11-15,-16.12,GBP,,,MORRISONS SUPERMARKET LONDON,debit
financially_stretched,m6qVFAMYVEEp4pDcfSRNPYkEgDXqZUyUD1e,ZrjbpdxNZNH8QPgjayZNhKkyVVpxLAfezo97G,2025-11-16,2025-11-16,-43.09,GBP,,,JUST EAT UK REF:ORDER-XXXX,debit
financially_stretched,nvM2NsPxfaLTDCxrvQDYrMvABe21NswXWC1,ZrjbpdxNZNH8QPgjayZNhKkyVVpxLAfezo97G,2025-11-16,2025-11-16,-25.76,GBP,,,ASDA SUPERSTORE LONDON,debit
financially_stretched,GnMUgMQgCGqu32HLLq1f35dzXaXXTSNpHN0,ZrjbpdxNZNH8QPgjayZNhKkyVVpxLAfezo97G,2025-11-17,2025-11-17,-45.71,GBP,,,ITSU UK LTD LONDON SE1,debit
financially_stretched,LHUfb21tvJ9zgBKNJ5d61qPJNjS53KcMFwG,ZrjbpdxNZNH8QPgjayZNhKkyVVpxLAfezo97G,2025-11-17,2025-11-17,-342.91,GBP,,,FPS CASH APP BORROW ADVANCE,debit
financially_stretched,EgtdJVYYuWjV1g04nQjZSQfdXEWXbZMaau3,ZrjbpdxNZNH8QPgjayZNhKkyVVpxLAfezo97G,2025-11-18,2025-11-18,-49.24,GBP,,,JD SPORTS FASHION PLC LONDON,debit
financially_stretched,P7ukNxuU0R0UrqTmeT4HTGFEqKTq1rS0MCg,ZrjbpdxNZNH8QPgjayZNhKkyVVpxLAfezo97G,2025-11-18,2025-11-18,-5.48,GBP,,,DELIVEROO UK REF:ORDER-APP,debit
financially_stretched,fm2FQYJvfvayhLpzVsf2YG6zThhdrtQNsrR,ZrjbpdxNZNH8QPgjayZNhKkyVVpxLAfezo97G,2025-11-18,2025-11-18,-20.0,GBP,,,THE COAL HOLE LONDON WC2,debit
financially_stretched,RAC6ctarbrThwceKP041cXMRKd71JUXfdge,ZrjbpdxNZNH8QPgjayZNhKkyVVpxLAfezo97G,2025-11-19,2025-11-19,-16.06,GBP,,,WAHACA RESTAURANT LONDON,debit
financially_stretched,dxtz5EFFcDNuKTRHx0GdK9SJWcHMVKnqLum,ZrjbpdxNZNH8QPgjayZNhKkyVVpxLAfezo97G,2025-11-20,2025-11-20,-37.68,GBP,,,BETFAIR UK REF:ACCOUNT,debit
financially_stretched,9XM7Rve7dWFCfYMB0RyS0Lw6YgLs3P2PYYZ,ZrjbpdxNZNH8QPgjayZNhKkyVVpxLAfezo97G,2025-11-21,2025-11-21,955.5,GBP,,,FPS PEER TRANSFER REF:PERSONAL,debit
financially_stretched,Et10KZ9JEMuLFu2querc8p233w4RUtkN8r8,ZrjbpdxNZNH8QPgjayZNhKkyVVpxLAfezo97G,2025-11-21,2025-11-21,-15.39,GBP,,,NANDOS RESTAURANT LONDON,debit
financially_stretched,5Mv2TjppZMyjZ4rALTfunuDDpkfp34TAsGt,ZrjbpdxNZNH8QPgjayZNhKkyVVpxLAfezo97G,2025-11-22,2025-11-22,-6.8,GBP,,,YO SUSHI UK LTD LONDON,debit
financially_stretched,Y7VgPb8BH4VVMkRabHNS7KnPQbH3fvBMKXf,ZrjbpdxNZNH8QPgjayZNhKkyVVpxLAfezo97G,2025-11-23,2025-11-23,-24.31,GBP,,,TESCO METRO LONDON EC1,debit
financially_stretched,gJC3uxLCf1Hwj2yt5nT1hTcb4RA1kGDBVBW,ZrjbpdxNZNH8QPgjayZNhKkyVVpxLAfezo97G,2025-11-23,2025-11-23,-41.98,GBP,,,COSTCO UK WATFORD,debit
financially_stretched,j1fnESCX3MsTQYBAHYjPRDDqV7cwDv6y8MK,ZrjbpdxNZNH8QPgjayZNhKkyVVpxLAfezo97G,2025-11-23,2025-11-23,-17.69,GBP,,,THE COAL HOLE LONDON WC2,debit
financially_stretched,1VuY4FmKbEVKLZjPc14vX02PsTTDsJTz6cA,ZrjbpdxNZNH8QPgjayZNhKkyVVpxLAfezo97G,2025-11-24,2025-11-24,1026.2,GBP,,,BRIGIT APP DES:INSTANT CASH,debit
financially_stretched,yUtkCw3Pu8hZzdPwh8SqWV0UKDjPfLuX8eC,ZrjbpdxNZNH8QPgjayZNhKkyVVpxLAfezo97G,2025-11-24,2025-11-24,-32.0,GBP,,,IKEA UK WEMBLEY,debit
financially_stretched,LS0GBF7jMzJ0EJwme4FGDmtKMGevvXbwAC9,ZrjbpdxNZNH8QPgjayZNhKkyVVpxLAfezo97G,2025-11-25,2025-11-25,-30.87,GBP,,,BET365 UK REF:DEPOSIT,debit
financially_stretched,S4vKSNm5QwxHQJptgMayWE0z6hJVVKBZJ5k,ZrjbpdxNZNH8QPgjayZNhKkyVVpxLAfezo97G,2025-11-25,2025-11-25,-8.57,GBP,,,YO SUSHI UK LTD LONDON,debit
financially_stretched,yrjYMCG7yZPzCHD4JpvBL3TG5u9h6Xjkqe9,ZrjbpdxNZNH8QPgjayZNhKkyVVpxLAfezo97G,2025-11-25,2025-11-25,-35.71,GBP,,,IKEA UK WEMBLEY,debit
financially_stretched,7WR6cJfmG6tSrZZY107Pe8NNQBENjEQSY49,ZrjbpdxNZNH8QPgjayZNhKkyVVpxLAfezo97G,2025-11-26,2025-11-26,-25.94,GBP,,,ASDA SUPERSTORE LONDON,debit
financially_stretched,yGL36xv9BgAqPfswJsS7zK5sM2RfGtVj3L4,ZrjbpdxNZNH8QPgjayZNhKkyVVpxLAfezo97G,2025-11-27,2025-11-27,-24.98,GBP,,,OCADO RETAIL LTD REF:ORDER,debit
financially_stretched,jrKkh5xUjtGLhurXmwgUzjWbqdQWBUysbQ6,ZrjbpdxNZNH8QPgjayZNhKkyVVpxLAfezo97G,2025-11-28,2025-11-28,1033.93,GBP,,,FPS CASH IN REF:CASH-DEPOSIT,debit
financially_stretched,rySWZFHPzA3usk3F2epKNpbMsdEcFB4cgED,ZrjbpdxNZNH8QPgjayZNhKkyVVpxLAfezo97G,2025-11-28,2025-11-28,-39.98,GBP,,,ITSU UK LTD LONDON SE1,debit
financially_stretched,xRpdGJS3JyXvF2vrkqsWeCapKJ2ZFcrLLw3,ZrjbpdxNZNH8QPgjayZNhKkyVVpxLAfezo97G,2025-11-29,2025-11-29,-33.59,GBP,,,BETFAIR UK REF:ACCOUNT,debit
financially_stretched,5mDzuKL1eL4Sb0haaTTehS15m3eec9JGzkY,ZrjbpdxNZNH8QPgjayZNhKkyVVpxLAfezo97G,2025-11-30,2025-11-30,-47.93,GBP,,,UNPAID TRANSACTION FEE,debit
financially_stretched,PMdPtGYB3zV8qhQNtyDErC5mjeg1V3hKycG,ZrjbpdxNZNH8QPgjayZNhKkyVVpxLAfezo97G,2025-11-30,2025-11-30,-16.62,GBP,,,NANDOS RESTAURANT LONDON,debit
financially_stretched,aefqZTCJY3nwq7Jk6WDkrk0p3q1qyeUggvM,ZrjbpdxNZNH8QPgjayZNhKkyVVpxLAfezo97G,2025-11-30,2025-11-30,-37.63,GBP,,,COSTCO UK WATFORD,debit
financially_stretched,yDkXmtFrJVvR80L0E2hZRuDbZAG5r0b7paR,ZrjbpdxNZNH8QPgjayZNhKkyVVpxLAfezo97G,2025-11-30,2025-11-30,-41.89,GBP,,,CO-OP FOOD LONDON N1,debit
financially_stretched,HBuN3p9bk8untpGe1H71QGMCkxdAkzjaj6F,ZrjbpdxNZNH8QPgjayZNhKkyVVpxLAfezo97G,2025-12-01,2025-12-01,-26.87,GBP,,,BET365 UK REF:DEPOSIT,debit
financially_stretched,JCMLHHutFJ7KN3uAhUMy3z6Lwk8F4yNDyQz,ZrjbpdxNZNH8QPgjayZNhKkyVVpxLAfezo97G,2025-12-01,2025-12-01,975.81,GBP,,,FPS PEER TRANSFER REF:PERSONAL,debit
financially_stretched,m1m8YmmtSMvUppCjf63753FH6wcw1q7chvQ,ZrjbpdxNZNH8QPgjayZNhKkyVVpxLAfezo97G,2025-12-02,2025-12-02,-46.85,GBP,,,SKYBET UK REF:DEPOSIT,debit
financially_stretched,dsawXrSzGG0D8xpmkwXdfeWYV9YkYaUS2ra,ZrjbpdxNZNH8QPgjayZNhKkyVVpxLAfezo97G,2025-12-03,2025-12-03,-37.43,GBP,,,COSTCO UK WATFORD,debit
financially_stretched,z5JAG3EdyC3Mjjudth2zL2st9M58mwus8RQ,ZrjbpdxNZNH8QPgjayZNhKkyVVpxLAfezo97G,2025-12-03,2025-12-03,-361.89,GBP,,,FPS MONZO FLEX ADVANCE,debit
financially_stretched,nzq7WdP2wWc84qryMaBXhLjBytwE83VwFMv,ZrjbpdxNZNH8QPgjayZNhKkyVVpxLAfezo97G,2025-12-04,2025-12-04,-52.65,GBP,,,PIZZA HUT UK REF:ORDER-ONL,debit
financially_stretched,3wDJr2eNVTSevnEeHTsHKTcX8KgN7bcM8vD,ZrjbpdxNZNH8QPgjayZNhKkyVVpxLAfezo97G,2025-12-05,2025-12-05,-52.62,GBP,,,UNPAID TRANSACTION FEE,debit
financially_stretched,krD9Z9XpWAuQRyAaQNBncw7TBXw9xPwgfz0,ZrjbpdxNZNH8QPgjayZNhKkyVVpxLAfezo97G,2025-12-05,2025-12-05,-29.86,GBP,,,TESCO METRO LONDON EC1,debit
financially_stretched,45ftqH9ug5PMvdGrcdURRSWh8jVxNUa0wBg,ZrjbpdxNZNH8QPgjayZNhKkyVVpxLAfezo97G,2025-12-06,2025-12-06,-21.39,GBP,,,ASDA SUPERSTORE LONDON,debit
financially_stretched,w14Mdz82cW1800VeVF1wN6CjxvCFWpvsPx0,ZrjbpdxNZNH8QPgjayZNhKkyVVpxLAfezo97G,2025-12-06,2025-12-06,-27.04,GBP,,,LIDL UK GMBH PECKHAM,debit
financially_stretched,8L14se03NKm4Hsx7JdE1MaUUFqxpk1ES2P6,ZrjbpdxNZNH8QPgjayZNhKkyVVpxLAfezo97G,2025-12-07,2025-12-07,-44.31,GBP,,,SKYBET UK REF:DEPOSIT,debit
financially_stretched,FaB88haBMU3c3N3SKxAXk1766gQzG1Xjq99,ZrjbpdxNZNH8QPgjayZNhKkyVVpxLAfezo97G,2025-12-07,2025-12-07,-31.18,GBP,,,IKEA UK WEMBLEY,debit
financially_stretched,Zp4Kp9DkSRwKxP9f2UJES4thBM7deN1VEJb,ZrjbpdxNZNH8QPgjayZNhKkyVVpxLAfezo97G,2025-12-07,2025-12-07,966.2,GBP,,,FPS CASH IN REF:CASH-DEPOSIT,debit
financially_stretched,WbA66YAxYeZrCajPkKxXkZd09qrwq56nr0C,ZrjbpdxNZNH8QPgjayZNhKkyVVpxLAfezo97G,2025-12-08,2025-12-08,-18.18,GBP,,,THE COAL HOLE LONDON WC2,debit
financially_stretched,08F99WQMBgMrP1GuNcu1JMhFZLjyrxrLyN0,ZrjbpdxNZNH8QPgjayZNhKkyVVpxLAfezo97G,2025-12-09,2025-12-09,1052.39,GBP,,,BRIGIT APP DES:INSTANT CASH,debit
financially_stretched,x87hR1VacU5ZH3JPhgZqRAfPpDWk8TBxw1s,ZrjbpdxNZNH8QPgjayZNhKkyVVpxLAfezo97G,2025-12-09,2025-12-09,-34.82,GBP,,,BETFAIR UK REF:ACCOUNT,debit
financially_stretched,WFX4r9FdnFcVJfsC4Fx6AUjkmatNZMpGHna,ZrjbpdxNZNH8QPgjayZNhKkyVVpxLAfezo97G,2025-12-10,2025-12-10,-41.57,GBP,,,COSTCO UK WATFORD,debit
financially_stretched,qcsqaQD8h2cEkfY0FWd45ySmbyW1Qqpk73r,ZrjbpdxNZNH8QPgjayZNhKkyVVpxLAfezo97G,2025-12-10,2025-12-10,-47.78,GBP,,,SKYBET UK REF:DEPOSIT,debit
financially_stretched,ZZ15xARM7MePvS20D8mZRE7H0ryDjhZvyjA,ZrjbpdxNZNH8QPgjayZNhKkyVVpxLAfezo97G,2025-12-11,2025-12-11,-14.93,GBP,,,POUNDLAND STORE #4421,debit
financially_stretched,jEY1sWQq7xdPqtN2ue7ckfGmrHgHE9HGsY7,ZrjbpdxNZNH8QPgjayZNhKkyVVpxLAfezo97G,2025-12-11,2025-12-11,-41.58,GBP,,,SKYBET UK REF:DEPOSIT,debit
financially_stretched,8NBwgmWG0RUGKH1SufEQDaxpbPrzgqMVuA9,ZrjbpdxNZNH8QPgjayZNhKkyVVpxLAfezo97G,2025-12-12,2025-12-12,-32.03,GBP,,,UNARRANGED OVERDRAFT INTEREST,debit
financially_stretched,9thx13acZfkVhaz1XypdrVfwQ9ua7xVnBfg,ZrjbpdxNZNH8QPgjayZNhKkyVVpxLAfezo97G,2025-12-12,2025-12-12,-16.43,GBP,,,MORRISONS SUPERMARKET LONDON,debit
financially_stretched,Cxvz2pjC5rFfe0Gm3L24EYNMsmxNejW0QHH,ZrjbpdxNZNH8QPgjayZNhKkyVVpxLAfezo97G,2025-12-13,2025-12-13,-6.57,GBP,,,YO SUSHI UK LTD LONDON,debit
financially_stretched,Scuu6PrKdHcXm9PkAZ8vb43aHpG0ym1E3bK,ZrjbpdxNZNH8QPgjayZNhKkyVVpxLAfezo97G,2025-12-13,2025-12-13,-57.84,GBP,,,SCREWFIX DIRECT LTD,debit
financially_stretched,SdrnBcHjvsYLQ2Cyus2mXz4HpTXVE3c017b,ZrjbpdxNZNH8QPgjayZNhKkyVVpxLAfezo97G,2025-12-14,2025-12-14,-13.23,GBP,,,WAHACA RESTAURANT LONDON,debit
financially_stretched,xzRDcpdHTpBSThhY7tpe8QQN2aD0D9fZX9z,ZrjbpdxNZNH8QPgjayZNhKkyVVpxLAfezo97G,2025-12-14,2025-12-14,952.24,GBP,,,FPS PEER TRANSFER REF:PERSONAL,debit
financially_stretched,JwHdYPHjrA8KwaYnF5aaZSAdjZSHX7YcBCr,ZrjbpdxNZNH8QPgjayZNhKkyVVpxLAfezo97G,2025-12-15,2025-12-15,-16.08,GBP,,,NANDOS RESTAURANT LONDON,debit
financially_stretched,heSNrACgGLh88WycDsTqH2yrJLm5RqDapE1,ZrjbpdxNZNH8QPgjayZNhKkyVVpxLAfezo97G,2025-12-15,2025-12-15,-40.18,GBP,,,MARKS AND SPENCER FOOD,debit
financially_stretched,DST1TumA9Z8nE7u1cz3v6Z4ZnSufSX3crQM,ZrjbpdxNZNH8QPgjayZNhKkyVVpxLAfezo97G,2025-12-16,2025-12-16,-18.25,GBP,,,THE COAL HOLE LONDON WC2,debit
financially_stretched,nXTrPPcR22Zw85qHXTgnv40BHNbxwaHFXnT,ZrjbpdxNZNH8QPgjayZNhKkyVVpxLAfezo97G,2025-12-16,2025-12-16,-23.22,GBP,,,TESCO METRO LONDON EC1,debit
financially_stretched,KRfWsjA8wLa9DwZJtUQwmxZTNXLCaBSwZCx,ZrjbpdxNZNH8QPgjayZNhKkyVVpxLAfezo97G,2025-12-17,2025-12-17,-46.92,GBP,,,PIZZA HUT UK REF:ORDER-ONL,debit
financially_stretched,46u1aFzuS6pGspnYE3ZtVTn1uN0jBJn0eGz,ZrjbpdxNZNH8QPgjayZNhKkyVVpxLAfezo97G,2025-12-18,2025-12-18,-48.98,GBP,,,SCREWFIX DIRECT LTD,debit
financially_stretched,DurQM3jFmsXANVJLztmE9b9dQaQ4wdAgdA3,ZrjbpdxNZNH8QPgjayZNhKkyVVpxLAfezo97G,2025-12-18,2025-12-18,-46.48,GBP,,,SKYBET UK REF:DEPOSIT,debit
financially_stretched,Ex801USqucBjpY1XFNKcwPkDNCGksw6Bcfu,ZrjbpdxNZNH8QPgjayZNhKkyVVpxLAfezo97G,2025-12-18,2025-12-18,-38.01,GBP,,,CO-OP FOOD LONDON N1,debit
financially_stretched,w9RTpHcQ8PuqAacDvXp24216zzWp9KA9SeC,ZrjbpdxNZNH8QPgjayZNhKkyVVpxLAfezo97G,2025-12-19,2025-12-19,-51.55,GBP,,,PIZZA HUT UK REF:ORDER-ONL,debit
financially_stretched,Y8r7ANtxBWP7g7FyWFcjHCeZhxYwcmv9bTT,ZrjbpdxNZNH8QPgjayZNhKkyVVpxLAfezo97G,2025-12-20,2025-12-20,-24.94,GBP,,,BET365 UK REF:DEPOSIT,debit
financially_stretched,88cZGUwSyR2LZPPqz5N3scpZNFwcrzw1Sqr,ZrjbpdxNZNH8QPgjayZNhKkyVVpxLAfezo97G,2025-12-21,2025-12-21,-14.98,GBP,,,POUNDLAND STORE #4421,debit
financially_stretched,HjQWxhwLRSFjkyF0G4ExdWUmbtK9JX0RZrn,ZrjbpdxNZNH8QPgjayZNhKkyVVpxLAfezo97G,2025-12-21,2025-12-21,1074.72,GBP,,,FPS CASH IN REF:CASH-DEPOSIT,debit
financially_stretched,1LB0Cqg5bYC28nMWUUM0kcpvKWgaynPcxx9,ZrjbpdxNZNH8QPgjayZNhKkyVVpxLAfezo97G,2025-12-22,2025-12-22,-26.62,GBP,,,BET365 UK REF:DEPOSIT,debit
financially_stretched,0SwwkgygsMphWH6DDzPfTbt11My7Dn4tkhu,ZrjbpdxNZNH8QPgjayZNhKkyVVpxLAfezo97G,2025-12-23,2025-12-23,-8.77,GBP,,,YO SUSHI UK LTD LONDON,debit
financially_stretched,jPvRVJrvPAnAcPcvPAZ2WXSqaykwd7Q23Be,ZrjbpdxNZNH8QPgjayZNhKkyVVpxLAfezo97G,2025-12-23,2025-12-23,-14.44,GBP,,,WAHACA RESTAURANT LONDON,debit
financially_stretched,C6V53RGSgVHZ3Ee5mQ8LgckkJfqLuQ3xTDe,ZrjbpdxNZNH8QPgjayZNhKkyVVpxLAfezo97G,2025-12-24,2025-12-24,-44.25,GBP,,,SKYBET UK REF:DEPOSIT,debit
financially_stretched,S2C8kNdprw40P01VFb2cXJDxUE9reMxPJ21,ZrjbpdxNZNH8QPgjayZNhKkyVVpxLAfezo97G,2025-12-24,2025-12-24,1006.29,GBP,,,BRIGIT APP DES:INSTANT CASH,debit
financially_stretched,S8m6N0aEz5TSL7wUbCQMAbP9tme4wgWKC8X,ZrjbpdxNZNH8QPgjayZNhKkyVVpxLAfezo97G,2025-12-24,2025-12-24,-12.91,GBP,,,POUNDLAND STORE #4421,debit
financially_stretched,jSVdML81P752BS7WtqJXBu41J5vMLT8bkD3,ZrjbpdxNZNH8QPgjayZNhKkyVVpxLAfezo97G,2025-12-24,2025-12-24,-12.39,GBP,,,WAHACA RESTAURANT LONDON,debit
financially_stretched,Jb1nUZG8mpsPCNCLeKtBRzg92CuXyZ9GnCj,ZrjbpdxNZNH8QPgjayZNhKkyVVpxLAfezo97G,2025-12-25,2025-12-25,-46.03,GBP,,,MARKS AND SPENCER FOOD,debit
financially_stretched,mzTZ4RxW420v9TqQwzevnct9vhVF5TTEKpB,ZrjbpdxNZNH8QPgjayZNhKkyVVpxLAfezo97G,2025-12-25,2025-12-25,-5.18,GBP,,,DELIVEROO UK REF:ORDER-APP,debit
financially_stretched,KRbWNmCA8LSBueC9RGMKRJSmDewe6e0NARr,ZrjbpdxNZNH8QPgjayZNhKkyVVpxLAfezo97G,2025-12-26,2025-12-26,-16.84,GBP,,,WAHACA RESTAURANT LONDON,debit
financially_stretched,AKhZmEnfdBNpXDmsDwv2CXK8HCYwaVDAvwU,ZrjbpdxNZNH8QPgjayZNhKkyVVpxLAfezo97G,2025-12-27,2025-12-27,-35.63,GBP,,,BETFAIR UK REF:ACCOUNT,debit
financially_stretched,5Vpy0g6e0HqA1Br1kjwg7TFcv9Hyw4VZ5Tb,ZrjbpdxNZNH8QPgjayZNhKkyVVpxLAfezo97G,2025-12-28,2025-12-28,-43.7,GBP,,,SKYBET UK REF:DEPOSIT,debit
financially_stretched,61XHWuaGFqN4UFR1R2LcxBhTXmLf5V1Cnbw,ZrjbpdxNZNH8QPgjayZNhKkyVVpxLAfezo97G,2025-12-28,2025-12-28,-57.83,GBP,,,JUST EAT UK REF:ORDER-XXXX,debit
financially_stretched,BH3Hd9m8dnPeuFwS3xUyKkZ2VBuPtbSvm0q,ZrjbpdxNZNH8QPgjayZNhKkyVVpxLAfezo97G,2025-12-28,2025-12-28,1034.47,GBP,,,FPS PEER TRANSFER REF:PERSONAL,debit
financially_stretched,UjTpAgS62A8syBMRxtzkbRPUuMRbxvhcFCL,ZrjbpdxNZNH8QPgjayZNhKkyVVpxLAfezo97G,2025-12-28,2025-12-28,-24.56,GBP,,,BET365 UK REF:DEPOSIT,debit
financially_stretched,2450R6BaFHP9CVGq3gUJvzF6X01YC0HUh0L,ZrjbpdxNZNH8QPgjayZNhKkyVVpxLAfezo97G,2025-12-29,2025-12-29,-15.3,GBP,,,WAHACA RESTAURANT LONDON,debit
financially_stretched,7DbwfDY6H2Xy6faatT03s6xd1Xs2kvnVgex,ZrjbpdxNZNH8QPgjayZNhKkyVVpxLAfezo97G,2025-12-29,2025-12-29,-22.19,GBP,,,THE COAL HOLE LONDON WC2,debit
financially_stretched,vNHv9kprHFWUM6VhzFfC4gZUtCr6V0EmF5x,ZrjbpdxNZNH8QPgjayZNhKkyVVpxLAfezo97G,2025-12-30,2025-12-30,-16.73,GBP,,,NANDOS RESTAURANT LONDON,debit
financially_stretched,vmVpdgYttJgFTBXrguHj0sFjDxJsaDP7ZL5,ZrjbpdxNZNH8QPgjayZNhKkyVVpxLAfezo97G,2025-12-30,2025-12-30,-21.04,GBP,,,ASDA SUPERSTORE LONDON,debit
financially_stretched,Vtr9yD89X44ckUWNRLAdcxdjsuejujxakfW,ZrjbpdxNZNH8QPgjayZNhKkyVVpxLAfezo97G,2025-12-31,2025-12-31,-22.81,GBP,,,OCADO RETAIL LTD REF:ORDER,debit
financially_stretched,j9rAK55Hed0YDhX5eL2v7bYfE1PdDxNB33K,ZrjbpdxNZNH8QPgjayZNhKkyVVpxLAfezo97G,2025-12-31,2025-12-31,-12.39,GBP,,,POUNDLAND STORE #4421,debit
financially_stretched,23m9qLp4xpfAg07ENuzFnpvmYtjTak4vegt,ZrjbpdxNZNH8QPgjayZNhKkyVVpxLAfezo97G,2026-01-01,2026-01-01,1006.79,GBP,,,FPS CASH IN REF:CASH-DEPOSIT,debit
financially_stretched,5u5s7uh7Xza79k8fB4NS4qy8mse2bLq4uSN,ZrjbpdxNZNH8QPgjayZNhKkyVVpxLAfezo97G,2026-01-01,2026-01-01,-62.78,GBP,,,SCREWFIX DIRECT LTD,debit
financially_stretched,wPvJpp5F0CtStZ1ecrVWEhRj4h0W3XCXfjq,ZrjbpdxNZNH8QPgjayZNhKkyVVpxLAfezo97G,2026-01-02,2026-01-02,-6.49,GBP,,,DELIVEROO UK REF:ORDER-APP,debit
financially_stretched,PGvxtwMy3MJw4Ag21ctHv4z7PVLBJKAV8XC,ZrjbpdxNZNH8QPgjayZNhKkyVVpxLAfezo97G,2026-01-03,2026-01-03,-54.52,GBP,,,SCREWFIX DIRECT LTD,debit
financially_stretched,JTZmBZ6XYS658qKHd2sPxH2RvybCFxfGSMd,ZrjbpdxNZNH8QPgjayZNhKkyVVpxLAfezo97G,2026-01-04,2026-01-04,-8.61,GBP,,,YO SUSHI UK LTD LONDON,debit
financially_stretched,hCPDef8QvXE70Z2w0c1vfuuF8kHQYXD4UPZ,ZrjbpdxNZNH8QPgjayZNhKkyVVpxLAfezo97G,2026-01-05,2026-01-05,-17.14,GBP,,,WAHACA RESTAURANT LONDON,debit
financially_stretched,uNcL6TA6421p0tmcFGdnTG2udz9yuy0BkMx,ZrjbpdxNZNH8QPgjayZNhKkyVVpxLAfezo97G,2026-01-05,2026-01-05,-57.48,GBP,,,JUST EAT UK REF:ORDER-XXXX,debit
financially_stretched,kA3vMhqtggw8JxvVb3TnD9jKHcZ1E8KxcdZ,ZrjbpdxNZNH8QPgjayZNhKkyVVpxLAfezo97G,2026-01-06,2026-01-06,-20.3,GBP,,,MORRISONS SUPERMARKET LONDON,debit
financially_stretched,tHRtGV9QUNn0e3dGnhQtacu0Bd6taLcDs1n,ZrjbpdxNZNH8QPgjayZNhKkyVVpxLAfezo97G,2026-01-06,2026-01-06,-26.77,GBP,,,LIDL UK GMBH PECKHAM,debit
financially_stretched,KwcxfrSBWDrakDTr0HXwhpVPy2MVFj3cC46,ZrjbpdxNZNH8QPgjayZNhKkyVVpxLAfezo97G,2026-01-07,2026-01-07,1061.07,GBP,,,FPS PEER TRANSFER REF:PERSONAL,debit
financially_stretched,W1WTavdm3VHgJNM5HsVNATwS7gb3VkxjY5k,ZrjbpdxNZNH8QPgjayZNhKkyVVpxLAfezo97G,2026-01-07,2026-01-07,-22.59,GBP,,,THE COAL HOLE LONDON WC2,debit
financially_stretched,yPC8NcvTskWyA92eQruhHQUTLHP5Ep9cyRU,ZrjbpdxNZNH8QPgjayZNhKkyVVpxLAfezo97G,2026-01-07,2026-01-07,-38.42,GBP,,,COSTCO UK WATFORD,debit
financially_stretched,20FeEzjcHc2z2hp5qq0fwH9XykLGZSdaAEy,ZrjbpdxNZNH8QPgjayZNhKkyVVpxLAfezo97G,2026-01-08,2026-01-08,-22.83,GBP,,,THE COAL HOLE LONDON WC2,debit
financially_stretched,x3QLN0FWYu6FwHKJpxg7ZNvxKs3RXkwWvRX,ZrjbpdxNZNH8QPgjayZNhKkyVVpxLAfezo97G,2026-01-08,2026-01-08,-61.35,GBP,,,JD SPORTS FASHION PLC LONDON,debit
financially_stretched,4X3vkVUgBBYQmE0fvRaN73CZkevs0a0Fygc,ZrjbpdxNZNH8QPgjayZNhKkyVVpxLAfezo97G,2026-01-09,2026-01-09,-5.18,GBP,,,DELIVEROO UK REF:ORDER-APP,debit
financially_stretched,mfZ4en0SKY9kWe3J92HVHGFX4q8YF0w2keu,ZrjbpdxNZNH8QPgjayZNhKkyVVpxLAfezo97G,2026-01-09,2026-01-09,1024.04,GBP,,,BRIGIT APP DES:INSTANT CASH,debit
financially_stretched,yPPSeHDTcJrSnfCpLP7tEsJQQMfG1z33LMf,ZrjbpdxNZNH8QPgjayZNhKkyVVpxLAfezo97G,2026-01-09,2026-01-09,-28.02,GBP,,,ASDA SUPERSTORE LONDON,debit
financially_stretched,FRr3eas2LvAxUq49wqjXCFZGYKerYAK2E8r,ZrjbpdxNZNH8QPgjayZNhKkyVVpxLAfezo97G,2026-01-10,2026-01-10,-25.72,GBP,,,LIDL UK GMBH PECKHAM,debit
financially_stretched,PxBUdLjUx4SuLPMu0khm9J9nnM34qwAv3FD,ZrjbpdxNZNH8QPgjayZNhKkyVVpxLAfezo97G,2026-01-10,2026-01-10,-33.6,GBP,,,BET365 UK REF:DEPOSIT,debit
financially_stretched,CFPq9TKb68pruVGNurDzP1FStzHt5rc8EZz,ZrjbpdxNZNH8QPgjayZNhKkyVVpxLAfezo97G,2026-01-11,2026-01-11,-44.34,GBP,,,ITSU UK LTD LONDON SE1,debit
financially_stretched,prYu5B8eQJFNU9Z8FYgpFBb3Y3LcVjcddYb,ZrjbpdxNZNH8QPgjayZNhKkyVVpxLAfezo97G,2026-01-11,2026-01-11,-14.53,GBP,,,POUNDLAND STORE #4421,debit
financially_stretched,qpXPWsqUr5fkCgSPGnNh0QXpEqCnKLhP2Jd,ZrjbpdxNZNH8QPgjayZNhKkyVVpxLAfezo97G,2026-01-11,2026-01-11,-31.59,GBP,,,BETFAIR UK REF:ACCOUNT,debit
financially_stretched,wSBdabFE0EcJLH0asP1UgXeaEMqnbFR2k27,ZrjbpdxNZNH8QPgjayZNhKkyVVpxLAfezo97G,2026-01-11,2026-01-11,-362.04,GBP,,,FPS CASH APP BORROW ADVANCE,debit
financially_stretched,LM8NVagZvLCJ0abyF8m22x3yRfftjGt11Te,ZrjbpdxNZNH8QPgjayZNhKkyVVpxLAfezo97G,2026-01-12,2026-01-12,-59.69,GBP,,,SCREWFIX DIRECT LTD,debit
financially_stretched,cC21j0vMsHdYgmLPREFGSAnp6ScBSvyS1b7,ZrjbpdxNZNH8QPgjayZNhKkyVVpxLAfezo97G,2026-01-12,2026-01-12,-38.26,GBP,,,COSTCO UK WATFORD,debit
financially_stretched,2a8h0uaF6tywjUtBn5Q6Gwp41nsYFrtxFjm,ZrjbpdxNZNH8QPgjayZNhKkyVVpxLAfezo97G,2026-01-13,2026-01-13,-22.07,GBP,,,MORRISONS SUPERMARKET LONDON,debit
financially_stretched,K6naYEfQ93XxZ4V5hKC23XFkbsY0xqbECAB,ZrjbpdxNZNH8QPgjayZNhKkyVVpxLAfezo97G,2026-01-13,2026-01-13,-33.32,GBP,,,IKEA UK WEMBLEY,debit
financially_stretched,y0FXDVVcLqPW5r21ECUnH12UBSYR4mBnQK2,ZrjbpdxNZNH8QPgjayZNhKkyVVpxLAfezo97G,2026-01-13,2026-01-13,-12.01,GBP,,,POUNDLAND STORE #4421,debit
financially_stretched,YzBmGx8e4NA3eSCnLSWjqX8C8z50BZJqwf9,ZrjbpdxNZNH8QPgjayZNhKkyVVpxLAfezo97G,2026-01-14,2026-01-14,-63.38,GBP,,,SCREWFIX DIRECT LTD,debit
financially_stretched,danvC40hkv08kC9t4VvAM95hsgSqmMBBb4W,ZrjbpdxNZNH8QPgjayZNhKkyVVpxLAfezo97G,2026-01-14,2026-01-14,990.14,GBP,,,FPS CASH IN REF:CASH-DEPOSIT,debit
financially_stretched,uSRm1LrfD49Kgsu2wBxfKkDdE3qBR3tzS2c,ZrjbpdxNZNH8QPgjayZNhKkyVVpxLAfezo97G,2026-01-14,2026-01-14,-24.75,GBP,,,ASDA SUPERSTORE LONDON,debit
financially_stretched,n0fzQXPfvHqMrxWjhTmFvufmUsFFBe3a7Qa,ZrjbpdxNZNH8QPgjayZNhKkyVVpxLAfezo97G,2026-01-15,2026-01-15,-21.35,GBP,,,OCADO RETAIL LTD REF:ORDER,debit
financially_stretched,9DJtmVA3L1TG01sMCqcSTzDVgXuP7YcvfbG,ZrjbpdxNZNH8QPgjayZNhKkyVVpxLAfezo97G,2026-01-16,2026-01-16,-34.64,GBP,,,IKEA UK WEMBLEY,debit
financially_stretched,CzqjE7Xj4NRxC4fxMHW3BRuPRTSn9uzZsuz,ZrjbpdxNZNH8QPgjayZNhKkyVVpxLAfezo97G,2026-01-16,2026-01-16,-8.85,GBP,,,YO SUSHI UK LTD LONDON,debit
financially_stretched,L5fL6PJKdH6UGLGQY36zYTN1FmsS4QZJnPS,ZrjbpdxNZNH8QPgjayZNhKkyVVpxLAfezo97G,2026-01-16,2026-01-16,-23.17,GBP,,,OCADO RETAIL LTD REF:ORDER,debit
financially_stretched,Un1Zzxp53WVxumYDQmC5BcEy0Njh2RDS7MY,ZrjbpdxNZNH8QPgjayZNhKkyVVpxLAfezo97G,2026-01-17,2026-01-17,-58.42,GBP,,,PIZZA HUT UK REF:ORDER-ONL,debit
financially_stretched,z2KSHXXrVExT2pdvf2X9wKdRG0qDyUzB2EK,ZrjbpdxNZNH8QPgjayZNhKkyVVpxLAfezo97G,2026-01-17,2026-01-17,-5.49,GBP,,,DELIVEROO UK REF:ORDER-APP,debit
financially_stretched,LepLxHzSayxUHeJvVEFUP3td3pKBup7PBJz,ZrjbpdxNZNH8QPgjayZNhKkyVVpxLAfezo97G,2026-01-18,2026-01-18,-43.36,GBP,,,SKYBET UK REF:DEPOSIT,debit
financially_stretched,gkhXAz53GbbnDudpDapmGTNGznT3UGbT3c4,ZrjbpdxNZNH8QPgjayZNhKkyVVpxLAfezo97G,2026-01-19,2026-01-19,-40.96,GBP,,,IKEA UK WEMBLEY,debit
financially_stretched,sd4UMbYsTQDvU6agwbTGguK94G10P7qgVz0,ZrjbpdxNZNH8QPgjayZNhKkyVVpxLAfezo97G,2026-01-19,2026-01-19,-30.56,GBP,,,TESCO METRO LONDON EC1,debit
financially_stretched,ar4zTEZPQqQzDbu3VGzsCPw8fAzguEP18rQ,ZrjbpdxNZNH8QPgjayZNhKkyVVpxLAfezo97G,2026-01-20,2026-01-20,-20.13,GBP,,,MORRISONS SUPERMARKET LONDON,debit
financially_stretched,kWQneQ5B01k8rDy4qWdh7YHN7kbLDvHPsJ4,ZrjbpdxNZNH8QPgjayZNhKkyVVpxLAfezo97G,2026-01-20,2026-01-20,-12.36,GBP,,,POUNDLAND STORE #4421,debit
financially_stretched,6cTqpGbVpQpuLv4jmfjbwzKmjRdatkdZQfE,ZrjbpdxNZNH8QPgjayZNhKkyVVpxLAfezo97G,2026-01-21,2026-01-21,-38.55,GBP,,,CO-OP FOOD LONDON N1,debit
financially_stretched,MGkEyQbYX4eJ1vrW2WZWdJhDxwqwTm80eZC,ZrjbpdxNZNH8QPgjayZNhKkyVVpxLAfezo97G,2026-01-21,2026-01-21,1061.36,GBP,,,FPS PEER TRANSFER REF:PERSONAL,debit
financially_stretched,9jrCqD8t5VYXSB3vHw7e7zpss5uSBMfgwkJ,ZrjbpdxNZNH8QPgjayZNhKkyVVpxLAfezo97G,2026-01-22,2026-01-22,-26.05,GBP,,,LIDL UK GMBH PECKHAM,debit
financially_stretched,T1HLfRLvUtfGg2jA8pXjU901e5v5tJEYx8j,ZrjbpdxNZNH8QPgjayZNhKkyVVpxLAfezo97G,2026-01-22,2026-01-22,-36.34,GBP,,,IKEA UK WEMBLEY,debit
financially_stretched,c3Z4GScuRPewGLqsdga4A39LCMy8zz5EScP,ZrjbpdxNZNH8QPgjayZNhKkyVVpxLAfezo97G,2026-01-22,2026-01-22,-25.44,GBP,,,OCADO RETAIL LTD REF:ORDER,debit
financially_stretched,PafNDuK685vVxxcHx4RpPmn8A61AQ5rJjtp,ZrjbpdxNZNH8QPgjayZNhKkyVVpxLAfezo97G,2026-01-23,2026-01-23,-362.13,GBP,,,FPS MONZO FLEX ADVANCE,debit
financially_stretched,VkPRYZRN2J0Cnp8hbQ8BTTWkPHCRGeK3enB,ZrjbpdxNZNH8QPgjayZNhKkyVVpxLAfezo97G,2026-01-23,2026-01-23,-24.43,GBP,,,OCADO RETAIL LTD REF:ORDER,debit
financially_stretched,GcZE0wQGQ1V2XtCvszW083L6uqWaLvabfXm,ZrjbpdxNZNH8QPgjayZNhKkyVVpxLAfezo97G,2026-01-24,2026-01-24,-60.15,GBP,,,JD SPORTS FASHION PLC LONDON,debit
financially_stretched,aXTSveZPaE5hBwQGUQMDeELteT31Y5SjGUX,ZrjbpdxNZNH8QPgjayZNhKkyVVpxLAfezo97G,2026-01-24,2026-01-24,1001.07,GBP,,,BRIGIT APP DES:INSTANT CASH,debit
financially_stretched,t7vCRVhaegYmqWPV9uJ0ynu456FquDgaL9V,ZrjbpdxNZNH8QPgjayZNhKkyVVpxLAfezo97G,2026-01-25,2026-01-25,-14.4,GBP,,,POUNDLAND STORE #4421,debit
financially_stretched,s0rw8F1a63VuT3dZrzcSTaD67XzP7dD4x4c,ZrjbpdxNZNH8QPgjayZNhKkyVVpxLAfezo97G,2026-01-26,2026-01-26,-24.88,GBP,,,BET365 UK REF:DEPOSIT,debit
financially_stretched,Q75KLzwgYgkPmTjcmb9dTbXHQ2FerQdZs62,ZrjbpdxNZNH8QPgjayZNhKkyVVpxLAfezo97G,2026-01-27,2026-01-27,-56.12,GBP,,,MARKS AND SPENCER FOOD,debit
financially_stretched,D7uY43ZGTH8DNxe01hCs952YVTMQkUJrVWG,ZrjbpdxNZNH8QPgjayZNhKkyVVpxLAfezo97G,2026-01-28,2026-01-28,-34.33,GBP,,,ITSU UK LTD LONDON SE1,debit
financially_stretched,KsY12KZ8jS38WYZQCQgkXcVCNbeX9NgDC46,ZrjbpdxNZNH8QPgjayZNhKkyVVpxLAfezo97G,2026-01-28,2026-01-28,-53.46,GBP,,,SCREWFIX DIRECT LTD,debit
financially_stretched,sQuuLczGmtVAVh9MJwvEgT8AQttyLMz9CEV,ZrjbpdxNZNH8QPgjayZNhKkyVVpxLAfezo97G,2026-01-28,2026-01-28,1013.72,GBP,,,FPS CASH IN REF:CASH-DEPOSIT,debit
financially_stretched,NRQzmLju0utrjHGhH2tMaYQ2hxWg3Km8DXd,ZrjbpdxNZNH8QPgjayZNhKkyVVpxLAfezo97G,2026-01-29,2026-01-29,-6.33,GBP,,,DELIVEROO UK REF:ORDER-APP,debit
financially_stretched,P6wVdtee8ARWP5We88bVPGATpDQygMxwt3p,ZrjbpdxNZNH8QPgjayZNhKkyVVpxLAfezo97G,2026-01-30,2026-01-30,-5.24,GBP,,,DELIVEROO UK REF:ORDER-APP,debit
financially_stretched,vSdUNSh2E4BYKLk8Mn7HEpcBfv1GFCgpEnd,ZrjbpdxNZNH8QPgjayZNhKkyVVpxLAfezo97G,2026-01-30,2026-01-30,-18.99,GBP,,,LIDL UK GMBH PECKHAM,debit
financially_stretched,5hcTRMQ9xXgELtRCQcJ7jwkkrWe19nprG92,ZrjbpdxNZNH8QPgjayZNhKkyVVpxLAfezo97G,2026-01-31,2026-01-31,-15.9,GBP,,,WAHACA RESTAURANT LONDON,debit
financially_stretched,BZjaYcmZeFuRqwupCrYxbV0YeUSwzegLHpV,ZrjbpdxNZNH8QPgjayZNhKkyVVpxLAfezo97G,2026-02-01,2026-02-01,-48.93,GBP,,,PIZZA HUT UK REF:ORDER-ONL,debit
financially_stretched,aXmL91vR4LQ6FRPXSGKxFur9XvmbjNrbrnG,ZrjbpdxNZNH8QPgjayZNhKkyVVpxLAfezo97G,2026-02-01,2026-02-01,-16.86,GBP,,,NANDOS RESTAURANT LONDON,debit
financially_stretched,cpdACzDTmWFsYc6c0D0szU4jEvxgywW9M99,ZrjbpdxNZNH8QPgjayZNhKkyVVpxLAfezo97G,2026-02-01,2026-02-01,1023.86,GBP,,,FPS PEER TRANSFER REF:PERSONAL,debit
financially_stretched,CxSA15CU1xgCpNecsAmE6QJCmUEB7mUC88F,ZrjbpdxNZNH8QPgjayZNhKkyVVpxLAfezo97G,2026-02-02,2026-02-02,-63.53,GBP,,,JD SPORTS FASHION PLC LONDON,debit
financially_stretched,D4Ye39GCPqApU2JhEeR7wnBC6UNuE7WnTzb,ZrjbpdxNZNH8QPgjayZNhKkyVVpxLAfezo97G,2026-02-02,2026-02-02,-54.76,GBP,,,JUST EAT UK REF:ORDER-XXXX,debit
financially_stretched,nqbAsXAPp4cQKLtbJ2eYzn7KCEH7z3R2q0g,ZrjbpdxNZNH8QPgjayZNhKkyVVpxLAfezo97G,2026-02-02,2026-02-02,-41.42,GBP,,,CO-OP FOOD LONDON N1,debit
financially_stretched,yJ1mY2guXFEtPZa4UJRKYmxUPu8dpZ1p6K3,ZrjbpdxNZNH8QPgjayZNhKkyVVpxLAfezo97G,2026-02-03,2026-02-03,-51.89,GBP,,,JD SPORTS FASHION PLC LONDON,debit
financially_stretched,URWkVJSQTBEjSpEvkHLdZyHzRzQZ9cqhqh8,ZrjbpdxNZNH8QPgjayZNhKkyVVpxLAfezo97G,2026-02-04,2026-02-04,-14.51,GBP,,,POUNDLAND STORE #4421,debit
financially_stretched,tev80Teu6mLFA8L0RbS3pZhTQuHYVa22fxe,ZrjbpdxNZNH8QPgjayZNhKkyVVpxLAfezo97G,2026-02-04,2026-02-04,-21.37,GBP,,,LIDL UK GMBH PECKHAM,debit
financially_stretched,T092WbQmyALaxfWrXgZey2cRg403QbRPP3n,ZrjbpdxNZNH8QPgjayZNhKkyVVpxLAfezo97G,2026-02-05,2026-02-05,-37.27,GBP,,,SKYBET UK REF:DEPOSIT,debit
financially_stretched,38LS3Lknc0jPv31z3f5SjZnNRXfPhExFbcg,ZrjbpdxNZNH8QPgjayZNhKkyVVpxLAfezo97G,2026-02-06,2026-02-06,-30.97,GBP,,,BET365 UK REF:DEPOSIT,debit
financially_stretched,XtTbpsNSxCaqwMk5YVZVU6QG7eTq3fh1tCV,ZrjbpdxNZNH8QPgjayZNhKkyVVpxLAfezo97G,2026-02-06,2026-02-06,-39.79,GBP,,,MARKS AND SPENCER FOOD,debit
financially_stretched,CkdH3ZEcgxbTawEDVMBHCHdkxTe8t6Xsd1E,ZrjbpdxNZNH8QPgjayZNhKkyVVpxLAfezo97G,2026-02-07,2026-02-07,-16.26,GBP,,,WAHACA RESTAURANT LONDON,debit
financially_stretched,GgWYLUdePF7Hrnx5gxf7BBXfEkmeyafWJ9J,ZrjbpdxNZNH8QPgjayZNhKkyVVpxLAfezo97G,2026-02-07,2026-02-07,1041.94,GBP,,,FPS CASH IN REF:CASH-DEPOSIT,debit
financially_stretched,dbSNH1ptztkpGwpJKXtfxYJW968sh4wFSUr,ZrjbpdxNZNH8QPgjayZNhKkyVVpxLAfezo97G,2026-02-08,2026-02-08,-22.09,GBP,,,ASDA SUPERSTORE LONDON,debit
financially_stretched,PANVBNqMHXKjKHjd0MtUQ0dvVtURmmpcEjA,ZrjbpdxNZNH8QPgjayZNhKkyVVpxLAfezo97G,2026-02-09,2026-02-09,1054.56,GBP,,,BRIGIT APP DES:INSTANT CASH,debit
financially_stretched,ULhUfUDXCKRsXXetthrV1aq7feDcD64HQPU,ZrjbpdxNZNH8QPgjayZNhKkyVVpxLAfezo97G,2026-02-09,2026-02-09,-44.25,GBP,,,SKYBET UK REF:DEPOSIT,debit
financially_stretched,2XDTcmrTL9WWELWk3Tv24Hz2nqYNbzywSZV,ZrjbpdxNZNH8QPgjayZNhKkyVVpxLAfezo97G,2026-02-10,2026-02-10,-19.65,GBP,,,NANDOS RESTAURANT LONDON,debit
financially_stretched,55F4qjbeH7nvfrTMj9pp1qV7dq4VhpWvUVy,ZrjbpdxNZNH8QPgjayZNhKkyVVpxLAfezo97G,2026-02-11,2026-02-11,-54.4,GBP,,,PIZZA HUT UK REF:ORDER-ONL,debit
financially_stretched,tfS6dWG3V8Yrq5aSS57NSD3AN9zSqreTPXN,ZrjbpdxNZNH8QPgjayZNhKkyVVpxLAfezo97G,2026-02-11,2026-02-11,-33.34,GBP,,,BETFAIR UK REF:ACCOUNT,debit
financially_stretched,AS2YA9ufrFTJG9yRgbuhu3Ddu37TrUCD4zA,ZrjbpdxNZNH8QPgjayZNhKkyVVpxLAfezo97G,2026-02-12,2026-02-12,-36.76,GBP,,,CO-OP FOOD LONDON N1,debit
financially_stretched,MhfXB9t7UnPgM7gnjrPyKyjMfm67EwVrS8v,ZrjbpdxNZNH8QPgjayZNhKkyVVpxLAfezo97G,2026-02-13,2026-02-13,-49.47,GBP,,,COSTCO UK WATFORD,debit
financially_stretched,4x6NE6tZC6a9NYrhCemfU4Z7M8LHpmCHCBV,ZrjbpdxNZNH8QPgjayZNhKkyVVpxLAfezo97G,2026-02-14,2026-02-14,-7.16,GBP,,,YO SUSHI UK LTD LONDON,debit
financially_stretched,55bC1eRADLLhMAWTu4AG9V1tgtSVwSzPMr8,ZrjbpdxNZNH8QPgjayZNhKkyVVpxLAfezo97G,2026-02-14,2026-02-14,953.23,GBP,,,FPS PEER TRANSFER REF:PERSONAL,debit
financially_stretched,T6YfhQErDN3daHdZQgn38tBPtXqM12sqhDB,ZrjbpdxNZNH8QPgjayZNhKkyVVpxLAfezo97G,2026-02-14,2026-02-14,-27.72,GBP,,,OCADO RETAIL LTD REF:ORDER,debit
financially_stretched,qRVyYRC8xyR10x5T4ZbuRpxjd36FSwrsAJ5,ZrjbpdxNZNH8QPgjayZNhKkyVVpxLAfezo97G,2026-02-15,2026-02-15,-22.07,GBP,,,MORRISONS SUPERMARKET LONDON,debit
financially_stretched,8bzU2H97CAVHFgn0mRqUxJh76WzYwBdFXv5,ZrjbpdxNZNH8QPgjayZNhKkyVVpxLAfezo97G,2026-02-16,2026-02-16,-363.14,GBP,,,FPS CASH APP BORROW ADVANCE,debit
financially_stretched,MjN588e7HUvzkmJyvUFCGNkNrf9DgpRfSeN,ZrjbpdxNZNH8QPgjayZNhKkyVVpxLAfezo97G,2026-02-16,2026-02-16,-6.07,GBP,,,DELIVEROO UK REF:ORDER-APP,debit
financially_stretched,MrVaX2yYNQswjx4hABQYXREqgBtU2KdwGgM,ZrjbpdxNZNH8QPgjayZNhKkyVVpxLAfezo97G,2026-02-16,2026-02-16,-49.44,GBP,,,SCREWFIX DIRECT LTD,debit
financially_stretched,xw2vtwVZrgwRbGFj23XW1fUmeJwFTsV6DQy,ZrjbpdxNZNH8QPgjayZNhKkyVVpxLAfezo97G,2026-02-16,2026-02-16,-26.45,GBP,,,ASDA SUPERSTORE LONDON,debit
financially_stretched,3sRM1fnMmp1hyvP4W87hdTrCFPQ6GXLPShU,ZrjbpdxNZNH8QPgjayZNhKkyVVpxLAfezo97G,2026-02-17,2026-02-17,-13.23,GBP,,,POUNDLAND STORE #4421,debit
financially_stretched,kdSq6kDydWPeVJ0vnYeJCGxf8EZZTkhWYTG,ZrjbpdxNZNH8QPgjayZNhKkyVVpxLAfezo97G,2026-02-17,2026-02-17,-27.55,GBP,,,OCADO RETAIL LTD REF:ORDER,debit
financially_stretched,CBPxzKPhUr3zE2gHLdgkETJ9XSNb0YaE705,ZrjbpdxNZNH8QPgjayZNhKkyVVpxLAfezo97G,2026-02-18,2026-02-18,-58.0,GBP,,,PIZZA HUT UK REF:ORDER-ONL,debit
financially_stretched,ZRm79QVdPedFMwbjUxT7Syj5BXEEuevUV1S,ZrjbpdxNZNH8QPgjayZNhKkyVVpxLAfezo97G,2026-02-18,2026-02-18,-28.33,GBP,,,TESCO METRO LONDON EC1,debit
financially_stretched,y1TV92MrtuUPRtdAz9QFXBN8jQCLrPG08Gk,ZrjbpdxNZNH8QPgjayZNhKkyVVpxLAfezo97G,2026-02-18,2026-02-18,-21.82,GBP,,,OCADO RETAIL LTD REF:ORDER,debit
financially_stretched,6upmFpcxXRnLGbKA59Q97MS6JegprvesnH4,ZrjbpdxNZNH8QPgjayZNhKkyVVpxLAfezo97G,2026-02-19,2026-02-19,-23.51,GBP,,,TESCO METRO LONDON EC1,debit
financially_stretched,rrGU0kWzQyNhRpB2BnTy0FHQ6c0HXJA4s4r,ZrjbpdxNZNH8QPgjayZNhKkyVVpxLAfezo97G,2026-02-19,2026-02-19,-64.26,GBP,,,JD SPORTS FASHION PLC LONDON,debit
financially_stretched,4F7xtgakVEm3CJ92DrvDZV8VbD2na5YmkuN,ZrjbpdxNZNH8QPgjayZNhKkyVVpxLAfezo97G,2026-02-20,2026-02-20,-20.59,GBP,,,THE COAL HOLE LONDON WC2,debit
financially_stretched,NDAdZZWxL0McGDbwMTpv6dzzjW3Gq0WnRDH,ZrjbpdxNZNH8QPgjayZNhKkyVVpxLAfezo97G,2026-02-20,2026-02-20,-48.22,GBP,,,JUST EAT UK REF:ORDER-XXXX,debit
financially_stretched,SULXAAgxgB2YraT5Dzanpw0g6zvAQFEWbGt,ZrjbpdxNZNH8QPgjayZNhKkyVVpxLAfezo97G,2026-02-21,2026-02-21,-46.13,GBP,,,UNPAID TRANSACTION FEE,debit
financially_stretched,qLw5yHqza83gLjFnhkZPXgvB6nmhm4ZBRLe,ZrjbpdxNZNH8QPgjayZNhKkyVVpxLAfezo97G,2026-02-21,2026-02-21,997.02,GBP,,,FPS CASH IN REF:CASH-DEPOSIT,debit
financially_stretched,wLUgF0HX3VTveSGpNzfpnV8Jf061eyKZFLX,ZrjbpdxNZNH8QPgjayZNhKkyVVpxLAfezo97G,2026-02-21,2026-02-21,-10.66,GBP,,,POUNDLAND STORE #4421,debit
financially_stretched,Sr4a6jyFG8CXfa5QqdgaVHSSnP2r36VbAm6,ZrjbpdxNZNH8QPgjayZNhKkyVVpxLAfezo97G,2026-02-22,2026-02-22,-21.96,GBP,,,OCADO RETAIL LTD REF:ORDER,debit
financially_stretched,cS6ZqPDZn6AVPsAG0qQ8gKAGMcMawZM4SFv,ZrjbpdxNZNH8QPgjayZNhKkyVVpxLAfezo97G,2026-02-22,2026-02-22,-7.6,GBP,,,YO SUSHI UK LTD LONDON,debit
financially_stretched,9FMStuyy4QVFLdptvgMF7fub8q4peUsxCER,ZrjbpdxNZNH8QPgjayZNhKkyVVpxLAfezo97G,2026-02-23,2026-02-23,-22.14,GBP,,,THE COAL HOLE LONDON WC2,debit
financially_stretched,AeTCjNV3M8DEzk69PZRne0ndGFjJmNbckRg,ZrjbpdxNZNH8QPgjayZNhKkyVVpxLAfezo97G,2026-02-23,2026-02-23,-35.5,GBP,,,BETFAIR UK REF:ACCOUNT,debit
financially_stretched,GwBQwyuLWAwnw6P4wsvhtfcRhw9egreWgEu,ZrjbpdxNZNH8QPgjayZNhKkyVVpxLAfezo97G,2026-02-23,2026-02-23,-60.48,GBP,,,JD SPORTS FASHION PLC LONDON,debit
financially_stretched,pJrehApGL6V73HCuRQ3t1qyxGC25ZCb8gpn,ZrjbpdxNZNH8QPgjayZNhKkyVVpxLAfezo97G,2026-02-24,2026-02-24,1061.15,GBP,,,BRIGIT APP DES:INSTANT CASH,debit
financially_stretched,sZ0RDUfhvhV6Yg06k89JF6kX6GXHfdwKsp8,ZrjbpdxNZNH8QPgjayZNhKkyVVpxLAfezo97G,2026-02-24,2026-02-24,-24.85,GBP,,,OCADO RETAIL LTD REF:ORDER,debit
financially_stretched,dKtqNztjAm58ueejYTtxcWbd2HXFAvCj6b5,ZrjbpdxNZNH8QPgjayZNhKkyVVpxLAfezo97G,2026-02-25,2026-02-25,-13.43,GBP,,,WAHACA RESTAURANT LONDON,debit
financially_stretched,busMjn59jXqaa1t7fYGKSNNdnY1BJBYW7KU,ZrjbpdxNZNH8QPgjayZNhKkyVVpxLAfezo97G,2026-02-26,2026-02-26,-365.05,GBP,,,FPS MONZO FLEX ADVANCE,debit
financially_stretched,p2c5fJsNQ6dqazMhTBw6nQBZgZNHMPGA1mt,ZrjbpdxNZNH8QPgjayZNhKkyVVpxLAfezo97G,2026-02-26,2026-02-26,-18.43,GBP,,,THE COAL HOLE LONDON WC2,debit
financially_stretched,rAw4aKJ2B1ty1LbSgyzRR9YH4Szde9W871e,ZrjbpdxNZNH8QPgjayZNhKkyVVpxLAfezo97G,2026-02-26,2026-02-26,-43.99,GBP,,,JUST EAT UK REF:ORDER-XXXX,debit
financially_stretched,8xZsrReZ22sfbcpLhpbM6QPsxrPwVQDmVca,ZrjbpdxNZNH8QPgjayZNhKkyVVpxLAfezo97G,2026-02-27,2026-02-27,-50.42,GBP,,,JD SPORTS FASHION PLC LONDON,debit
financially_stretched,7heDZeuDCuew9069YtczCG1SGWcaQt4tv5P,ZrjbpdxNZNH8QPgjayZNhKkyVVpxLAfezo97G,2026-02-28,2026-02-28,-41.58,GBP,,,MARKS AND SPENCER FOOD,debit
financially_stretched,FBsVd5NHtXd0q6Z3YSdG3q7FUBXCcFcapnj,ZrjbpdxNZNH8QPgjayZNhKkyVVpxLAfezo97G,2026-02-28,2026-02-28,961.2,GBP,,,FPS PEER TRANSFER REF:PERSONAL,debit
financially_stretched,K6CB6sc39YB2PbCnckcBj5Fcmy39FXyQCb6,ZrjbpdxNZNH8QPgjayZNhKkyVVpxLAfezo97G,2026-02-28,2026-02-28,-18.39,GBP,,,THE COAL HOLE LONDON WC2,debit
financially_stretched,T5Y4PrGSYgLpu244QLMx2uY3xKKTM4fPeBa,ZrjbpdxNZNH8QPgjayZNhKkyVVpxLAfezo97G,2026-02-28,2026-02-28,-7.11,GBP,,,YO SUSHI UK LTD LONDON,debit
financially_stretched,MbZlRE1AzAsErDKe4JXBUqZVPr4b6qCL9Kj5G,ZrjbpdxNZNH8QPgjayZNhKkyVVpxLAfezo97G,2026-03-22,2026-03-22,998.14,GBP,,,ATM CASH DEPOSIT,debit
financially_stretched,QvWz79eKdKSKxlkwEQ6DHPArq7NEKPiwp1Nnj,ZrjbpdxNZNH8QPgjayZNhKkyVVpxLAfezo97G,2026-03-22,2026-03-22,-26.76,GBP,,,OCADO RETAIL LTD REF:ORDER,debit
financially_stretched,ZrjbpdxNZNH8QPgjayZNhKkP4J9lNKIeg3ovW,ZrjbpdxNZNH8QPgjayZNhKkyVVpxLAfezo97G,2026-03-22,2026-03-22,-36.06,GBP,,,IKEA UK LTD WEMBLEY,debit
financially_stretched,1KwJLPeGqGUGokVbMgN8sp7vbL6lDpip5znav,ZrjbpdxNZNH8QPgjayZNhKkyVVpxLAfezo97G,2026-03-23,2026-03-23,-32.29,GBP,,,B&Q RETAIL LTD LONDON,debit
financially_stretched,LnbMQgRWrWUJK9ArNg6qSNzZw5e3DNukP7Amv,ZrjbpdxNZNH8QPgjayZNhKkyVVpxLAfezo97G,2026-03-23,2026-03-23,-36.17,GBP,,,BET365 UK REF:DEPOSIT,debit
financially_stretched,PxWAjr1DwyIEo6GXbEBWtk7EyvoZVZtobR1oX,AZVW41zEmlhwyx9mKwLkCn5gpeEMggF94WW7r,2026-03-23,2026-03-23,-26.76,GBP,,,OCADO RETAIL LTD REF:ORDER,debit
financially_stretched,j956kp4naeCMGQ8N9MjwirQo5Gx939u6keE6Z,AZVW41zEmlhwyx9mKwLkCn5gpeEMggF94WW7r,2026-03-23,2026-03-23,-36.06,GBP,,,IKEA UK LTD WEMBLEY,debit
financially_stretched,k6DopwNW4eHm9V8L6m5PC5j6V9RebecLGv9L8,AZVW41zEmlhwyx9mKwLkCn5gpeEMggF94WW7r,2026-03-23,2026-03-23,998.14,GBP,,,ATM CASH DEPOSIT,debit
financially_stretched,o8LbWxRrGrszk1aQP57wFBnqREPv4BFoRjJPW,ZrjbpdxNZNH8QPgjayZNhKkyVVpxLAfezo97G,2026-03-23,2026-03-23,-9.1,GBP,,,SAINSBURYS SUPERMARKETS LONDON,debit
financially_stretched,pEXglaJzyzt7kDvwMJmdUKN8PWqvQKIpLw7q7,ZrjbpdxNZNH8QPgjayZNhKkyVVpxLAfezo97G,2026-03-23,2026-03-23,-39.8,GBP,,,LEON RESTAURANTS LONDON,debit
financially_stretched,8aR6vWx3d3HprnExkV5efKDg7B8ZRKIWwnPRd,ZrjbpdxNZNH8QPgjayZNhKkyVVpxLAfezo97G,2026-03-24,2026-03-24,-26.51,GBP,,,DELIVEROO UK REF:ORDER-APP,debit
financially_stretched,AM914qleZeCVA4bopwMnuazxomX91ah918bVz,ZrjbpdxNZNH8QPgjayZNhKkyVVpxLAfezo97G,2026-03-24,2026-03-24,-49.51,GBP,,,DELIVEROO UK REF:ORDER-APP,debit
financially_stretched,Eor7naz1p1UlGVvWogMnfgd43Nl7KgI4XyaAo,ZrjbpdxNZNH8QPgjayZNhKkyVVpxLAfezo97G,2026-03-24,2026-03-24,-5.03,GBP,,,OCADO RETAIL LTD REF:ORDER,debit
financially_stretched,G8kwRjGpgpsmMVwD16pxUyjnEdGRNyi61aVNQ,ZrjbpdxNZNH8QPgjayZNhKkyVVpxLAfezo97G,2026-03-24,2026-03-24,-18.44,GBP,,,OCADO RETAIL LTD REF:ORDER,debit
financially_stretched,KKdWyR7Dmehkarl7pk8gFZAdB6J1W1tR7QyR5,AZVW41zEmlhwyx9mKwLkCn5gpeEMggF94WW7r,2026-03-24,2026-03-24,-39.8,GBP,,,LEON RESTAURANTS LONDON,debit
financially_stretched,Wl4JpKod7dUg6v7jDzmETwaJxZPmpwu6lRdNn,ZrjbpdxNZNH8QPgjayZNhKkyVVpxLAfezo97G,2026-03-24,2026-03-24,-40.15,GBP,,,OCADO RETAIL LTD REF:ORDER,debit
financially_stretched,gQJpNvr8G8f3NbmXMq6kTZkMap3jlZiEgoeGA,ZrjbpdxNZNH8QPgjayZNhKkyVVpxLAfezo97G,2026-03-24,2026-03-24,-5.2,GBP,,,MARKS AND SPENCER FOOD,debit
financially_stretched,lGDoJ7PnNXuq4MeRGqLat3ZGn49vrvhpzx4pJ,AZVW41zEmlhwyx9mKwLkCn5gpeEMggF94WW7r,2026-03-24,2026-03-24,-32.29,GBP,,,B&Q RETAIL LTD LONDON,debit
financially_stretched,ngJ4bBXKGKco8AEn9176U7Nz5wXka7TA6oa7N,ZrjbpdxNZNH8QPgjayZNhKkyVVpxLAfezo97G,2026-03-24,2026-03-24,-26.92,GBP,,,THE COAL HOLE LONDON WC2,debit
financially_stretched,qGDoqlZyQmubegVjWbL5HKaWxERmqmUgv3EgL,AZVW41zEmlhwyx9mKwLkCn5gpeEMggF94WW7r,2026-03-24,2026-03-24,-36.17,GBP,,,BET365 UK REF:DEPOSIT,debit
financially_stretched,rGDoKqMnZLu9Q8nXG9pRiR5GoQkjqji7WzQ7m,AZVW41zEmlhwyx9mKwLkCn5gpeEMggF94WW7r,2026-03-24,2026-03-24,-9.1,GBP,,,SAINSBURYS SUPERMARKETS LONDON,debit
financially_stretched,3rbxLPEANWhEw5enNElAt1mLvJZ5d5cZvxAZK,AZVW41zEmlhwyx9mKwLkCn5gpeEMggF94WW7r,2026-03-25,2026-03-25,-5.03,GBP,,,OCADO RETAIL LTD REF:ORDER,debit
financially_stretched,4zbdp6W5P3TWr1a75WBDt5dDwENenecJqPoJD,AZVW41zEmlhwyx9mKwLkCn5gpeEMggF94WW7r,2026-03-25,2026-03-25,-26.92,GBP,,,THE COAL HOLE LONDON WC2,debit
financially_stretched,BMZWvwBbmquZW9N1LZknt8VRebnPwPi4RlB4J,AZVW41zEmlhwyx9mKwLkCn5gpeEMggF94WW7r,2026-03-25,2026-03-25,-26.51,GBP,,,DELIVEROO UK REF:ORDER-APP,debit
financially_stretched,a8XGPkqblESNQx8oKNB6tMjZ6dXzbzUZbMNZy,AZVW41zEmlhwyx9mKwLkCn5gpeEMggF94WW7r,2026-03-25,2026-03-25,-18.44,GBP,,,OCADO RETAIL LTD REF:ORDER,debit
financially_stretched,bNjpw8a1G1hRQbzwkoJ3s9Amapodq9umVlR9Q,ZrjbpdxNZNH8QPgjayZNhKkyVVpxLAfezo97G,2026-03-25,2026-03-25,-48.1,GBP,,,CO-OP FOOD LONDON N1,debit
financially_stretched,dkX9Ngz6rlc6G4Jbk6mZhQ5EbGVLaLcJdpkJL,AZVW41zEmlhwyx9mKwLkCn5gpeEMggF94WW7r,2026-03-25,2026-03-25,-49.51,GBP,,,DELIVEROO UK REF:ORDER-APP,debit
financially_stretched,mo9JareqGqUG6X7PxLwDsKnwrelzdKIgLEGKd,ZrjbpdxNZNH8QPgjayZNhKkyVVpxLAfezo97G,2026-03-25,2026-03-25,-50.79,GBP,,,IKEA UK LTD WEMBLEY,debit
financially_stretched,xGqmRx8nJduqobR5Xq98t4gbRnawQwi6Xb165,AZVW41zEmlhwyx9mKwLkCn5gpeEMggF94WW7r,2026-03-25,2026-03-25,-40.15,GBP,,,OCADO RETAIL LTD REF:ORDER,debit
financially_stretched,yvbdDAajXjSaBq5lR6AXUpAB41Jvypi4yGJ1A,ZrjbpdxNZNH8QPgjayZNhKkyVVpxLAfezo97G,2026-03-25,2026-03-25,-31.1,GBP,,,BETFAIR UK REF:ACCOUNT,debit
financially_stretched,zGr1AJWXb4uD8BwgMD1etGWpb9wJoJHlZnVl6,AZVW41zEmlhwyx9mKwLkCn5gpeEMggF94WW7r,2026-03-25,2026-03-25,-5.2,GBP,,,MARKS AND SPENCER FOOD,debit
financially_stretched,6xBXLowz3zTmAr4N9JzPUzJo1PKXpzi8g6EaK,ZrjbpdxNZNH8QPgjayZNhKkyVVpxLAfezo97G,2026-03-26,2026-03-26,-18.06,GBP,,,MORRISONS SUPERMARKET LONDON,debit
financially_stretched,94wk5GvxaxIvAwDd58mniPgBr6aRWPi4Rr7eg,ZrjbpdxNZNH8QPgjayZNhKkyVVpxLAfezo97G,2026-03-26,2026-03-26,-42.18,GBP,,,MARKS AND SPENCER FOOD,debit
financially_stretched,NBNyMqZD9ehBe9rVwBvyTjPQ1kA363cybw3XM,AZVW41zEmlhwyx9mKwLkCn5gpeEMggF94WW7r,2026-03-26,2026-03-26,-48.1,GBP,,,CO-OP FOOD LONDON N1,debit
financially_stretched,PxWAjr1DwyIEo6GXbEBWtk7EyvoZVZtobR1XG,AZVW41zEmlhwyx9mKwLkCn5gpeEMggF94WW7r,2026-03-26,2026-03-26,-50.79,GBP,,,IKEA UK LTD WEMBLEY,debit
financially_stretched,Rk1BZReraruvdaDg4Vk6ik18KDP3XkIaR96xN,ZrjbpdxNZNH8QPgjayZNhKkyVVpxLAfezo97G,2026-03-26,2026-03-26,-37.92,GBP,,,DELIVEROO UK REF:ORDER-APP,debit
financially_stretched,XqwoQzNaeatz7nwyJQvdFAlVRz1MnAtbdQ7MK,ZrjbpdxNZNH8QPgjayZNhKkyVVpxLAfezo97G,2026-03-26,2026-03-26,-47.29,GBP,,,LIDL UK LTD LONDON,debit
financially_stretched,j956kp4naeCMGQ8N9MjwirQo5Gx939u6keEvD,AZVW41zEmlhwyx9mKwLkCn5gpeEMggF94WW7r,2026-03-26,2026-03-26,-31.1,GBP,,,BETFAIR UK REF:ACCOUNT,debit
financially_stretched,vmRB3pr4w4f5KkqLJlQXH4rygmPj64uqWpLGZ,ZrjbpdxNZNH8QPgjayZNhKkyVVpxLAfezo97G,2026-03-26,2026-03-26,-29.85,GBP,,,OCADO RETAIL LTD REF:ORDER,debit
financially_stretched,53V7JLwrBrszAgyxMVrlFWyPn1jJLWu5Zva4P,ZrjbpdxNZNH8QPgjayZNhKkyVVpxLAfezo97G,2026-03-27,2026-03-27,-42.37,GBP,,,LIDL UK LTD LONDON,debit
financially_stretched,7xbNLPnDeJIQlKwRvQaDFlj61aPWvWcdzqZ8m,AZVW41zEmlhwyx9mKwLkCn5gpeEMggF94WW7r,2026-03-27,2026-03-27,-42.18,GBP,,,MARKS AND SPENCER FOOD,debit
financially_stretched,Dpwo4xrMLMs9bB1yvdMxH1pakMozn1S3v1Alq,ZrjbpdxNZNH8QPgjayZNhKkyVVpxLAfezo97G,2026-03-27,2026-03-27,-27.5,GBP,,,NANDOS RESTAURANT LONDON,debit
financially_stretched,JAbkQ1G8q8CLlBwXN6AxUqN7nPQoWqCBdAlKE,ZrjbpdxNZNH8QPgjayZNhKkyVVpxLAfezo97G,2026-03-27,2026-03-27,-56.04,GBP,,,OCADO RETAIL LTD REF:ORDER,debit
financially_stretched,KGVRypeEKECXqWdJNkoLCl3rgQEbmlFRVyl78,ZrjbpdxNZNH8QPgjayZNhKkyVVpxLAfezo97G,2026-03-27,2026-03-27,-25.01,GBP,,,LEON RESTAURANTS LONDON,debit
financially_stretched,Mz4VRlQDm1TJ7VmZ9JyQUlgekyvzDzcLArK4y,AZVW41zEmlhwyx9mKwLkCn5gpeEMggF94WW7r,2026-03-27,2026-03-27,-47.29,GBP,,,LIDL UK LTD LONDON,debit
financially_stretched,QdMA7zLDkeTQ7B3JeQ1RFMZQz3kVbVUwLV1GE,AZVW41zEmlhwyx9mKwLkCn5gpeEMggF94WW7r,2026-03-27,2026-03-27,-37.92,GBP,,,DELIVEROO UK REF:ORDER-APP,debit
financially_stretched,VVgpwlXxjxI1PxBEpakjHzAw5eqoxzi9Waj5B,ZrjbpdxNZNH8QPgjayZNhKkyVVpxLAfezo97G,2026-03-27,2026-03-27,-39.16,GBP,,,BETFAIR UK REF:ACCOUNT,debit
financially_stretched,ZZMApbnWJxhyzleXky56F78yodDaXaUewB3JX,AZVW41zEmlhwyx9mKwLkCn5gpeEMggF94WW7r,2026-03-27,2026-03-27,-18.06,GBP,,,MORRISONS SUPERMARKET LONDON,debit
financially_stretched,eGXDy6BWzqu3rN4AG3xZigz9Lr1mjmirKGgal,AZVW41zEmlhwyx9mKwLkCn5gpeEMggF94WW7r,2026-03-27,2026-03-27,-29.85,GBP,,,OCADO RETAIL LTD REF:ORDER,debit
financially_stretched,kLmwpJeG6GhBMp4zkmoAsLzrXN3K8LCLW94G9,ZrjbpdxNZNH8QPgjayZNhKkyVVpxLAfezo97G,2026-03-27,2026-03-27,-50.7,GBP,,,PRIMARK STORES LTD LONDON,debit
financially_stretched,lp17JqXlGls6D7nobqVmUzjkW8N6bzipZ4Kzq,ZrjbpdxNZNH8QPgjayZNhKkyVVpxLAfezo97G,2026-03-27,2026-03-27,-20.9,GBP,,,LIDL UK LTD LONDON,debit
financially_stretched,qWjlqNmBGBIBo6GkPb74svZl9n5dAvugdEevm,ZrjbpdxNZNH8QPgjayZNhKkyVVpxLAfezo97G,2026-03-27,2026-03-27,-22.62,GBP,,,NIKE UK ONLINE STORE,debit
financially_stretched,rA5qKjL3G3CkZm5vP96oTWnwKZX86Wu7lQrW4,ZrjbpdxNZNH8QPgjayZNhKkyVVpxLAfezo97G,2026-03-27,2026-03-27,1080.9,GBP,,,WONGA COM LTD REF:LOAN-REPAY,debit
financially_stretched,wy53xgzNGNc9ymzNMRkgHyWGdza7eyiPrG4y6,ZrjbpdxNZNH8QPgjayZNhKkyVVpxLAfezo97G,2026-03-27,2026-03-27,-23.14,GBP,,,OCADO RETAIL LTD REF:ORDER,debit
financially_stretched,1qVBLJgEaecgr59v7gKEiJe9MAyx1xupy1zqr,AZVW41zEmlhwyx9mKwLkCn5gpeEMggF94WW7r,2026-03-28,2026-03-28,-27.5,GBP,,,NANDOS RESTAURANT LONDON,debit
financially_stretched,8dmPv6bEQxTVv7qMwVj1iLG5xbmAlAuWQBnZo,AZVW41zEmlhwyx9mKwLkCn5gpeEMggF94WW7r,2026-03-28,2026-03-28,-50.7,GBP,,,PRIMARK STORES LTD LONDON,debit
financially_stretched,AZVW41zEmlhwyx9mKwLkCn5bRQG747i9Vm84X,AZVW41zEmlhwyx9mKwLkCn5gpeEMggF94WW7r,2026-03-28,2026-03-28,-25.01,GBP,,,LEON RESTAURANTS LONDON,debit
financially_stretched,B15wvrqQMQsojwR36ZbqUa397lg6Kah4wB9R1,ZrjbpdxNZNH8QPgjayZNhKkyVVpxLAfezo97G,2026-03-28,2026-03-28,-47.1,GBP,,,OCADO RETAIL LTD REF:ORDER,debit
financially_stretched,EpKWn7dD6zSgbB9Lkgd1iR9vbaprVri4ANygq,AZVW41zEmlhwyx9mKwLkCn5gpeEMggF94WW7r,2026-03-28,2026-03-28,-20.9,GBP,,,LIDL UK LTD LONDON,debit
financially_stretched,Ggz6Rw4DmGu6Xnq8K6y4hBZWz31PVPC6NdaGl,AZVW41zEmlhwyx9mKwLkCn5gpeEMggF94WW7r,2026-03-28,2026-03-28,1080.9,GBP,,,WONGA COM LTD REF:LOAN-REPAY,debit
financially_stretched,LrawQMeD9Rhgyxewbg3ziQpW4aJ191ck457eW,AZVW41zEmlhwyx9mKwLkCn5gpeEMggF94WW7r,2026-03-28,2026-03-28,-39.16,GBP,,,BETFAIR UK REF:ACCOUNT,debit
financially_stretched,W7MApJWD9oTzBZNbkzlVh9gz4Kr3D3H6NVRPG,AZVW41zEmlhwyx9mKwLkCn5gpeEMggF94WW7r,2026-03-28,2026-03-28,-22.62,GBP,,,NIKE UK ONLINE STORE,debit
financially_stretched,gGX6NpxW3ruqBjZdEql7txd8qGJPEPFEZJoL8,AZVW41zEmlhwyx9mKwLkCn5gpeEMggF94WW7r,2026-03-28,2026-03-28,-56.04,GBP,,,OCADO RETAIL LTD REF:ORDER,debit
financially_stretched,oGDoWben7Ru5jpe4G5dgfepGojA5J5CoBmjp5,AZVW41zEmlhwyx9mKwLkCn5gpeEMggF94WW7r,2026-03-28,2026-03-28,-42.37,GBP,,,LIDL UK LTD LONDON,debit
financially_stretched,pyDmlgQneJIJGoj4EJnXUMdoAyk696Up6dwJl,AZVW41zEmlhwyx9mKwLkCn5gpeEMggF94WW7r,2026-03-28,2026-03-28,-23.14,GBP,,,OCADO RETAIL LTD REF:ORDER,debit
financially_stretched,zR5JAn47G7SayLA3JD5dUZxV47KEkZiloVAZn,ZrjbpdxNZNH8QPgjayZNhKkyVVpxLAfezo97G,2026-03-28,2026-03-28,-7.77,GBP,,,ASDA SUPERSTORE LONDON,debit
financially_stretched,3zvPLQWqrqhg1j9vaEqrTnx6XgkGMntZqA7vv,ZrjbpdxNZNH8QPgjayZNhKkyVVpxLAfezo97G,2026-03-29,2026-03-29,-34.34,GBP,,,IKEA UK LTD WEMBLEY,debit
financially_stretched,4BV6pM3KzKUVo9gw6WKQuMrKZGX91MCJdo6qJ,ZrjbpdxNZNH8QPgjayZNhKkyVVpxLAfezo97G,2026-03-29,2026-03-29,-6.84,GBP,,,DOMINOS PIZZA UK LTD,debit
financially_stretched,a43kPoEM8MIXd4k9ENgJCNGPemkxnNuZ7Njb7,ZrjbpdxNZNH8QPgjayZNhKkyVVpxLAfezo97G,2026-03-29,2026-03-29,-36.56,GBP,,,BETFAIR UK REF:ACCOUNT,debit
financially_stretched,bGXowpKWqauoldprGomNtbgGLlkKDKfm9elok,AZVW41zEmlhwyx9mKwLkCn5gpeEMggF94WW7r,2026-03-29,2026-03-29,-47.1,GBP,,,OCADO RETAIL LTD REF:ORDER,debit
financially_stretched,djJgNGlpkphAleM3569wUgAq81B4ngIJZk8dP,ZrjbpdxNZNH8QPgjayZNhKkyVVpxLAfezo97G,2026-03-29,2026-03-29,-57.33,GBP,,,CO-OP FOOD LONDON N1,debit
financially_stretched,nGD9b47njXu1PLZQG1NatqMW8PLEBEtA74o3o,AZVW41zEmlhwyx9mKwLkCn5gpeEMggF94WW7r,2026-03-29,2026-03-29,-7.77,GBP,,,ASDA SUPERSTORE LONDON,debit
financially_stretched,x9XxREdPGPHrzyg1Mq7vhXBy9qZkVXu6n15Xm,ZrjbpdxNZNH8QPgjayZNhKkyVVpxLAfezo97G,2026-03-29,2026-03-29,-38.24,GBP,,,OCADO RETAIL LTD REF:ORDER,debit
financially_stretched,7dVPL8JBxBH3AdepPQnBT7b4gyX5o7TdgZEzj,ZrjbpdxNZNH8QPgjayZNhKkyVVpxLAfezo97G,2026-03-30,2026-03-30,-12.36,GBP,,,BETFAIR UK REF:ACCOUNT,debit
financially_stretched,9a7j5kmEZvH8kxLGN86bt87o1pMLwLi4e6rq1,AZVW41zEmlhwyx9mKwLkCn5gpeEMggF94WW7r,2026-03-30,2026-03-30,-57.33,GBP,,,CO-OP FOOD LONDON N1,debit
financially_stretched,NmnqMAeGBGfQz63ALBJahyNn8wXmKyiyW3lbX,ZrjbpdxNZNH8QPgjayZNhKkyVVpxLAfezo97G,2026-03-30,2026-03-30,-20.32,GBP,,,ASDA SUPERSTORE LONDON,debit
financially_stretched,P9ErjmyqxqH43VAqdEmwfNmKAgXGqNuo71xbQ,ZrjbpdxNZNH8QPgjayZNhKkyVVpxLAfezo97G,2026-03-30,2026-03-30,-18.88,GBP,,,NANDOS RESTAURANT LONDON,debit
financially_stretched,RaMAZBpD9eHVBnxeQVWjilvVa4LNWNcaxE9PL,AZVW41zEmlhwyx9mKwLkCn5gpeEMggF94WW7r,2026-03-30,2026-03-30,-6.84,GBP,,,DOMINOS PIZZA UK LTD,debit
financially_stretched,e7J6ybqoGoUePaXwM3DqhKnkyZlNEKIrLgqKJ,ZrjbpdxNZNH8QPgjayZNhKkyVVpxLAfezo97G,2026-03-30,2026-03-30,-29.17,GBP,,,BETFAIR UK REF:ACCOUNT,debit
financially_stretched,j1gpkweA9AsE7P6KxMnmUwgNlDjqBwu61ENkG,ZrjbpdxNZNH8QPgjayZNhKkyVVpxLAfezo97G,2026-03-30,2026-03-30,-54.22,GBP,,,DOMINOS PIZZA UK LTD,debit
financially_stretched,mGDwaJjnPeuLN184ELmJtZByqGgN5NtgKaE4m,AZVW41zEmlhwyx9mKwLkCn5gpeEMggF94WW7r,2026-03-30,2026-03-30,-34.34,GBP,,,IKEA UK LTD WEMBLEY,debit
financially_stretched,vwDJ3BonkrulmG9rElaMtQqkAwBxDxcqGdpvd,AZVW41zEmlhwyx9mKwLkCn5gpeEMggF94WW7r,2026-03-30,2026-03-30,-36.56,GBP,,,BETFAIR UK REF:ACCOUNT,debit
financially_stretched,yXKRDdEnpaU6GbdD96Vehw5XnVmdQdf41BGKd,AZVW41zEmlhwyx9mKwLkCn5gpeEMggF94WW7r,2026-03-30,2026-03-30,-38.24,GBP,,,OCADO RETAIL LTD REF:ORDER,debit
financially_stretched,1KwJLPeGqGUGokVbMgN8sp7vbL6lDpip5znyv,ZrjbpdxNZNH8QPgjayZNhKkyVVpxLAfezo97G,2026-03-31,2026-03-31,-8.59,GBP,,,BETFAIR UK REF:ACCOUNT,debit
financially_stretched,6364LXGE7whJeMxRBJVEU56jMwrWAWc8a561a,AZVW41zEmlhwyx9mKwLkCn5gpeEMggF94WW7r,2026-03-31,2026-03-31,-20.32,GBP,,,ASDA SUPERSTORE LONDON,debit
financially_stretched,DLqG4okDvrTdDoj7EdkztwJ3xLqgBgf3lM14z,AZVW41zEmlhwyx9mKwLkCn5gpeEMggF94WW7r,2026-03-31,2026-03-31,-54.22,GBP,,,DOMINOS PIZZA UK LTD,debit
financially_stretched,MbZlRE1AzAsErDKe4JXBUqZVPr4b6qCL9KjAG,ZrjbpdxNZNH8QPgjayZNhKkyVVpxLAfezo97G,2026-03-31,2026-03-31,-34.29,GBP,,,SAINSBURYS SUPERMARKETS LONDON,debit
financially_stretched,QvWz79eKdKSKxlkwEQ6DHPArq7NEKPiwp1NLj,ZrjbpdxNZNH8QPgjayZNhKkyVVpxLAfezo97G,2026-03-31,2026-03-31,-31.28,GBP,,,OCADO RETAIL LTD REF:ORDER,debit
financially_stretched,VjLmwpED9XSaL3b6yaJVtm13dKyQbQF95raqW,AZVW41zEmlhwyx9mKwLkCn5gpeEMggF94WW7r,2026-03-31,2026-03-31,-12.36,GBP,,,BETFAIR UK REF:ACCOUNT,debit
financially_stretched,XeGRQoAW9NfQjarPbQeDFWydjv78N8HbMaQ1p,AZVW41zEmlhwyx9mKwLkCn5gpeEMggF94WW7r,2026-03-31,2026-03-31,-18.88,GBP,,,NANDOS RESTAURANT LONDON,debit
financially_stretched,ZrjbpdxNZNH8QPgjayZNhKkP4J9lNKIeg3owW,ZrjbpdxNZNH8QPgjayZNhKkyVVpxLAfezo97G,2026-03-31,2026-03-31,-41.69,GBP,,,NIKE UK ONLINE STORE,debit
financially_stretched,wGl1x3kmozuRpnKbGRPJC5BElpR464cPy8GEP,AZVW41zEmlhwyx9mKwLkCn5gpeEMggF94WW7r,2026-03-31,2026-03-31,-29.17,GBP,,,BETFAIR UK REF:ACCOUNT,debit
financially_stretched,5BbaJ7AmjwhVwB3XRVoDik7X5Apomot54mvGG,AZVW41zEmlhwyx9mKwLkCn5gpeEMggF94WW7r,2026-04-01,2026-04-01,-31.28,GBP,,,OCADO RETAIL LTD REF:ORDER,debit
financially_stretched,JqxWQkjDmGc6d7z1D6vKh4gw15KDBDiBKPAQo,AZVW41zEmlhwyx9mKwLkCn5gpeEMggF94WW7r,2026-04-01,2026-04-01,-41.69,GBP,,,NIKE UK ONLINE STORE,debit
financially_stretched,LnbMQgRWrWUJK9ArNg6qSNzZw5e3DNukP7A4v,ZrjbpdxNZNH8QPgjayZNhKkyVVpxLAfezo97G,2026-04-01,2026-04-01,-27.51,GBP,,,BETFAIR UK REF:ACCOUNT,debit
financially_stretched,gQJpNvr8G8f3NbmXMq6kTZkMap3jlZiEgoeZA,ZrjbpdxNZNH8QPgjayZNhKkyVVpxLAfezo97G,2026-04-01,2026-04-01,-47.8,GBP,,,OVERDRAFT FEE,debit
financially_stretched,k6DopwNW4eHm9V8L6m5PC5j6V9RebecLGv9J8,AZVW41zEmlhwyx9mKwLkCn5gpeEMggF94WW7r,2026-04-01,2026-04-01,-34.29,GBP,,,SAINSBURYS SUPERMARKETS LONDON,debit
financially_stretched,lGDoJ7PnNXuq4MeRGqLat3ZGn49vrvhpzx4aJ,AZVW41zEmlhwyx9mKwLkCn5gpeEMggF94WW7r,2026-04-01,2026-04-01,-8.59,GBP,,,BETFAIR UK REF:ACCOUNT,debit
financially_stretched,o8LbWxRrGrszk1aQP57wFBnqREPv4BFoRjJBW,ZrjbpdxNZNH8QPgjayZNhKkyVVpxLAfezo97G,2026-04-01,2026-04-01,-24.95,GBP,,,IKEA UK LTD WEMBLEY,debit
financially_stretched,pEXglaJzyzt7kDvwMJmdUKN8PWqvQKIpLw767,ZrjbpdxNZNH8QPgjayZNhKkyVVpxLAfezo97G,2026-04-01,2026-04-01,-16.58,GBP,,,THE COAL HOLE LONDON WC2,debit
financially_stretched,8aR6vWx3d3HprnExkV5efKDg7B8ZRKIWwnPQd,ZrjbpdxNZNH8QPgjayZNhKkyVVpxLAfezo97G,2026-04-02,2026-04-02,-55.46,GBP,,,NANDOS RESTAURANT LONDON,debit
financially_stretched,AM914qleZeCVA4bopwMnuazxomX91ah918bRz,ZrjbpdxNZNH8QPgjayZNhKkyVVpxLAfezo97G,2026-04-02,2026-04-02,-37.15,GBP,,,SAINSBURYS SUPERMARKETS LONDON,debit
financially_stretched,Eor7naz1p1UlGVvWogMnfgd43Nl7KgI4XyaZo,ZrjbpdxNZNH8QPgjayZNhKkyVVpxLAfezo97G,2026-04-02,2026-04-02,-27.38,GBP,,,NIKE UK ONLINE STORE,debit
financially_stretched,G8kwRjGpgpsmMVwD16pxUyjnEdGRNyi61aVJQ,ZrjbpdxNZNH8QPgjayZNhKkyVVpxLAfezo97G,2026-04-02,2026-04-02,-20.63,GBP,,,DELIVEROO UK REF:ORDER-APP,debit
financially_stretched,KKdWyR7Dmehkarl7pk8gFZAdB6J1W1tR7QyE5,AZVW41zEmlhwyx9mKwLkCn5gpeEMggF94WW7r,2026-04-02,2026-04-02,-16.58,GBP,,,THE COAL HOLE LONDON WC2,debit
financially_stretched,Wl4JpKod7dUg6v7jDzmETwaJxZPmpwu6lRdon,ZrjbpdxNZNH8QPgjayZNhKkyVVpxLAfezo97G,2026-04-02,2026-04-02,-22.59,GBP,,,POUNDLAND LTD LONDON,debit
financially_stretched,bNjpw8a1G1hRQbzwkoJ3s9Amapodq9umVlRgQ,ZrjbpdxNZNH8QPgjayZNhKkyVVpxLAfezo97G,2026-04-02,2026-04-02,-57.36,GBP,,,B&Q RETAIL LTD LONDON,debit
financially_stretched,mo9JareqGqUG6X7PxLwDsKnwrelzdKIgLEGRd,ZrjbpdxNZNH8QPgjayZNhKkyVVpxLAfezo97G,2026-04-02,2026-04-02,-49.92,GBP,,,DELIVEROO UK REF:ORDER-APP,debit
financially_stretched,ngJ4bBXKGKco8AEn9176U7Nz5wXka7TA6oaPN,ZrjbpdxNZNH8QPgjayZNhKkyVVpxLAfezo97G,2026-04-02,2026-04-02,-52.52,GBP,,,SAINSBURYS SUPERMARKETS LONDON,debit
financially_stretched,qGDoqlZyQmubegVjWbL5HKaWxERmqmUgv3E6L,AZVW41zEmlhwyx9mKwLkCn5gpeEMggF94WW7r,2026-04-02,2026-04-02,-27.51,GBP,,,BETFAIR UK REF:ACCOUNT,debit
financially_stretched,rGDoKqMnZLu9Q8nXG9pRiR5GoQkjqji7WzQdm,AZVW41zEmlhwyx9mKwLkCn5gpeEMggF94WW7r,2026-04-02,2026-04-02,-24.95,GBP,,,IKEA UK LTD WEMBLEY,debit
financially_stretched,zGr1AJWXb4uD8BwgMD1etGWpb9wJoJHlZnV36,AZVW41zEmlhwyx9mKwLkCn5gpeEMggF94WW7r,2026-04-02,2026-04-02,-47.8,GBP,,,OVERDRAFT FEE,debit
financially_stretched,3rbxLPEANWhEw5enNElAt1mLvJZ5d5cZvxAmK,AZVW41zEmlhwyx9mKwLkCn5gpeEMggF94WW7r,2026-04-03,2026-04-03,-27.38,GBP,,,NIKE UK ONLINE STORE,debit
financially_stretched,4zbdp6W5P3TWr1a75WBDt5dDwENenecJqPolD,AZVW41zEmlhwyx9mKwLkCn5gpeEMggF94WW7r,2026-04-03,2026-04-03,-52.52,GBP,,,SAINSBURYS SUPERMARKETS LONDON,debit
financially_stretched,BMZWvwBbmquZW9N1LZknt8VRebnPwPi4RlBzJ,AZVW41zEmlhwyx9mKwLkCn5gpeEMggF94WW7r,2026-04-03,2026-04-03,-55.46,GBP,,,NANDOS RESTAURANT LONDON,debit
financially_stretched,NBNyMqZD9ehBe9rVwBvyTjPQ1kA363cybw3nM,AZVW41zEmlhwyx9mKwLkCn5gpeEMggF94WW7r,2026-04-03,2026-04-03,-57.36,GBP,,,B&Q RETAIL LTD LONDON,debit
financially_stretched,PxWAjr1DwyIEo6GXbEBWtk7EyvoZVZtobR1QG,AZVW41zEmlhwyx9mKwLkCn5gpeEMggF94WW7r,2026-04-03,2026-04-03,-49.92,GBP,,,DELIVEROO UK REF:ORDER-APP,debit
financially_stretched,a8XGPkqblESNQx8oKNB6tMjZ6dXzbzUZbMNky,AZVW41zEmlhwyx9mKwLkCn5gpeEMggF94WW7r,2026-04-03,2026-04-03,-20.63,GBP,,,DELIVEROO UK REF:ORDER-APP,debit
financially_stretched,dkX9Ngz6rlc6G4Jbk6mZhQ5EbGVLaLcJdpkBL,AZVW41zEmlhwyx9mKwLkCn5gpeEMggF94WW7r,2026-04-03,2026-04-03,-37.15,GBP,,,SAINSBURYS SUPERMARKETS LONDON,debit
financially_stretched,xGqmRx8nJduqobR5Xq98t4gbRnawQwi6Xb1y5,AZVW41zEmlhwyx9mKwLkCn5gpeEMggF94WW7r,2026-04-03,2026-04-03,-22.59,GBP,,,POUNDLAND LTD LONDON,debit
financially_stretched,yvbdDAajXjSaBq5lR6AXUpAB41Jvypi4yGJkA,ZrjbpdxNZNH8QPgjayZNhKkyVVpxLAfezo97G,2026-04-03,2026-04-03,-10.3,GBP,,,POUNDLAND LTD LONDON,debit
financially_stretched,j956kp4naeCMGQ8N9MjwirQo5Gx939u6keEZD,AZVW41zEmlhwyx9mKwLkCn5gpeEMggF94WW7r,2026-04-04,2026-04-04,-10.3,GBP,,,POUNDLAND LTD LONDON,debit
financially_stretched,6xBXLowz3zTmAr4N9JzPUzJo1PKXpzi8g6EjK,ZrjbpdxNZNH8QPgjayZNhKkyVVpxLAfezo97G,2026-04-05,2026-04-05,-27.98,GBP,,,SAINSBURYS SUPERMARKETS LONDON,debit
financially_stretched,94wk5GvxaxIvAwDd58mniPgBr6aRWPi4Rr7zg,ZrjbpdxNZNH8QPgjayZNhKkyVVpxLAfezo97G,2026-04-05,2026-04-05,-56.82,GBP,,,NIKE UK ONLINE STORE,debit
financially_stretched,Rk1BZReraruvdaDg4Vk6ik18KDP3XkIaR967N,ZrjbpdxNZNH8QPgjayZNhKkyVVpxLAfezo97G,2026-04-05,2026-04-05,-50.94,GBP,,,BETFAIR UK REF:ACCOUNT,debit
financially_stretched,XqwoQzNaeatz7nwyJQvdFAlVRz1MnAtbdQ7pK,ZrjbpdxNZNH8QPgjayZNhKkyVVpxLAfezo97G,2026-04-05,2026-04-05,978.21,GBP,,,FPS TRANSFER REF:P2P-SEND,debit
financially_stretched,vmRB3pr4w4f5KkqLJlQXH4rygmPj64uqWpLaZ,ZrjbpdxNZNH8QPgjayZNhKkyVVpxLAfezo97G,2026-04-05,2026-04-05,-39.34,GBP,,,SAINSBURYS SUPERMARKETS LONDON,debit
financially_stretched,53V7JLwrBrszAgyxMVrlFWyPn1jJLWu5ZvazP,ZrjbpdxNZNH8QPgjayZNhKkyVVpxLAfezo97G,2026-04-06,2026-04-06,1004.18,GBP,,,FPS TRANSFER REF:P2P-SEND,debit
financially_stretched,7xbNLPnDeJIQlKwRvQaDFlj61aPWvWcdzqZMm,AZVW41zEmlhwyx9mKwLkCn5gpeEMggF94WW7r,2026-04-06,2026-04-06,-56.82,GBP,,,NIKE UK ONLINE STORE,debit
financially_stretched,Dpwo4xrMLMs9bB1yvdMxH1pakMozn1S3v1Amq,ZrjbpdxNZNH8QPgjayZNhKkyVVpxLAfezo97G,2026-04-06,2026-04-06,-20.64,GBP,,,THE COAL HOLE LONDON WC2,debit
financially_stretched,Mz4VRlQDm1TJ7VmZ9JyQUlgekyvzDzcLArKey,AZVW41zEmlhwyx9mKwLkCn5gpeEMggF94WW7r,2026-04-06,2026-04-06,978.21,GBP,,,FPS TRANSFER REF:P2P-SEND,debit
financially_stretched,QdMA7zLDkeTQ7B3JeQ1RFMZQz3kVbVUwLV13E,AZVW41zEmlhwyx9mKwLkCn5gpeEMggF94WW7r,2026-04-06,2026-04-06,-50.94,GBP,,,BETFAIR UK REF:ACCOUNT,debit
financially_stretched,VVgpwlXxjxI1PxBEpakjHzAw5eqoxzi9WajbB,ZrjbpdxNZNH8QPgjayZNhKkyVVpxLAfezo97G,2026-04-06,2026-04-06,-51.34,GBP,,,POUNDLAND LTD LONDON,debit
financially_stretched,ZZMApbnWJxhyzleXky56F78yodDaXaUewB3rX,AZVW41zEmlhwyx9mKwLkCn5gpeEMggF94WW7r,2026-04-06,2026-04-06,-27.98,GBP,,,SAINSBURYS SUPERMARKETS LONDON,debit
financially_stretched,eGXDy6BWzqu3rN4AG3xZigz9Lr1mjmirKGg7l,AZVW41zEmlhwyx9mKwLkCn5gpeEMggF94WW7r,2026-04-06,2026-04-06,-39.34,GBP,,,SAINSBURYS SUPERMARKETS LONDON,debit
financially_stretched,wy53xgzNGNc9ymzNMRkgHyWGdza7eyiPrG4A6,ZrjbpdxNZNH8QPgjayZNhKkyVVpxLAfezo97G,2026-04-06,2026-04-06,-59.84,GBP,,,MORRISONS SUPERMARKET LONDON,debit
financially_stretched,1qVBLJgEaecgr59v7gKEiJe9MAyx1xupy1zZr,AZVW41zEmlhwyx9mKwLkCn5gpeEMggF94WW7r,2026-04-07,2026-04-07,-20.64,GBP,,,THE COAL HOLE LONDON WC2,debit
financially_stretched,LrawQMeD9Rhgyxewbg3ziQpW4aJ191ck457lW,AZVW41zEmlhwyx9mKwLkCn5gpeEMggF94WW7r,2026-04-07,2026-04-07,-51.34,GBP,,,POUNDLAND LTD LONDON,debit
financially_stretched,oGDoWben7Ru5jpe4G5dgfepGojA5J5CoBmjk5,AZVW41zEmlhwyx9mKwLkCn5gpeEMggF94WW7r,2026-04-07,2026-04-07,1004.18,GBP,,,FPS TRANSFER REF:P2P-SEND,debit
financially_stretched,pyDmlgQneJIJGoj4EJnXUMdoAyk696Up6dwEl,AZVW41zEmlhwyx9mKwLkCn5gpeEMggF94WW7r,2026-04-07,2026-04-07,-59.84,GBP,,,MORRISONS SUPERMARKET LONDON,debit
financially_stretched,JAbkQ1G8q8CLlBwXN6AxUqN7nPQoWqCBdAlpE,ZrjbpdxNZNH8QPgjayZNhKkyVVpxLAfezo97G,2026-04-08,2026-04-08,-17.06,GBP,,,NANDOS RESTAURANT LONDON,debit
financially_stretched,kLmwpJeG6GhBMp4zkmoAsLzrXN3K8LCLW94r9,ZrjbpdxNZNH8QPgjayZNhKkyVVpxLAfezo97G,2026-04-08,2026-04-08,-49.01,GBP,,,BETFAIR UK REF:ACCOUNT,debit
financially_stretched,8dmPv6bEQxTVv7qMwVj1iLG5xbmAlAuWQBnKo,AZVW41zEmlhwyx9mKwLkCn5gpeEMggF94WW7r,2026-04-09,2026-04-09,-49.01,GBP,,,BETFAIR UK REF:ACCOUNT,debit
financially_stretched,gGX6NpxW3ruqBjZdEql7txd8qGJPEPFEZJo48,AZVW41zEmlhwyx9mKwLkCn5gpeEMggF94WW7r,2026-04-09,2026-04-09,-17.06,GBP,,,NANDOS RESTAURANT LONDON,debit
financially_stretched,KGVRypeEKECXqWdJNkoLCl3rgQEbmlFRVylg8,ZrjbpdxNZNH8QPgjayZNhKkyVVpxLAfezo97G,2026-04-10,2026-04-10,-52.33,GBP,,,BET365 UK REF:DEPOSIT,debit
financially_stretched,lp17JqXlGls6D7nobqVmUzjkW8N6bzipZ4K1q,ZrjbpdxNZNH8QPgjayZNhKkyVVpxLAfezo97G,2026-04-10,2026-04-10,-14.15,GBP,,,GREGGS BAKERY LONDON,debit
financially_stretched,qWjlqNmBGBIBo6GkPb74svZl9n5dAvugdEe8m,ZrjbpdxNZNH8QPgjayZNhKkyVVpxLAfezo97G,2026-04-10,2026-04-10,-13.28,GBP,,,POUNDLAND LTD LONDON,debit
financially_stretched,rA5qKjL3G3CkZm5vP96oTWnwKZX86Wu7lQrL4,ZrjbpdxNZNH8QPgjayZNhKkyVVpxLAfezo97G,2026-04-10,2026-04-10,-15.45,GBP,,,NANDOS RESTAURANT LONDON,debit
financially_stretched,AZVW41zEmlhwyx9mKwLkCn5bRQG747i9Vm86X,AZVW41zEmlhwyx9mKwLkCn5gpeEMggF94WW7r,2026-04-11,2026-04-11,-52.33,GBP,,,BET365 UK REF:DEPOSIT,debit
financially_stretched,B15wvrqQMQsojwR36ZbqUa397lg6Kah4wB9q1,ZrjbpdxNZNH8QPgjayZNhKkyVVpxLAfezo97G,2026-04-11,2026-04-11,-387.97,GBP,,,WONGA COM LTD REF:LOAN-REPAY,debit
financially_stretched,EpKWn7dD6zSgbB9Lkgd1iR9vbaprVri4ANy9q,AZVW41zEmlhwyx9mKwLkCn5gpeEMggF94WW7r,2026-04-11,2026-04-11,-14.15,GBP,,,GREGGS BAKERY LONDON,debit
financially_stretched,Ggz6Rw4DmGu6Xnq8K6y4hBZWz31PVPC6NdaAl,AZVW41zEmlhwyx9mKwLkCn5gpeEMggF94WW7r,2026-04-11,2026-04-11,-15.45,GBP,,,NANDOS RESTAURANT LONDON,debit
financially_stretched,W7MApJWD9oTzBZNbkzlVh9gz4Kr3D3H6NVRwG,AZVW41zEmlhwyx9mKwLkCn5gpeEMggF94WW7r,2026-04-11,2026-04-11,-13.28,GBP,,,POUNDLAND LTD LONDON,debit
financially_stretched,zR5JAn47G7SayLA3JD5dUZxV47KEkZiloVADn,ZrjbpdxNZNH8QPgjayZNhKkyVVpxLAfezo97G,2026-04-11,2026-04-11,-19.53,GBP,,,CO-OP FOOD LONDON N1,debit
financially_stretched,3zvPLQWqrqhg1j9vaEqrTnx6XgkGMntZqA7Gv,ZrjbpdxNZNH8QPgjayZNhKkyVVpxLAfezo97G,2026-04-12,2026-04-12,-22.82,GBP,,,PRIMARK STORES LTD LONDON,debit
financially_stretched,bGXowpKWqauoldprGomNtbgGLlkKDKfm9elNk,AZVW41zEmlhwyx9mKwLkCn5gpeEMggF94WW7r,2026-04-12,2026-04-12,-387.97,GBP,,,WONGA COM LTD REF:LOAN-REPAY,debit
financially_stretched,nGD9b47njXu1PLZQG1NatqMW8PLEBEtA74oKo,AZVW41zEmlhwyx9mKwLkCn5gpeEMggF94WW7r,2026-04-12,2026-04-12,-19.53,GBP,,,CO-OP FOOD LONDON N1,debit
financially_stretched,x9XxREdPGPHrzyg1Mq7vhXBy9qZkVXu6n15mm,ZrjbpdxNZNH8QPgjayZNhKkyVVpxLAfezo97G,2026-04-12,2026-04-12,-36.5,GBP,,,INSUFFICIENT FUNDS FEE,debit
financially_stretched,a43kPoEM8MIXd4k9ENgJCNGPemkxnNuZ7Njp7,ZrjbpdxNZNH8QPgjayZNhKkyVVpxLAfezo97G,2026-04-13,2026-04-13,-13.63,GBP,,,CO-OP FOOD LONDON N1,debit
financially_stretched,djJgNGlpkphAleM3569wUgAq81B4ngIJZk8oP,ZrjbpdxNZNH8QPgjayZNhKkyVVpxLAfezo97G,2026-04-13,2026-04-13,-45.63,GBP,,,BET365 UK REF:DEPOSIT,debit
financially_stretched,mGDwaJjnPeuLN184ELmJtZByqGgN5NtgKaEMm,AZVW41zEmlhwyx9mKwLkCn5gpeEMggF94WW7r,2026-04-13,2026-04-13,-22.82,GBP,,,PRIMARK STORES LTD LONDON,debit
financially_stretched,yXKRDdEnpaU6GbdD96Vehw5XnVmdQdf41BGWd,AZVW41zEmlhwyx9mKwLkCn5gpeEMggF94WW7r,2026-04-13,2026-04-13,-36.5,GBP,,,INSUFFICIENT FUNDS FEE,debit
financially_stretched,4BV6pM3KzKUVo9gw6WKQuMrKZGX91MCJdo68J,ZrjbpdxNZNH8QPgjayZNhKkyVVpxLAfezo97G,2026-04-14,2026-04-14,-42.32,GBP,,,CO-OP FOOD LONDON N1,debit
financially_stretched,9a7j5kmEZvH8kxLGN86bt87o1pMLwLi4e6rV1,AZVW41zEmlhwyx9mKwLkCn5gpeEMggF94WW7r,2026-04-14,2026-04-14,-45.63,GBP,,,BET365 UK REF:DEPOSIT,debit
financially_stretched,NmnqMAeGBGfQz63ALBJahyNn8wXmKyiyW3lLX,ZrjbpdxNZNH8QPgjayZNhKkyVVpxLAfezo97G,2026-04-14,2026-04-14,-14.59,GBP,,,MORRISONS SUPERMARKET LONDON,debit
financially_stretched,P9ErjmyqxqH43VAqdEmwfNmKAgXGqNuo71xEQ,ZrjbpdxNZNH8QPgjayZNhKkyVVpxLAfezo97G,2026-04-14,2026-04-14,-334.68,GBP,,,WONGA COM LTD REF:LOAN-REPAY,debit
financially_stretched,vwDJ3BonkrulmG9rElaMtQqkAwBxDxcqGdpnd,AZVW41zEmlhwyx9mKwLkCn5gpeEMggF94WW7r,2026-04-14,2026-04-14,-13.63,GBP,,,CO-OP FOOD LONDON N1,debit
financially_stretched,6364LXGE7whJeMxRBJVEU56jMwrWAWc8a56ba,AZVW41zEmlhwyx9mKwLkCn5gpeEMggF94WW7r,2026-04-15,2026-04-15,-14.59,GBP,,,MORRISONS SUPERMARKET LONDON,debit
financially_stretched,7dVPL8JBxBH3AdepPQnBT7b4gyX5o7TdgZE4j,ZrjbpdxNZNH8QPgjayZNhKkyVVpxLAfezo97G,2026-04-15,2026-04-15,-36.32,GBP,,,BET365 UK REF:DEPOSIT,debit
financially_stretched,MbZlRE1AzAsErDKe4JXBUqZVPr4b6qCL9KjbG,ZrjbpdxNZNH8QPgjayZNhKkyVVpxLAfezo97G,2026-04-15,2026-04-15,-6.49,GBP,,,LIDL UK LTD LONDON,debit
financially_stretched,QvWz79eKdKSKxlkwEQ6DHPArq7NEKPiwp1Nrj,ZrjbpdxNZNH8QPgjayZNhKkyVVpxLAfezo97G,2026-04-15,2026-04-15,-15.02,GBP,,,BET365 UK REF:DEPOSIT,debit
financially_stretched,RaMAZBpD9eHVBnxeQVWjilvVa4LNWNcaxE9XL,AZVW41zEmlhwyx9mKwLkCn5gpeEMggF94WW7r,2026-04-15,2026-04-15,-42.32,GBP,,,CO-OP FOOD LONDON N1,debit
financially_stretched,XeGRQoAW9NfQjarPbQeDFWydjv78N8HbMaQPp,AZVW41zEmlhwyx9mKwLkCn5gpeEMggF94WW7r,2026-04-15,2026-04-15,-334.68,GBP,,,WONGA COM LTD REF:LOAN-REPAY,debit
financially_stretched,ZrjbpdxNZNH8QPgjayZNhKkP4J9lNKIeg3onW,ZrjbpdxNZNH8QPgjayZNhKkyVVpxLAfezo97G,2026-04-15,2026-04-15,-7.09,GBP,,,GREGGS BAKERY LONDON,debit
financially_stretched,e7J6ybqoGoUePaXwM3DqhKnkyZlNEKIrLgqyJ,ZrjbpdxNZNH8QPgjayZNhKkyVVpxLAfezo97G,2026-04-15,2026-04-15,-18.51,GBP,,,MARKS AND SPENCER FOOD,debit
financially_stretched,j1gpkweA9AsE7P6KxMnmUwgNlDjqBwu61ENoG,ZrjbpdxNZNH8QPgjayZNhKkyVVpxLAfezo97G,2026-04-15,2026-04-15,-12.32,GBP,,,BETFAIR UK REF:ACCOUNT,debit
financially_stretched,1KwJLPeGqGUGokVbMgN8sp7vbL6lDpip5znbv,ZrjbpdxNZNH8QPgjayZNhKkyVVpxLAfezo97G,2026-04-16,2026-04-16,-22.76,GBP,,,SAINSBURYS SUPERMARKETS LONDON,debit
financially_stretched,3zvPLQWqrqhg1j9vaEqrTnx6XgkGMntZqA7G7,ZrjbpdxNZNH8QPgjayZNhKkyVVpxLAfezo97G,2026-04-16,2026-04-16,-50.76,GBP,,,DOMINOS PIZZA UK LTD,debit
financially_stretched,5BbaJ7AmjwhVwB3XRVoDik7X5Apomot54mv3G,AZVW41zEmlhwyx9mKwLkCn5gpeEMggF94WW7r,2026-04-16,2026-04-16,-15.02,GBP,,,BET365 UK REF:DEPOSIT,debit
financially_stretched,B15wvrqQMQsojwR36ZbqUa397lg6Kah4wB9q6,ZrjbpdxNZNH8QPgjayZNhKkyVVpxLAfezo97G,2026-04-16,2026-04-16,-6.29,GBP,,,CO-OP FOOD LONDON N1,debit
financially_stretched,DLqG4okDvrTdDoj7EdkztwJ3xLqgBgf3lM1Ez,AZVW41zEmlhwyx9mKwLkCn5gpeEMggF94WW7r,2026-04-16,2026-04-16,-12.32,GBP,,,BETFAIR UK REF:ACCOUNT,debit
financially_stretched,JqxWQkjDmGc6d7z1D6vKh4gw15KDBDiBKPAoo,AZVW41zEmlhwyx9mKwLkCn5gpeEMggF94WW7r,2026-04-16,2026-04-16,-7.09,GBP,,,GREGGS BAKERY LONDON,debit
financially_stretched,VjLmwpED9XSaL3b6yaJVtm13dKyQbQF95rapW,AZVW41zEmlhwyx9mKwLkCn5gpeEMggF94WW7r,2026-04-16,2026-04-16,-36.32,GBP,,,BET365 UK REF:DEPOSIT,debit
financially_stretched,djJgNGlpkphAleM3569wUgAq81B4ngIJZk8oV,ZrjbpdxNZNH8QPgjayZNhKkyVVpxLAfezo97G,2026-04-16,2026-04-16,-355.5,GBP,,,WONGA COM LTD REF:LOAN-REPAY,debit
financially_stretched,k6DopwNW4eHm9V8L6m5PC5j6V9RebecLGv9z8,AZVW41zEmlhwyx9mKwLkCn5gpeEMggF94WW7r,2026-04-16,2026-04-16,-6.49,GBP,,,LIDL UK LTD LONDON,debit
financially_stretched,wGl1x3kmozuRpnKbGRPJC5BElpR464cPy8GqP,AZVW41zEmlhwyx9mKwLkCn5gpeEMggF94WW7r,2026-04-16,2026-04-16,-18.51,GBP,,,MARKS AND SPENCER FOOD,debit
financially_stretched,x9XxREdPGPHrzyg1Mq7vhXBy9qZkVXu6n15md,ZrjbpdxNZNH8QPgjayZNhKkyVVpxLAfezo97G,2026-04-16,2026-04-16,-7.71,GBP,,,OCADO RETAIL LTD REF:ORDER,debit
financially_stretched,4BV6pM3KzKUVo9gw6WKQuMrKZGX91MCJdo6ga,ZrjbpdxNZNH8QPgjayZNhKkyVVpxLAfezo97G,2026-04-17,2026-04-17,-59.85,GBP,,,GREGGS BAKERY LONDON,debit
financially_stretched,KKdWyR7Dmehkarl7pk8gFZAdB6J1W1tR7QyG5,AZVW41zEmlhwyx9mKwLkCn5gpeEMggF94WW7r,2026-04-17,2026-04-17,-50.76,GBP,,,DOMINOS PIZZA UK LTD,debit
financially_stretched,NmnqMAeGBGfQz63ALBJahyNn8wXmKyiyW3lrE,ZrjbpdxNZNH8QPgjayZNhKkyVVpxLAfezo97G,2026-04-17,2026-04-17,-23.65,GBP,,,ASDA SUPERSTORE LONDON,debit
financially_stretched,a43kPoEM8MIXd4k9ENgJCNGPemkxnNuZ7Njpd,ZrjbpdxNZNH8QPgjayZNhKkyVVpxLAfezo97G,2026-04-17,2026-04-17,-23.1,GBP,,,MORRISONS SUPERMARKET LONDON,debit
financially_stretched,lGDoJ7PnNXuq4MeRGqLat3ZGn49vrvhpzx4EJ,AZVW41zEmlhwyx9mKwLkCn5gpeEMggF94WW7r,2026-04-17,2026-04-17,-22.76,GBP,,,SAINSBURYS SUPERMARKETS LONDON,debit
financially_stretched,qGDoqlZyQmubegVjWbL5HKaWxERmqmUgv3ENL,AZVW41zEmlhwyx9mKwLkCn5gpeEMggF94WW7r,2026-04-17,2026-04-17,-6.29,GBP,,,CO-OP FOOD LONDON N1,debit
financially_stretched,rGDoKqMnZLu9Q8nXG9pRiR5GoQkjqji7WzQam,AZVW41zEmlhwyx9mKwLkCn5gpeEMggF94WW7r,2026-04-17,2026-04-17,-7.71,GBP,,,OCADO RETAIL LTD REF:ORDER,debit
financially_stretched,zGr1AJWXb4uD8BwgMD1etGWpb9wJoJHlZnVw6,AZVW41zEmlhwyx9mKwLkCn5gpeEMggF94WW7r,2026-04-17,2026-04-17,-355.5,GBP,,,WONGA COM LTD REF:LOAN-REPAY,debit
financially_stretched,3rbxLPEANWhEw5enNElAt1mLvJZ5d5cZvxAMK,AZVW41zEmlhwyx9mKwLkCn5gpeEMggF94WW7r,2026-04-18,2026-04-18,-59.85,GBP,,,GREGGS BAKERY LONDON,debit
financially_stretched,BMZWvwBbmquZW9N1LZknt8VRebnPwPi4RlBAJ,AZVW41zEmlhwyx9mKwLkCn5gpeEMggF94WW7r,2026-04-18,2026-04-18,-23.1,GBP,,,MORRISONS SUPERMARKET LONDON,debit
financially_stretched,P9ErjmyqxqH43VAqdEmwfNmKAgXGqNuo71xwg,ZrjbpdxNZNH8QPgjayZNhKkyVVpxLAfezo97G,2026-04-18,2026-04-18,-6.03,GBP,,,DELIVEROO UK REF:ORDER-APP,debit
financially_stretched,xGqmRx8nJduqobR5Xq98t4gbRnawQwi6Xb1J5,AZVW41zEmlhwyx9mKwLkCn5gpeEMggF94WW7r,2026-04-18,2026-04-18,-23.65,GBP,,,ASDA SUPERSTORE LONDON,debit
gig_worker,1Z66JQm68AHJ5CWE6URfWMZTYW6Bp4AgvFj,xbWVKP9aG8TmlzqAJzrpHXBDzPxLgQu6AMedA,2025-11-01,2025-11-01,-18.34,GBP,,,COSTCO UK WATFORD,debit
gig_worker,5RL5DLKeB96vjLADpY0mt7Z66BZphYhcJMJ,xbWVKP9aG8TmlzqAJzrpHXBDzPxLgQu6AMedA,2025-11-01,2025-11-01,877.53,GBP,,,UBER EATS PAYMENTS BACS REF:XXXXX332,debit
gig_worker,vMWdLcGZDxYYTT3fpvnta2YT6NyQVMdt5BJ,xbWVKP9aG8TmlzqAJzrpHXBDzPxLgQu6AMedA,2025-11-02,2025-11-02,-20.82,GBP,,,SCREWFIX DIRECT LTD,debit
gig_worker,bkLYk8LkNASB74huXa2VjsDrtyhLJhuSNWX,xbWVKP9aG8TmlzqAJzrpHXBDzPxLgQu6AMedA,2025-11-03,2025-11-03,-62.91,GBP,,,ITSU UK LTD LONDON SE1,debit
gig_worker,cJNMgEahZ2cvjZsdbZbMCP7w9AHTAvBSCuR,xbWVKP9aG8TmlzqAJzrpHXBDzPxLgQu6AMedA,2025-11-03,2025-11-03,-44.73,GBP,,,NANDOS RESTAURANT LONDON,debit
gig_worker,r8YYmV4sX1cAHsNKm55eaNPPGVB5ZBP3V0b,xbWVKP9aG8TmlzqAJzrpHXBDzPxLgQu6AMedA,2025-11-04,2025-11-04,-57.76,GBP,,,THE COAL HOLE LONDON WC2,debit
gig_worker,waU7kZCeDYJ6uRHbyjDKRXpwWqXH5EcGLJp,xbWVKP9aG8TmlzqAJzrpHXBDzPxLgQu6AMedA,2025-11-05,2025-11-05,-30.12,GBP,,,PIZZA HUT UK REF:ORDER-ONL,debit
gig_worker,9NCW1xvuGn1SSy46WKd6Lp5SpAk0HPRJRM4,xbWVKP9aG8TmlzqAJzrpHXBDzPxLgQu6AMedA,2025-11-06,2025-11-06,-34.26,GBP,,,WAHACA RESTAURANT LONDON,debit
gig_worker,Yms1TgCTMxZUApBz4q8jkReULvy3GjGG9GH,xbWVKP9aG8TmlzqAJzrpHXBDzPxLgQu6AMedA,2025-11-07,2025-11-07,-39.85,GBP,,,OCADO RETAIL LTD REF:ORDER,debit
gig_worker,M23Xv96evEfTEWzF9sxtGqAhG7d9hJG4Y9C,xbWVKP9aG8TmlzqAJzrpHXBDzPxLgQu6AMedA,2025-11-08,2025-11-08,-46.1,GBP,,,POUNDLAND STORE #4421,debit
gig_worker,UMe1sbdukqK7FY43XFM0r2pxm0qUbv4aamk,xbWVKP9aG8TmlzqAJzrpHXBDzPxLgQu6AMedA,2025-11-08,2025-11-08,-39.9,GBP,,,POUNDLAND STORE #4421,debit
gig_worker,kNfxGqYFT9jj8NP4DBGvbTsDmCSk88JvYtF,xbWVKP9aG8TmlzqAJzrpHXBDzPxLgQu6AMedA,2025-11-08,2025-11-08,-30.14,GBP,,,WETHERSPOONS PUB LONDON,debit
gig_worker,gWvWvxvURwRQ4Yb9ER7UNRhg1T0Fxdxh1YV,xbWVKP9aG8TmlzqAJzrpHXBDzPxLgQu6AMedA,2025-11-09,2025-11-09,-50.15,GBP,,,CO-OP FOOD LONDON N1,debit
gig_worker,zJCEAB75hkf5rtBjV7c0VuvbWvyXu4PYEKc,xbWVKP9aG8TmlzqAJzrpHXBDzPxLgQu6AMedA,2025-11-09,2025-11-09,-6.27,GBP,,,DELIVEROO UK REF:ORDER-APP,debit
gig_worker,07s5kScHBwH3wwStLdBFGaR0DjKwjgsULWe,xbWVKP9aG8TmlzqAJzrpHXBDzPxLgQu6AMedA,2025-11-10,2025-11-10,-29.06,GBP,,,SCREWFIX DIRECT LTD,debit
gig_worker,K6pE59Q8Z9mCW9AVXKy5v7uZ9JpGdRrfmba,xbWVKP9aG8TmlzqAJzrpHXBDzPxLgQu6AMedA,2025-11-10,2025-11-10,-38.15,GBP,,,JD SPORTS FASHION PLC LONDON,debit
gig_worker,cxv1ncbWcf2FVzLxRtAUVX0fGr5HksmmWcB,xbWVKP9aG8TmlzqAJzrpHXBDzPxLgQu6AMedA,2025-11-11,2025-11-11,-23.81,GBP,,,PIZZA HUT UK REF:ORDER-ONL,debit
gig_worker,t93Cfz8WVAnhWBRE8FxuZ5XvuvxZETFaJuy,xbWVKP9aG8TmlzqAJzrpHXBDzPxLgQu6AMedA,2025-11-11,2025-11-11,-47.02,GBP,,,TESCO METRO LONDON EC1,debit
gig_worker,7PKZGJmpzfGY95sPpg3MSECEUwLSVDk9NA9,xbWVKP9aG8TmlzqAJzrpHXBDzPxLgQu6AMedA,2025-11-12,2025-11-12,-48.06,GBP,,,THE COAL HOLE LONDON WC2,debit
gig_worker,CkYjDzhrN705Gjd5xspez2U2vqLq4wJhWZq,xbWVKP9aG8TmlzqAJzrpHXBDzPxLgQu6AMedA,2025-11-12,2025-11-12,-36.29,GBP,,,POUNDLAND STORE #4421,debit
gig_worker,E0w5V9rGnW8UDRV0xMqVKAjJCsCxbSvzeXP,xbWVKP9aG8TmlzqAJzrpHXBDzPxLgQu6AMedA,2025-11-13,2025-11-13,735.84,GBP,,,UBER EATS PAYMENTS BACS REF:XXXXX332,debit
gig_worker,jqt89z6ccPVrr38T1ZFpNC3Qm4wbLtYajgN,xbWVKP9aG8TmlzqAJzrpHXBDzPxLgQu6AMedA,2025-11-13,2025-11-13,-26.21,GBP,,,ASDA SUPERSTORE LONDON,debit
gig_worker,hKMNMEtB6e0mnV0sKxYre2HbGEDNYkQdj4t,xbWVKP9aG8TmlzqAJzrpHXBDzPxLgQu6AMedA,2025-11-14,2025-11-14,-67.76,GBP,,,ITSU UK LTD LONDON SE1,debit
gig_worker,4xjFfK3buKvsDR9hev29wxWAQkWZQXrR3TM,xbWVKP9aG8TmlzqAJzrpHXBDzPxLgQu6AMedA,2025-11-15,2025-11-15,-46.69,GBP,,,THE COAL HOLE LONDON WC2,debit
gig_worker,wU2fKz3Y68FHD3x6GksXvVjdNCMTw5atJm6,xbWVKP9aG8TmlzqAJzrpHXBDzPxLgQu6AMedA,2025-11-15,2025-11-15,-57.45,GBP,,,TESCO METRO LONDON EC1,debit
gig_worker,PE7E9VTVy48V4QHvnRxG9jtUgf97wqaKJpM,xbWVKP9aG8TmlzqAJzrpHXBDzPxLgQu6AMedA,2025-11-16,2025-11-16,-53.62,GBP,,,TESCO METRO LONDON EC1,debit
gig_worker,dcpGwvsUVegLV1kw5SGcrYfhHDSE5dvEXkz,xbWVKP9aG8TmlzqAJzrpHXBDzPxLgQu6AMedA,2025-11-17,2025-11-17,-14.09,GBP,,,IKEA UK WEMBLEY,debit
gig_worker,tkxt4TATNN6J5hzsCc4aH0V2RZRbwNpdx25,xbWVKP9aG8TmlzqAJzrpHXBDzPxLgQu6AMedA,2025-11-18,2025-11-18,-43.68,GBP,,,YO SUSHI UK LTD LONDON,debit
gig_worker,hYwv8yLDDUMnDjwXGqwc9AY1krDWBXwtwT3,xbWVKP9aG8TmlzqAJzrpHXBDzPxLgQu6AMedA,2025-11-19,2025-11-19,-46.64,GBP,,,CO-OP FOOD LONDON N1,debit
gig_worker,pywLhK4XU0U3sjxw0h6rK3AEA8JFH6chXCU,xbWVKP9aG8TmlzqAJzrpHXBDzPxLgQu6AMedA,2025-11-19,2025-11-19,-22.62,GBP,,,PIZZA HUT UK REF:ORDER-ONL,debit
gig_worker,H4KECfKPN3U1jGnfxazLhuy26Chak7fyB5Q,xbWVKP9aG8TmlzqAJzrpHXBDzPxLgQu6AMedA,2025-11-20,2025-11-20,-58.11,GBP,,,ITSU UK LTD LONDON SE1,debit
gig_worker,exvhYXAFHUEh2CDXTNJADBfDTMJbEU945Ab,xbWVKP9aG8TmlzqAJzrpHXBDzPxLgQu6AMedA,2025-11-20,2025-11-20,-18.57,GBP,,,COSTCO UK WATFORD,debit
gig_worker,F40aEZ5DLncVTD2SXV9j9KVNX8Y1ZPPkQ6Y,xbWVKP9aG8TmlzqAJzrpHXBDzPxLgQu6AMedA,2025-11-21,2025-11-21,-20.83,GBP,,,COSTCO UK WATFORD,debit
gig_worker,8ZmJnXyrP302f713kYPu2U25nN9rKeBSaWb,xbWVKP9aG8TmlzqAJzrpHXBDzPxLgQu6AMedA,2025-11-22,2025-11-22,-43.39,GBP,,,NANDOS RESTAURANT LONDON,debit
gig_worker,8FRapQKm6SaKcxsAqh8rBA5QgtRY4xNk4wP,xbWVKP9aG8TmlzqAJzrpHXBDzPxLgQu6AMedA,2025-11-23,2025-11-23,-24.2,GBP,,,PIZZA HUT UK REF:ORDER-ONL,debit
gig_worker,Mt6Nf0pPqcmENu7c7VEeC5DDhSAxsT6xkdW,xbWVKP9aG8TmlzqAJzrpHXBDzPxLgQu6AMedA,2025-11-23,2025-11-23,-41.15,GBP,,,POUNDLAND STORE #4421,debit
gig_worker,9f1zBJydQ9ExdxkF1PfuFBcehr6ZUVU66An,xbWVKP9aG8TmlzqAJzrpHXBDzPxLgQu6AMedA,2025-11-24,2025-11-24,-49.93,GBP,,,TESCO METRO LONDON EC1,debit
gig_worker,7hvcrD1vxsFPscMMqvVXKdNwaLZhfa3QMD6,xbWVKP9aG8TmlzqAJzrpHXBDzPxLgQu6AMedA,2025-11-25,2025-11-25,-67.43,GBP,,,ITSU UK LTD LONDON SE1,debit
gig_worker,ECBu6jE1wcnnDB9msPsRCE38ah4Yfp8Ja0z,xbWVKP9aG8TmlzqAJzrpHXBDzPxLgQu6AMedA,2025-11-26,2025-11-26,-31.89,GBP,,,WETHERSPOONS PUB LONDON,debit
gig_worker,TyAXQMaGDrnHuc6DN8DBQPEHjK32RnQCrU4,xbWVKP9aG8TmlzqAJzrpHXBDzPxLgQu6AMedA,2025-11-26,2025-11-26,-13.33,GBP,,,IKEA UK WEMBLEY,debit
gig_worker,msHzdvK5RBZk3MJ2p9ucQf2NBZbMADX6RTF,xbWVKP9aG8TmlzqAJzrpHXBDzPxLgQu6AMedA,2025-11-26,2025-11-26,-34.07,GBP,,,AMAZON UK MARKETPLACE,debit
gig_worker,uDybP7YfgaQcks4jW0fhPn4RymtzAnhUqXY,xbWVKP9aG8TmlzqAJzrpHXBDzPxLgQu6AMedA,2025-11-27,2025-11-27,-23.27,GBP,,,ASDA SUPERSTORE LONDON,debit
gig_worker,cP3fYFuHyywFckgqwVcSgMzarHEQt8fpcVn,xbWVKP9aG8TmlzqAJzrpHXBDzPxLgQu6AMedA,2025-11-28,2025-11-28,-67.85,GBP,,,ITSU UK LTD LONDON SE1,debit
gig_worker,rFWSYyS3ARRYT974tpNt45snv2h6EhMb9Uc,xbWVKP9aG8TmlzqAJzrpHXBDzPxLgQu6AMedA,2025-11-29,2025-11-29,-53.24,GBP,,,THE COAL HOLE LONDON WC2,debit
gig_worker,ThKJG4hcqY3SN5KeRfG8dqCjyegfb4rafR8,xbWVKP9aG8TmlzqAJzrpHXBDzPxLgQu6AMedA,2025-11-30,2025-11-30,-38.74,GBP,,,CO-OP FOOD LONDON N1,debit
gig_worker,Z9k7RCpuzVL3S4eCwefhwrypXjgVgtbzZct,xbWVKP9aG8TmlzqAJzrpHXBDzPxLgQu6AMedA,2025-11-30,2025-11-30,-24.87,GBP,,,PIZZA HUT UK REF:ORDER-ONL,debit
gig_worker,2XPRxWnC1aHBZK3ZxCyXgZZfuPxFfQBW80p,xbWVKP9aG8TmlzqAJzrpHXBDzPxLgQu6AMedA,2025-12-01,2025-12-01,-11.62,GBP,,,IKEA UK WEMBLEY,debit
gig_worker,hWzX1M1FMWGnR0S0G0bZs8c9jf29zdct6WL,xbWVKP9aG8TmlzqAJzrpHXBDzPxLgQu6AMedA,2025-12-02,2025-12-02,-24.04,GBP,,,MARKS AND SPENCER FOOD,debit
gig_worker,rcE51fJLWN2WDeJbZZCRU8P0fcfTWrquVnC,xbWVKP9aG8TmlzqAJzrpHXBDzPxLgQu6AMedA,2025-12-03,2025-12-03,-30.71,GBP,,,LIDL UK GMBH PECKHAM,debit
gig_worker,v7XPuVbasbk3pkxy62fEZNA5qr0MLTGUdhB,xbWVKP9aG8TmlzqAJzrpHXBDzPxLgQu6AMedA,2025-12-03,2025-12-03,-34.52,GBP,,,WAHACA RESTAURANT LONDON,debit
gig_worker,xE6qd5ncGx2LQcWZtLtQf0HexMuU1zWDJNf,xbWVKP9aG8TmlzqAJzrpHXBDzPxLgQu6AMedA,2025-12-03,2025-12-03,-36.01,GBP,,,NANDOS RESTAURANT LONDON,debit
gig_worker,NK7sA5nHuF4HXcyhTyaB8UndmV4nLCragQ4,xbWVKP9aG8TmlzqAJzrpHXBDzPxLgQu6AMedA,2025-12-04,2025-12-04,-36.01,GBP,,,WAHACA RESTAURANT LONDON,debit
gig_worker,Xa7bJpshfKcsAmCm5erdF9zwZj7HW1jqZy6,xbWVKP9aG8TmlzqAJzrpHXBDzPxLgQu6AMedA,2025-12-04,2025-12-04,-46.84,GBP,,,CO-OP FOOD LONDON N1,debit
gig_worker,acC4mM75dYQQ8UuGrM8S4kufbpuYDSdycjA,xbWVKP9aG8TmlzqAJzrpHXBDzPxLgQu6AMedA,2025-12-04,2025-12-04,-38.48,GBP,,,YO SUSHI UK LTD LONDON,debit
gig_worker,BJLck0YBSA7hQ6n9CAHKEdVp3NtXpgbtPyZ,xbWVKP9aG8TmlzqAJzrpHXBDzPxLgQu6AMedA,2025-12-05,2025-12-05,-53.83,GBP,,,TESCO METRO LONDON EC1,debit
gig_worker,8UfT9sPFMK298Pa5cVNzetk4N7BF5VDw5s7,xbWVKP9aG8TmlzqAJzrpHXBDzPxLgQu6AMedA,2025-12-06,2025-12-06,-25.85,GBP,,,MARKS AND SPENCER FOOD,debit
gig_worker,F2HTSzq4BLWtUebEqpvuEexUhtPKdgyZCKx,xbWVKP9aG8TmlzqAJzrpHXBDzPxLgQu6AMedA,2025-12-07,2025-12-07,-39.51,GBP,,,JUST EAT UK REF:ORDER-XXXX,debit
gig_worker,gEpBkJ8REDVwex7ccvdaJZHeJT3mT0R0pFU,xbWVKP9aG8TmlzqAJzrpHXBDzPxLgQu6AMedA,2025-12-07,2025-12-07,-32.94,GBP,,,LIDL UK GMBH PECKHAM,debit
gig_worker,ebeVURg0F63a1s2hthC64nen0m5ePuV0S83,xbWVKP9aG8TmlzqAJzrpHXBDzPxLgQu6AMedA,2025-12-08,2025-12-08,692.48,GBP,,,UBER EATS PAYMENTS BACS REF:XXXXX332,debit
gig_worker,n0n9JmKeB2C97W95Fb2Ns45Kbbs4rpksBPZ,xbWVKP9aG8TmlzqAJzrpHXBDzPxLgQu6AMedA,2025-12-08,2025-12-08,-11.04,GBP,,,IKEA UK WEMBLEY,debit
gig_worker,wY9JmyuSt0g6npJ1LWVQ03rF56t8G0QHh1n,xbWVKP9aG8TmlzqAJzrpHXBDzPxLgQu6AMedA,2025-12-08,2025-12-08,-41.25,GBP,,,CO-OP FOOD LONDON N1,debit
gig_worker,b67Brb2CAKcncMakgAPHRbsE6VRQ2BcbQkw,xbWVKP9aG8TmlzqAJzrpHXBDzPxLgQu6AMedA,2025-12-09,2025-12-09,-29.44,GBP,,,ASDA SUPERSTORE LONDON,debit
gig_worker,AtZ7KNrZ77xrYt8bCfwh0HSZSnzthNdSxa0,xbWVKP9aG8TmlzqAJzrpHXBDzPxLgQu6AMedA,2025-12-10,2025-12-10,-33.23,GBP,,,JUST EAT UK REF:ORDER-XXXX,debit
gig_worker,7Bkpv5PyyL7UyHnaMhJmrD9nWzJuRg2Kf3Z,xbWVKP9aG8TmlzqAJzrpHXBDzPxLgQu6AMedA,2025-12-11,2025-12-11,-45.21,GBP,,,NANDOS RESTAURANT LONDON,debit
gig_worker,j9p74UPUDEVt3h79EEWnpNWjwjdnDjAMKDn,xbWVKP9aG8TmlzqAJzrpHXBDzPxLgQu6AMedA,2025-12-11,2025-12-11,-8.12,GBP,,,DELIVEROO UK REF:ORDER-APP,debit
gig_worker,W9TfR0LF3wjAbPNQJ1xyvzYfNZk5CWpCYvu,xbWVKP9aG8TmlzqAJzrpHXBDzPxLgQu6AMedA,2025-12-12,2025-12-12,-36.66,GBP,,,WAHACA RESTAURANT LONDON,debit
gig_worker,dBdWTq0qegT1FK1tpRJYSzpY7WcjrBr4Tam,xbWVKP9aG8TmlzqAJzrpHXBDzPxLgQu6AMedA,2025-12-13,2025-12-13,-6.13,GBP,,,DELIVEROO UK REF:ORDER-APP,debit
gig_worker,LpzNXcT0G1VjU1LJQ5bj5SA5aekQ8ZmFA8Q,xbWVKP9aG8TmlzqAJzrpHXBDzPxLgQu6AMedA,2025-12-14,2025-12-14,707.41,GBP,,,UBER EATS PAYMENTS BACS REF:XXXXX332,debit
gig_worker,qnmBMWhe7g6jFqxwdguS2SVsu9NskPnMWk5,xbWVKP9aG8TmlzqAJzrpHXBDzPxLgQu6AMedA,2025-12-14,2025-12-14,-64.22,GBP,,,ITSU UK LTD LONDON SE1,debit
gig_worker,YMMuctBHHSwwXUYpMV2RzPA2BgAYxmtRQYa,xbWVKP9aG8TmlzqAJzrpHXBDzPxLgQu6AMedA,2025-12-15,2025-12-15,-20.95,GBP,,,SCREWFIX DIRECT LTD,debit
gig_worker,npK8dGafetnuvNhLpgvvE29qTPN9GYKSN6W,xbWVKP9aG8TmlzqAJzrpHXBDzPxLgQu6AMedA,2025-12-16,2025-12-16,-44.92,GBP,,,CO-OP FOOD LONDON N1,debit
gig_worker,kXbh22C3ZDndqXXzQTXXtCHe8yUnN5QXqMU,xbWVKP9aG8TmlzqAJzrpHXBDzPxLgQu6AMedA,2025-12-17,2025-12-17,-24.09,GBP,,,SCREWFIX DIRECT LTD,debit
gig_worker,7MWL1pGNyDeeZxbjccSyu3haE60xBcChqRx,xbWVKP9aG8TmlzqAJzrpHXBDzPxLgQu6AMedA,2025-12-18,2025-12-18,-29.35,GBP,,,OCADO RETAIL LTD REF:ORDER,debit
gig_worker,s4N3p4Jpzeprz6z345PPeeCZyH8y8u9unmL,xbWVKP9aG8TmlzqAJzrpHXBDzPxLgQu6AMedA,2025-12-18,2025-12-18,-36.28,GBP,,,YO SUSHI UK LTD LONDON,debit
gig_worker,r0L4jnYNzZVpGCqG7YH2SXtpVbJXkSzQkdD,xbWVKP9aG8TmlzqAJzrpHXBDzPxLgQu6AMedA,2025-12-19,2025-12-19,-36.55,GBP,,,AMAZON UK MARKETPLACE,debit
gig_worker,gJYKBDm7w3VqKdqhNmu9m8nTCFxW7pSf6JB,xbWVKP9aG8TmlzqAJzrpHXBDzPxLgQu6AMedA,2025-12-20,2025-12-20,-27.6,GBP,,,WETHERSPOONS PUB LONDON,debit
gig_worker,DUXUWuTvUmW0eFSeNrQTkvscquvNBsebSg1,xbWVKP9aG8TmlzqAJzrpHXBDzPxLgQu6AMedA,2025-12-21,2025-12-21,-34.66,GBP,,,JUST EAT UK REF:ORDER-XXXX,debit
gig_worker,kKhJtTNQLWQMFu42XY8T35eQMT8D3pPhHsn,xbWVKP9aG8TmlzqAJzrpHXBDzPxLgQu6AMedA,2025-12-21,2025-12-21,-43.79,GBP,,,POUNDLAND STORE #4421,debit
gig_worker,PUr8v6pqL3RMG5vZyKUHq3FQYmUuFSSKabq,xbWVKP9aG8TmlzqAJzrpHXBDzPxLgQu6AMedA,2025-12-22,2025-12-22,-22.98,GBP,,,PIZZA HUT UK REF:ORDER-ONL,debit
gig_worker,GbheEqHwmqn5y13mDqt5pqqn776ERsKbV4q,xbWVKP9aG8TmlzqAJzrpHXBDzPxLgQu6AMedA,2025-12-23,2025-12-23,-14.48,GBP,,,IKEA UK WEMBLEY,debit
gig_worker,mxvPGDtKfy53txUbUGG2PA3zCD7x17FTJjm,xbWVKP9aG8TmlzqAJzrpHXBDzPxLgQu6AMedA,2025-12-23,2025-12-23,-7.28,GBP,,,DELIVEROO UK REF:ORDER-APP,debit
gig_worker,fjpQgAtjw5WQL4TQTas0nepdJfg8bbBEP2J,xbWVKP9aG8TmlzqAJzrpHXBDzPxLgQu6AMedA,2025-12-24,2025-12-24,-62.21,GBP,,,ITSU UK LTD LONDON SE1,debit
gig_worker,jZDx9CR6NEVknN99E4uEMmgSL7AEsJ2hLtC,xbWVKP9aG8TmlzqAJzrpHXBDzPxLgQu6AMedA,2025-12-25,2025-12-25,-52.08,GBP,,,TESCO METRO LONDON EC1,debit
gig_worker,vFRbcYt2jxnDWf4LbxkSjczPy5rKQeJQhQm,xbWVKP9aG8TmlzqAJzrpHXBDzPxLgQu6AMedA,2025-12-26,2025-12-26,-34.9,GBP,,,JD SPORTS FASHION PLC LONDON,debit
gig_worker,TvDpLEUpDVpSFfbHuh3uzRVcAk2EaYYCQQa,xbWVKP9aG8TmlzqAJzrpHXBDzPxLgQu6AMedA,2025-12-27,2025-12-27,-25.24,GBP,,,MARKS AND SPENCER FOOD,debit
gig_worker,euJHH9zB2YS2DTesZ0qLfBsHsmUpcdHYzVS,xbWVKP9aG8TmlzqAJzrpHXBDzPxLgQu6AMedA,2025-12-27,2025-12-27,-30.17,GBP,,,JUST EAT UK REF:ORDER-XXXX,debit
gig_worker,m7985ZxSR8a8C5mLRQrgAnSc6gZPFpCTGKU,xbWVKP9aG8TmlzqAJzrpHXBDzPxLgQu6AMedA,2025-12-27,2025-12-27,-30.0,GBP,,,JUST EAT UK REF:ORDER-XXXX,debit
gig_worker,ga0C1NWvUJ5rB1BJKnmsS6Syhr9Qw3DSYud,xbWVKP9aG8TmlzqAJzrpHXBDzPxLgQu6AMedA,2025-12-28,2025-12-28,-52.23,GBP,,,TESCO METRO LONDON EC1,debit
gig_worker,0qfEaYj2ZFXe5Tp0V03cDu3LHxuMx2MGWrv,xbWVKP9aG8TmlzqAJzrpHXBDzPxLgQu6AMedA,2025-12-29,2025-12-29,-22.0,GBP,,,PIZZA HUT UK REF:ORDER-ONL,debit
gig_worker,TnepYXAvrrscmhNrRnL9u9metY0M2XVHLTR,xbWVKP9aG8TmlzqAJzrpHXBDzPxLgQu6AMedA,2025-12-29,2025-12-29,-29.32,GBP,,,ASDA SUPERSTORE LONDON,debit
gig_worker,6wFsjtXET5f19YV35A0eQ2vGNAjVZv51gsB,xbWVKP9aG8TmlzqAJzrpHXBDzPxLgQu6AMedA,2025-12-30,2025-12-30,-22.57,GBP,,,COSTCO UK WATFORD,debit
gig_worker,YcJVQAkmK2S10qw8XpupvcGqtMqUvKmLgzh,xbWVKP9aG8TmlzqAJzrpHXBDzPxLgQu6AMedA,2025-12-30,2025-12-30,-6.58,GBP,,,DELIVEROO UK REF:ORDER-APP,debit
gig_worker,dFRPPX4uyQR1JeZJ8tgtzZysdQbD0jVvMSf,xbWVKP9aG8TmlzqAJzrpHXBDzPxLgQu6AMedA,2025-12-30,2025-12-30,-20.75,GBP,,,SCREWFIX DIRECT LTD,debit
gig_worker,NZhm86pj1sWhFGUMDPTn4vEukQgVmDhzgY2,xbWVKP9aG8TmlzqAJzrpHXBDzPxLgQu6AMedA,2025-12-31,2025-12-31,-15.09,GBP,,,IKEA UK WEMBLEY,debit
gig_worker,zZv5Zr0y2UErpc8cEkN6b5AjzpeGY5xSd8e,xbWVKP9aG8TmlzqAJzrpHXBDzPxLgQu6AMedA,2025-12-31,2025-12-31,-48.16,GBP,,,TESCO METRO LONDON EC1,debit
gig_worker,YwEGgantgj5A9aDNbCACXcUErw4qzx6Eaa2,xbWVKP9aG8TmlzqAJzrpHXBDzPxLgQu6AMedA,2026-01-01,2026-01-01,-45.48,GBP,,,YO SUSHI UK LTD LONDON,debit
gig_worker,1EFD6q906gebb6TbTpMk51Mvr5anyztVxvG,xbWVKP9aG8TmlzqAJzrpHXBDzPxLgQu6AMedA,2026-01-02,2026-01-02,-23.71,GBP,,,ASDA SUPERSTORE LONDON,debit
gig_worker,TSDJHt8661wAzr5mzGTpdGdb3E83uVWG2mp,xbWVKP9aG8TmlzqAJzrpHXBDzPxLgQu6AMedA,2026-01-02,2026-01-02,-43.95,GBP,,,THE COAL HOLE LONDON WC2,debit
gig_worker,327Dj81Dd5hTUJguKkdrnS5KfGg3vfLU20f,xbWVKP9aG8TmlzqAJzrpHXBDzPxLgQu6AMedA,2026-01-03,2026-01-03,-43.4,GBP,,,WAHACA RESTAURANT LONDON,debit
gig_worker,UP2GegZFu8jyeKLxzaUG0mCGsnbLdwCSJar,xbWVKP9aG8TmlzqAJzrpHXBDzPxLgQu6AMedA,2026-01-03,2026-01-03,-36.24,GBP,,,NANDOS RESTAURANT LONDON,debit
gig_worker,yP4AFn14wGAkamF0UTFxfjPaUyG9CBjXA8g,xbWVKP9aG8TmlzqAJzrpHXBDzPxLgQu6AMedA,2026-01-04,2026-01-04,-42.18,GBP,,,POUNDLAND STORE #4421,debit
gig_worker,NcDW1bs5DAdgwvBwt0UAAu7g1j4H8zTyWWJ,xbWVKP9aG8TmlzqAJzrpHXBDzPxLgQu6AMedA,2026-01-05,2026-01-05,-51.51,GBP,,,YO SUSHI UK LTD LONDON,debit
gig_worker,udQSzYp2F9S3H6pYGuwenUBvXDyds9yEawz,xbWVKP9aG8TmlzqAJzrpHXBDzPxLgQu6AMedA,2026-01-05,2026-01-05,-37.06,GBP,,,POUNDLAND STORE #4421,debit
gig_worker,wU9434hdqa72GdgPQxVDcPLuT8swZ9jpbFd,xbWVKP9aG8TmlzqAJzrpHXBDzPxLgQu6AMedA,2026-01-06,2026-01-06,-42.02,GBP,,,NANDOS RESTAURANT LONDON,debit
gig_worker,UNHY436Mcdw2gdXbFntummkfZcBkCBdzF6p,xbWVKP9aG8TmlzqAJzrpHXBDzPxLgQu6AMedA,2026-01-07,2026-01-07,-7.61,GBP,,,DELIVEROO UK REF:ORDER-APP,debit
gig_worker,X5BVU4uwjxq7cfKz3RJWc8GU1PL0G18P9zG,xbWVKP9aG8TmlzqAJzrpHXBDzPxLgQu6AMedA,2026-01-07,2026-01-07,1059.63,GBP,,,UBER EATS PAYMENTS BACS REF:XXXXX332,debit
gig_worker,PtfmmNjsF1kA3RgvybvKW4Yz9znWPan6arw,xbWVKP9aG8TmlzqAJzrpHXBDzPxLgQu6AMedA,2026-01-08,2026-01-08,-42.93,GBP,,,CO-OP FOOD LONDON N1,debit
gig_worker,tjU7SVjq5cqDyba2p9YqNuPKU5SDfkjuggz,xbWVKP9aG8TmlzqAJzrpHXBDzPxLgQu6AMedA,2026-01-08,2026-01-08,-59.74,GBP,,,ITSU UK LTD LONDON SE1,debit
gig_worker,yrM9LgECEb3geLKAYmPeTFvqEe7dXqQNFS0,xbWVKP9aG8TmlzqAJzrpHXBDzPxLgQu6AMedA,2026-01-08,2026-01-08,-36.22,GBP,,,POUNDLAND STORE #4421,debit
gig_worker,8XUW5am52w6PFpY9D6P6nv7CPTECHXmX3Qk,xbWVKP9aG8TmlzqAJzrpHXBDzPxLgQu6AMedA,2026-01-09,2026-01-09,-26.21,GBP,,,PIZZA HUT UK REF:ORDER-ONL,debit
gig_worker,0M72vJLPFUNJa8FHPNNetZqz7dfN50kQzn2,xbWVKP9aG8TmlzqAJzrpHXBDzPxLgQu6AMedA,2026-01-10,2026-01-10,-53.02,GBP,,,THE COAL HOLE LONDON WC2,debit
gig_worker,2PKZ2L48EhSWTBL5GYnFyX061YDpjjLfMrA,xbWVKP9aG8TmlzqAJzrpHXBDzPxLgQu6AMedA,2026-01-10,2026-01-10,-36.9,GBP,,,OCADO RETAIL LTD REF:ORDER,debit
gig_worker,8Q3zEmS06881Z5A7zhASnCvLq4QWLzQ28Vm,xbWVKP9aG8TmlzqAJzrpHXBDzPxLgQu6AMedA,2026-01-11,2026-01-11,-44.83,GBP,,,NANDOS RESTAURANT LONDON,debit
gig_worker,U8RhgsZ45vj5Dea0Dfx4LjZVJJWEVMuz3wg,xbWVKP9aG8TmlzqAJzrpHXBDzPxLgQu6AMedA,2026-01-12,2026-01-12,-34.13,GBP,,,OCADO RETAIL LTD REF:ORDER,debit
gig_worker,Br3HGEsNzcrMB7H4pyQ0yQCdR3T0BsPDpzy,xbWVKP9aG8TmlzqAJzrpHXBDzPxLgQu6AMedA,2026-01-13,2026-01-13,-31.78,GBP,,,MARKS AND SPENCER FOOD,debit
gig_worker,1FMmJ3tkA4YrawpZm1Q9uP4EPDZ15Xve4Dy,xbWVKP9aG8TmlzqAJzrpHXBDzPxLgQu6AMedA,2026-01-14,2026-01-14,-26.8,GBP,,,SCREWFIX DIRECT LTD,debit
gig_worker,vMs0z5TaaPLZ8WMS1hNzukmXkM24CXBL2bg,xbWVKP9aG8TmlzqAJzrpHXBDzPxLgQu6AMedA,2026-01-15,2026-01-15,-50.58,GBP,,,TESCO METRO LONDON EC1,debit
gig_worker,DgYpJj5XD8drSXyygCqbvvr5DunR1yXYm5n,xbWVKP9aG8TmlzqAJzrpHXBDzPxLgQu6AMedA,2026-01-16,2026-01-16,-23.56,GBP,,,WETHERSPOONS PUB LONDON,debit
gig_worker,bfVn8mGA2b6WxkHWGVMqARt1UaaZeMkXLZM,xbWVKP9aG8TmlzqAJzrpHXBDzPxLgQu6AMedA,2026-01-17,2026-01-17,-44.14,GBP,,,NANDOS RESTAURANT LONDON,debit
gig_worker,UWVWYyAgStEtGjMWwxB9M4ubGrSthRaXbvw,xbWVKP9aG8TmlzqAJzrpHXBDzPxLgQu6AMedA,2026-01-18,2026-01-18,1864.34,GBP,,,UBER EATS PAYMENTS BACS REF:XXXXX332,debit
gig_worker,ebgy7uZbUwPX6xMAefKkg2A2Hz2Bh5Y1NzL,xbWVKP9aG8TmlzqAJzrpHXBDzPxLgQu6AMedA,2026-01-18,2026-01-18,-36.48,GBP,,,AMAZON UK MARKETPLACE,debit
gig_worker,qE7bj0tEG4VjVMzLqXE3H69m1NEytF7W10y,xbWVKP9aG8TmlzqAJzrpHXBDzPxLgQu6AMedA,2026-01-19,2026-01-19,-24.57,GBP,,,COSTCO UK WATFORD,debit
gig_worker,RebVwCZSMN9bjBkz9W95qUZK0SGMKF1u8XJ,xbWVKP9aG8TmlzqAJzrpHXBDzPxLgQu6AMedA,2026-01-20,2026-01-20,-43.23,GBP,,,WAHACA RESTAURANT LONDON,debit
gig_worker,vV6vSmeY3tkSPeX4Tcbe91WwPrcLSsEz6HF,xbWVKP9aG8TmlzqAJzrpHXBDzPxLgQu6AMedA,2026-01-20,2026-01-20,-25.75,GBP,,,PIZZA HUT UK REF:ORDER-ONL,debit
gig_worker,qSuP1nF4Ca4BtP47vCvp1Jr9ZvAB6jr2JV3,xbWVKP9aG8TmlzqAJzrpHXBDzPxLgQu6AMedA,2026-01-21,2026-01-21,-20.08,GBP,,,COSTCO UK WATFORD,debit
gig_worker,qbBuFPBz9CZDv9r7dDmNdpEyxG6SCfA3P7R,xbWVKP9aG8TmlzqAJzrpHXBDzPxLgQu6AMedA,2026-01-21,2026-01-21,1634.82,GBP,,,UBER EATS PAYMENTS BACS REF:XXXXX332,debit
gig_worker,v7RmqAh0qnZbLZjMP9jSVuJVpr7CHNQrWGB,xbWVKP9aG8TmlzqAJzrpHXBDzPxLgQu6AMedA,2026-01-22,2026-01-22,-24.9,GBP,,,PIZZA HUT UK REF:ORDER-ONL,debit
gig_worker,YUzZYjagF02YCZjj6sQB4NVdtvvCVYvdx9B,xbWVKP9aG8TmlzqAJzrpHXBDzPxLgQu6AMedA,2026-01-23,2026-01-23,-36.23,GBP,,,POUNDLAND STORE #4421,debit
gig_worker,yJMCSMupq9uRpAGvhUFwyTgZTBS35Dk42uc,xbWVKP9aG8TmlzqAJzrpHXBDzPxLgQu6AMedA,2026-01-23,2026-01-23,-40.43,GBP,,,WAHACA RESTAURANT LONDON,debit
gig_worker,1rsCL2u3GqR0cFa5S3DwS7xkQZM94mjRdGS,xbWVKP9aG8TmlzqAJzrpHXBDzPxLgQu6AMedA,2026-01-24,2026-01-24,-29.95,GBP,,,ASDA SUPERSTORE LONDON,debit
gig_worker,HT8hyPGtwzp5pWRD28pZskqQ8rCJuxSGKAU,xbWVKP9aG8TmlzqAJzrpHXBDzPxLgQu6AMedA,2026-01-25,2026-01-25,-42.0,GBP,,,YO SUSHI UK LTD LONDON,debit
gig_worker,WgdrLCsx9g9mPKkw95ZBJa59THbTEHn53Eq,xbWVKP9aG8TmlzqAJzrpHXBDzPxLgQu6AMedA,2026-01-25,2026-01-25,-11.35,GBP,,,IKEA UK WEMBLEY,debit
gig_worker,pbC3bPaww4czEjeeQx5rbm8h1KcJkHNmrrH,xbWVKP9aG8TmlzqAJzrpHXBDzPxLgQu6AMedA,2026-01-25,2026-01-25,-37.9,GBP,,,NANDOS RESTAURANT LONDON,debit
gig_worker,GgLtgepHh2kKuSwXpKFeBgnDt4uamQrZ0QU,xbWVKP9aG8TmlzqAJzrpHXBDzPxLgQu6AMedA,2026-01-26,2026-01-26,-29.78,GBP,,,WETHERSPOONS PUB LONDON,debit
gig_worker,esbkd3R6Caf4cGEpS2etLDA4WvR2NbsHRXT,xbWVKP9aG8TmlzqAJzrpHXBDzPxLgQu6AMedA,2026-01-26,2026-01-26,-22.53,GBP,,,COSTCO UK WATFORD,debit
gig_worker,zZ4tapSRNasTjB6KhfRUNghWUBVfvLQuc0k,xbWVKP9aG8TmlzqAJzrpHXBDzPxLgQu6AMedA,2026-01-27,2026-01-27,-44.75,GBP,,,POUNDLAND STORE #4421,debit
gig_worker,1WE8sxXKtavu5twj3SuKged3kSb67xsAWBt,xbWVKP9aG8TmlzqAJzrpHXBDzPxLgQu6AMedA,2026-01-28,2026-01-28,-42.63,GBP,,,NANDOS RESTAURANT LONDON,debit
gig_worker,09E9jg2XkqC1HhdUpxMWBGcb9BCgB2w1rgF,xbWVKP9aG8TmlzqAJzrpHXBDzPxLgQu6AMedA,2026-01-29,2026-01-29,-48.39,GBP,,,THE COAL HOLE LONDON WC2,debit
gig_worker,p3NcLd154113wZxvE2nvFn0H3V9d9wkgmS8,xbWVKP9aG8TmlzqAJzrpHXBDzPxLgQu6AMedA,2026-01-29,2026-01-29,-28.24,GBP,,,JD SPORTS FASHION PLC LONDON,debit
gig_worker,jzwTAW4xjLkMthEKUsHhh3A7meGWdEQBTJ9,xbWVKP9aG8TmlzqAJzrpHXBDzPxLgQu6AMedA,2026-01-30,2026-01-30,-40.91,GBP,,,NANDOS RESTAURANT LONDON,debit
gig_worker,KuFAVN50tpwxSPqyQQefv6J40vkS0t85JL1,xbWVKP9aG8TmlzqAJzrpHXBDzPxLgQu6AMedA,2026-01-31,2026-01-31,-25.03,GBP,,,PIZZA HUT UK REF:ORDER-ONL,debit
gig_worker,NV6ScM5Gu7QJKmr5b9w7aEUh24ZJzA2BUZL,xbWVKP9aG8TmlzqAJzrpHXBDzPxLgQu6AMedA,2026-02-01,2026-02-01,-14.15,GBP,,,IKEA UK WEMBLEY,debit
gig_worker,06GZKHJ9Eh0nFcW0ppzDDgNn5DWLbveTeVH,xbWVKP9aG8TmlzqAJzrpHXBDzPxLgQu6AMedA,2026-02-02,2026-02-02,-30.62,GBP,,,JD SPORTS FASHION PLC LONDON,debit
gig_worker,XG7QTVbjfck7yb2A1qmLY5LF4Z6v1ah2QzN,xbWVKP9aG8TmlzqAJzrpHXBDzPxLgQu6AMedA,2026-02-02,2026-02-02,-42.52,GBP,,,TESCO METRO LONDON EC1,debit
gig_worker,kTxbrRbwqSwUNHkNsSGrS9CMjc7Pz8jPwXL,xbWVKP9aG8TmlzqAJzrpHXBDzPxLgQu6AMedA,2026-02-03,2026-02-03,-48.35,GBP,,,CO-OP FOOD LONDON N1,debit
gig_worker,wXS9WrSEXB7PL2vwMSfjEhy4QxMkjsXv7m1,xbWVKP9aG8TmlzqAJzrpHXBDzPxLgQu6AMedA,2026-02-03,2026-02-03,-46.06,GBP,,,NANDOS RESTAURANT LONDON,debit
gig_worker,xnERXPsEmg4sKwFTGVc65PGrGVS4TzcMagn,xbWVKP9aG8TmlzqAJzrpHXBDzPxLgQu6AMedA,2026-02-03,2026-02-03,1604.45,GBP,,,UBER EATS PAYMENTS BACS REF:XXXXX332,debit
gig_worker,HvFYxmMFVUNACJ2vxJ2tMwNNPHHbGTnGcsk,xbWVKP9aG8TmlzqAJzrpHXBDzPxLgQu6AMedA,2026-02-04,2026-02-04,-39.78,GBP,,,OCADO RETAIL LTD REF:ORDER,debit
gig_worker,MTJJc2nAYSvk8Q2waBf51Ln08HpURFL71DF,xbWVKP9aG8TmlzqAJzrpHXBDzPxLgQu6AMedA,2026-02-04,2026-02-04,-30.06,GBP,,,PIZZA HUT UK REF:ORDER-ONL,debit
gig_worker,EUgueSbnGvVY9hLrNcbjAFdEB94eFBjT3h7,xbWVKP9aG8TmlzqAJzrpHXBDzPxLgQu6AMedA,2026-02-05,2026-02-05,-24.24,GBP,,,COSTCO UK WATFORD,debit
gig_worker,jHk1Xg1uceqRJ5XUy7UNajc9qWL572NLEWm,xbWVKP9aG8TmlzqAJzrpHXBDzPxLgQu6AMedA,2026-02-05,2026-02-05,1179.57,GBP,,,UBER EATS PAYMENTS BACS REF:XXXXX332,debit
gig_worker,vZykB2p9YXGf1AFanjyW1RGE0S5ApTuxxtN,xbWVKP9aG8TmlzqAJzrpHXBDzPxLgQu6AMedA,2026-02-06,2026-02-06,-38.02,GBP,,,YO SUSHI UK LTD LONDON,debit
gig_worker,Dkf2DcV9FAjYL9nrqfS9qKSQuav0DxJxmA3,xbWVKP9aG8TmlzqAJzrpHXBDzPxLgQu6AMedA,2026-02-07,2026-02-07,-43.47,GBP,,,YO SUSHI UK LTD LONDON,debit
gig_worker,hyZXBq84TEsDRhedLzqAJMSWbNS5FTnaJvW,xbWVKP9aG8TmlzqAJzrpHXBDzPxLgQu6AMedA,2026-02-07,2026-02-07,-40.84,GBP,,,AMAZON UK MARKETPLACE,debit
gig_worker,9VXj4tnW6gPT5TLX5aF3puGkN4SP3DPmVJ3,xbWVKP9aG8TmlzqAJzrpHXBDzPxLgQu6AMedA,2026-02-08,2026-02-08,-35.95,GBP,,,AMAZON UK MARKETPLACE,debit
gig_worker,DT63NAFFVMueKkjm12ZY19HJ8SrnT7qu4aP,xbWVKP9aG8TmlzqAJzrpHXBDzPxLgQu6AMedA,2026-02-09,2026-02-09,-29.25,GBP,,,MARKS AND SPENCER FOOD,debit
gig_worker,a1yXR1m0TUtv2HVhntZNDPz02EwVzLG0VLX,xbWVKP9aG8TmlzqAJzrpHXBDzPxLgQu6AMedA,2026-02-10,2026-02-10,-35.98,GBP,,,POUNDLAND STORE #4421,debit
gig_worker,M4CZz9FGd2kHQpJe7bxxXUFvrbHB4q6V7vU,xbWVKP9aG8TmlzqAJzrpHXBDzPxLgQu6AMedA,2026-02-11,2026-02-11,-31.43,GBP,,,JUST EAT UK REF:ORDER-XXXX,debit
gig_worker,fyuJquGGYQEAf9uTBfzF4JGVzjPDcyAS8xc,xbWVKP9aG8TmlzqAJzrpHXBDzPxLgQu6AMedA,2026-02-12,2026-02-12,-57.77,GBP,,,ITSU UK LTD LONDON SE1,debit
gig_worker,0mPZYRQCZJWnQmZdtdEcWmEQ2yB6NEAW0CC,xbWVKP9aG8TmlzqAJzrpHXBDzPxLgQu6AMedA,2026-02-13,2026-02-13,-56.97,GBP,,,THE COAL HOLE LONDON WC2,debit
gig_worker,eaK1LBYcKFnTukuuxB8PrA9fdNEtDQmVcJU,xbWVKP9aG8TmlzqAJzrpHXBDzPxLgQu6AMedA,2026-02-14,2026-02-14,-43.99,GBP,,,WAHACA RESTAURANT LONDON,debit
gig_worker,DK6yc0bA2rr2Ap5Z1Wt1kTYBhVGuarS9DUM,xbWVKP9aG8TmlzqAJzrpHXBDzPxLgQu6AMedA,2026-02-15,2026-02-15,-10.91,GBP,,,IKEA UK WEMBLEY,debit
gig_worker,HL52MKSs3knPe7anApMRJcNJFSBz3yvxfdY,xbWVKP9aG8TmlzqAJzrpHXBDzPxLgQu6AMedA,2026-02-15,2026-02-15,1889.8,GBP,,,UBER EATS PAYMENTS BACS REF:XXXXX332,debit
gig_worker,DB8htKxqj053aqVwFm4DyaRez0rrT5Kdwts,xbWVKP9aG8TmlzqAJzrpHXBDzPxLgQu6AMedA,2026-02-16,2026-02-16,-39.99,GBP,,,AMAZON UK MARKETPLACE,debit
gig_worker,NMh7cFNRaVhdbSbuTWJM3pqTyLGWnqFWGGz,xbWVKP9aG8TmlzqAJzrpHXBDzPxLgQu6AMedA,2026-02-16,2026-02-16,-52.87,GBP,,,THE COAL HOLE LONDON WC2,debit
gig_worker,CceabnAnXL8DFK9evgZG8rtJh3S9zGMAfeu,xbWVKP9aG8TmlzqAJzrpHXBDzPxLgQu6AMedA,2026-02-17,2026-02-17,-34.2,GBP,,,JUST EAT UK REF:ORDER-XXXX,debit
gig_worker,VWDU1Et1UepmdLqjb3nSfGXqL4BpyHfajA2,xbWVKP9aG8TmlzqAJzrpHXBDzPxLgQu6AMedA,2026-02-17,2026-02-17,1593.43,GBP,,,UBER EATS PAYMENTS BACS REF:XXXXX332,debit
gig_worker,zadhczbR7w0yGM46mwDJ58fH09HKvpAwtfR,xbWVKP9aG8TmlzqAJzrpHXBDzPxLgQu6AMedA,2026-02-17,2026-02-17,-30.09,GBP,,,LIDL UK GMBH PECKHAM,debit
gig_worker,1YDfsjE3254JZVgmJq0CQZuUdxrYRkMU39r,xbWVKP9aG8TmlzqAJzrpHXBDzPxLgQu6AMedA,2026-02-18,2026-02-18,-47.96,GBP,,,THE COAL HOLE LONDON WC2,debit
gig_worker,JTcRsLrfa96j0RD1Wjxyw7y1p8T8rA9wu8W,xbWVKP9aG8TmlzqAJzrpHXBDzPxLgQu6AMedA,2026-02-19,2026-02-19,-24.6,GBP,,,COSTCO UK WATFORD,debit
gig_worker,P6xsKjbuP5RJUYThgsrfkwbwAnYJptaBsfA,xbWVKP9aG8TmlzqAJzrpHXBDzPxLgQu6AMedA,2026-02-19,2026-02-19,-24.84,GBP,,,MARKS AND SPENCER FOOD,debit
gig_worker,VwEbQcub6dfkcYrLJ0PRnPsw4RanLAG12WF,xbWVKP9aG8TmlzqAJzrpHXBDzPxLgQu6AMedA,2026-02-19,2026-02-19,-42.79,GBP,,,AMAZON UK MARKETPLACE,debit
gig_worker,fPRgdfLx4VgcBSU3c8xLYSAxZpP9Z06jJM0,xbWVKP9aG8TmlzqAJzrpHXBDzPxLgQu6AMedA,2026-02-20,2026-02-20,-13.35,GBP,,,IKEA UK WEMBLEY,debit
gig_worker,6FqjUuyp1r0CBd6t6PwD2NRETpYYVBK36T1,xbWVKP9aG8TmlzqAJzrpHXBDzPxLgQu6AMedA,2026-02-21,2026-02-21,-25.61,GBP,,,COSTCO UK WATFORD,debit
gig_worker,GMuwCjNMh9xfcmRZYWStE5vEzH6FQexXp8h,xbWVKP9aG8TmlzqAJzrpHXBDzPxLgQu6AMedA,2026-02-21,2026-02-21,-22.94,GBP,,,SCREWFIX DIRECT LTD,debit
gig_worker,4ykXdngxee3VCpgt7T24rk0d9wuyr1EdrR5,xbWVKP9aG8TmlzqAJzrpHXBDzPxLgQu6AMedA,2026-02-22,2026-02-22,-30.38,GBP,,,OCADO RETAIL LTD REF:ORDER,debit
gig_worker,t2ye1WCU0LQLtSCVfMXrHpnBU0jnGaj54tw,xbWVKP9aG8TmlzqAJzrpHXBDzPxLgQu6AMedA,2026-02-23,2026-02-23,-33.77,GBP,,,AMAZON UK MARKETPLACE,debit
gig_worker,7sEmn3c3MbRtZwgQyLLYDQNbrAsfvVp6mp9,xbWVKP9aG8TmlzqAJzrpHXBDzPxLgQu6AMedA,2026-02-24,2026-02-24,-34.69,GBP,,,JUST EAT UK REF:ORDER-XXXX,debit
gig_worker,Cc64Yps4ec2nsk6PyfPUjGBjYyW7trmKkVx,xbWVKP9aG8TmlzqAJzrpHXBDzPxLgQu6AMedA,2026-02-24,2026-02-24,-37.77,GBP,,,YO SUSHI UK LTD LONDON,debit
gig_worker,BG95LXyC4SCU54AJQerZs1Z7XUDZ6MTNcML,xbWVKP9aG8TmlzqAJzrpHXBDzPxLgQu6AMedA,2026-02-25,2026-02-25,-22.45,GBP,,,COSTCO UK WATFORD,debit
gig_worker,61arL99nctp9nH58q9Zac9YA2wWTzTQjqBc,xbWVKP9aG8TmlzqAJzrpHXBDzPxLgQu6AMedA,2026-02-26,2026-02-26,-28.62,GBP,,,PIZZA HUT UK REF:ORDER-ONL,debit
gig_worker,hsskJFU1daCKeW85tjCVq97c7N1Ak28V8e6,xbWVKP9aG8TmlzqAJzrpHXBDzPxLgQu6AMedA,2026-02-27,2026-02-27,-24.15,GBP,,,ASDA SUPERSTORE LONDON,debit
gig_worker,sS0zraT1LsM4sRXAUq9ExsN0gYJr3Yg7EzM,xbWVKP9aG8TmlzqAJzrpHXBDzPxLgQu6AMedA,2026-02-27,2026-02-27,1143.58,GBP,,,UBER EATS PAYMENTS BACS REF:XXXXX332,debit
gig_worker,kWxuwCsKGBHHDkZ1gD21UXgv0QkSE4CeDWx,xbWVKP9aG8TmlzqAJzrpHXBDzPxLgQu6AMedA,2026-02-28,2026-02-28,-36.62,GBP,,,JUST EAT UK REF:ORDER-XXXX,debit
gig_worker,4qk8ZKBxzWt8koWqZoVnSMrE8loy3eIJ3pe1W,xbWVKP9aG8TmlzqAJzrpHXBDzPxLgQu6AMedA,2026-03-30,2026-03-30,-24.94,GBP,,,WAHACA RESTAURANT LONDON,debit
gig_worker,Nkj1PGmlBZSoMzBmxzQlsyNkLJWgx3Hy78vDk,xbWVKP9aG8TmlzqAJzrpHXBDzPxLgQu6AMedA,2026-03-30,2026-03-30,-9.86,GBP,,,TESCO METRO LONDON EC1,debit
gig_worker,1XMpWGKzqgSQmognLoGJsp7AaVqEGxtpm9gg4,xbWVKP9aG8TmlzqAJzrpHXBDzPxLgQu6AMedA,2026-03-31,2026-03-31,-41.66,GBP,,,ITSU UK LTD LONDON SE1,debit
gig_worker,7z5AXBd4xnU8bAQWgA39S7baeZEkpWtd1bW9E,xbWVKP9aG8TmlzqAJzrpHXBDzPxLgQu6AMedA,2026-03-31,2026-03-31,-36.73,GBP,,,AMAZON UK MARKETPLACE,debit
gig_worker,AaPQr34eBpCEyzA3o8jkfn5P1lx3BEi96Lorm,nZrpoVbK8whWP58DnVwatqMpkjLB9DfAmgnaQ,2026-03-31,2026-03-31,-9.86,GBP,,,TESCO METRO LONDON EC1,debit
gig_worker,LENZPWnmreUL4KgvBKJmCNzaE6VRM1Fk96bbw,xbWVKP9aG8TmlzqAJzrpHXBDzPxLgQu6AMedA,2026-03-31,2026-03-31,-35.02,GBP,,,MARKS AND SPENCER FOOD,debit
gig_worker,MWNMPAbyzQtporJx3rEMcqZymXBjRzHL7XBBQ,xbWVKP9aG8TmlzqAJzrpHXBDzPxLgQu6AMedA,2026-03-31,2026-03-31,-18.15,GBP,,,NIKE UK ONLINE STORE,debit
gig_worker,QbGoZKvrdLTnZxQyvxK9FPA3JpL4nVuwaPx8b,xbWVKP9aG8TmlzqAJzrpHXBDzPxLgQu6AMedA,2026-03-31,2026-03-31,-44.51,GBP,,,ITSU UK LTD LONDON SE1,debit
gig_worker,Wmx8EGpdPzuJB16aj3wVC9gjpVJvEdh6w34Z8,nZrpoVbK8whWP58DnVwatqMpkjLB9DfAmgnaQ,2026-03-31,2026-03-31,-24.94,GBP,,,WAHACA RESTAURANT LONDON,debit
gig_worker,ZlyVBNrPZnHnWQyMvQ89FKkdWeQ1AaUeba5KQ,xbWVKP9aG8TmlzqAJzrpHXBDzPxLgQu6AMedA,2026-03-31,2026-03-31,-52.48,GBP,,,OCADO RETAIL LTD REF:ORDER,debit
gig_worker,eNxVwo7gGBUoQP3KJPevsKnrWRe6amUrVvNjo,xbWVKP9aG8TmlzqAJzrpHXBDzPxLgQu6AMedA,2026-03-31,2026-03-31,-40.44,GBP,,,DOMINOS PIZZA UK LTD,debit
gig_worker,6RqmMWLz9dSXepAkNvKET56qpDoG8Zs8bQxDx,nZrpoVbK8whWP58DnVwatqMpkjLB9DfAmgnaQ,2026-04-01,2026-04-01,-35.02,GBP,,,MARKS AND SPENCER FOOD,debit
gig_worker,8BjGZ3aNdbHlorVa9rp8sKDbXzQNeAUWr7AAL,xbWVKP9aG8TmlzqAJzrpHXBDzPxLgQu6AMedA,2026-04-01,2026-04-01,-58.84,GBP,,,OCADO RETAIL LTD REF:ORDER,debit
gig_worker,9qzVpn5x9KfRkzAydpBbc87zWVBeldF4VoEx4,nZrpoVbK8whWP58DnVwatqMpkjLB9DfAmgnaQ,2026-04-01,2026-04-01,-52.48,GBP,,,OCADO RETAIL LTD REF:ORDER,debit
gig_worker,EMB431o8pdTjQGgpAGlmCgdajo6Qwri4E8wwl,xbWVKP9aG8TmlzqAJzrpHXBDzPxLgQu6AMedA,2026-04-01,2026-04-01,-43.22,GBP,,,IKEA UK LTD WEMBLEY,debit
gig_worker,RWKVLgZrxoi8B7dzgEMjtlvZXE8xJgtaXNGpX,nZrpoVbK8whWP58DnVwatqMpkjLB9DfAmgnaQ,2026-04-01,2026-04-01,-41.66,GBP,,,ITSU UK LTD LONDON SE1,debit
gig_worker,bBM34Vw1mgSWl5Qew6DNtbg6qemQnVimNn3bg,nZrpoVbK8whWP58DnVwatqMpkjLB9DfAmgnaQ,2026-04-01,2026-04-01,-36.73,GBP,,,AMAZON UK MARKETPLACE,debit
gig_worker,gjaV78QEGxhwrNqgAN3PhZkGe5DQbPuEMNbbq,xbWVKP9aG8TmlzqAJzrpHXBDzPxLgQu6AMedA,2026-04-01,2026-04-01,-28.45,GBP,,,SAINSBURYS SUPERMARKETS LONDON,debit
gig_worker,mQKLpVaq8bIVNr6MP3gJTZBRdmwX9VcgMeAy7,nZrpoVbK8whWP58DnVwatqMpkjLB9DfAmgnaQ,2026-04-01,2026-04-01,-40.44,GBP,,,DOMINOS PIZZA UK LTD,debit
gig_worker,opmVyr8lGeTbDk5Mmkz6cBnj9zaVr5CoKQaan,xbWVKP9aG8TmlzqAJzrpHXBDzPxLgQu6AMedA,2026-04-01,2026-04-01,-29.5,GBP,,,POUNDLAND LTD LONDON,debit
gig_worker,poRVAzEqyQUR6kJNAk7WFKNyXJ1Bz6UpKl44W,xbWVKP9aG8TmlzqAJzrpHXBDzPxLgQu6AMedA,2026-04-01,2026-04-01,-51.64,GBP,,,ALDI STORES LTD LONDON,debit
gig_worker,vEN5zV348ACAmgKpLZ8MfQq56zy9aehqnbX6v,nZrpoVbK8whWP58DnVwatqMpkjLB9DfAmgnaQ,2026-04-01,2026-04-01,-18.15,GBP,,,NIKE UK ONLINE STORE,debit
gig_worker,yG73xlDj85fWG8BylMoetw5ay3BelWT4WPD6y,nZrpoVbK8whWP58DnVwatqMpkjLB9DfAmgnaQ,2026-04-01,2026-04-01,-44.51,GBP,,,ITSU UK LTD LONDON SE1,debit
gig_worker,5vlxZEJr96UJw8AbxKqDCk7lLKPvRxU53XpKj,nZrpoVbK8whWP58DnVwatqMpkjLB9DfAmgnaQ,2026-04-02,2026-04-02,-43.22,GBP,,,IKEA UK LTD WEMBLEY,debit
gig_worker,DPeR3a4MdVhXDlbmyRQzTwJAnWaENKT3ENXW7,nZrpoVbK8whWP58DnVwatqMpkjLB9DfAmgnaQ,2026-04-02,2026-04-02,-29.5,GBP,,,POUNDLAND LTD LONDON,debit
gig_worker,Vb318AwxNrTwLMPdE9lVum1ZxGwPB7i9pQngD,nZrpoVbK8whWP58DnVwatqMpkjLB9DfAmgnaQ,2026-04-02,2026-04-02,-28.45,GBP,,,SAINSBURYS SUPERMARKETS LONDON,debit
gig_worker,W6yGkdla7WIdq6z3Q6gafwaKX86ed3C643rrj,xbWVKP9aG8TmlzqAJzrpHXBDzPxLgQu6AMedA,2026-04-02,2026-04-02,-14.75,GBP,,,SAINSBURYS SUPERMARKETS LONDON,debit
gig_worker,Xyd1lnQajBFVjL74yq1DTWy3nPVbBpsbPkxKy,nZrpoVbK8whWP58DnVwatqMpkjLB9DfAmgnaQ,2026-04-02,2026-04-02,-51.64,GBP,,,ALDI STORES LTD LONDON,debit
gig_worker,wWPABVxN8JixplyEN4eJu5BreDGMjXsPqzlZM,nZrpoVbK8whWP58DnVwatqMpkjLB9DfAmgnaQ,2026-04-02,2026-04-02,-58.84,GBP,,,OCADO RETAIL LTD REF:ORDER,debit
gig_worker,A7k3KeMLZzCaXAw8JAV3sazQgDqdE7F9oL77x,xbWVKP9aG8TmlzqAJzrpHXBDzPxLgQu6AMedA,2026-04-03,2026-04-03,-23.42,GBP,,,DOMINOS PIZZA UK LTD,debit
gig_worker,GLxPdp8Wg4sebM6jlMmPhyj3X4xkqPH6nKllK,xbWVKP9aG8TmlzqAJzrpHXBDzPxLgQu6AMedA,2026-04-03,2026-04-03,-10.99,GBP,,,MARKS AND SPENCER FOOD,debit
gig_worker,JMpaPeQ879F8d3leXQGKt4gbWZ7mdxiBoX56N,nZrpoVbK8whWP58DnVwatqMpkjLB9DfAmgnaQ,2026-04-03,2026-04-03,-14.75,GBP,,,SAINSBURYS SUPERMARKETS LONDON,debit
gig_worker,bdzVy1NLGKI1jQo6AQRes9AlWRyMVKSm3n55b,xbWVKP9aG8TmlzqAJzrpHXBDzPxLgQu6AMedA,2026-04-03,2026-04-03,-23.41,GBP,,,The Press Club,debit
gig_worker,m1XVAqomGjTbA6L3a6GMcKnG8L4JVNUgAebbZ,xbWVKP9aG8TmlzqAJzrpHXBDzPxLgQu6AMedA,2026-04-03,2026-04-03,-6.88,GBP,,,ALDI STORES LTD LONDON,debit
gig_worker,nLQVAKgyG7sbR81V48oDc7NP914QDEtAG9ddV,xbWVKP9aG8TmlzqAJzrpHXBDzPxLgQu6AMedA,2026-04-03,2026-04-03,-19.35,GBP,,,WAHACA RESTAURANT LONDON,debit
gig_worker,ymWlrjv4XEip1B6MnBaycpAVoM8jWdt4DP99z,xbWVKP9aG8TmlzqAJzrpHXBDzPxLgQu6AMedA,2026-04-03,2026-04-03,-46.63,GBP,,,SAINSBURYS SUPERMARKETS LONDON,debit
gig_worker,6rbWvzxa3GU8nAJv6AmkSzJwky3QZWf8xQWW6,xbWVKP9aG8TmlzqAJzrpHXBDzPxLgQu6AMedA,2026-04-04,2026-04-04,-43.67,GBP,,,DELIVEROO UK REF:ORDER-APP,debit
gig_worker,93Mn6x4PamTq9A8pgAvySPgpqZQXdLu4EoLLm,xbWVKP9aG8TmlzqAJzrpHXBDzPxLgQu6AMedA,2026-04-04,2026-04-04,-15.12,GBP,,,SCREWFIX DIRECT LTD,debit
gig_worker,DZzaBMpgLksP3bdReb9mF1pLXj8dKgC3XNggw,xbWVKP9aG8TmlzqAJzrpHXBDzPxLgQu6AMedA,2026-04-04,2026-04-04,1554.94,GBP,,,UBER PAYOUT,debit
gig_worker,K1oajQyElZTvaxqQJG4gHZAwmarLKvcRGompd,nZrpoVbK8whWP58DnVwatqMpkjLB9DfAmgnaQ,2026-04-04,2026-04-04,-23.41,GBP,,,The Press Club,debit
gig_worker,RmygGrkzapirwdVENdvzTk14bwMGgNTaGNKKK,xbWVKP9aG8TmlzqAJzrpHXBDzPxLgQu6AMedA,2026-04-04,2026-04-04,-39.81,GBP,,,DELIVEROO UK REF:ORDER-APP,debit
gig_worker,XXVnraq4eASmR7QqZ7z4HAlvLq5Kp8Hbxk44X,xbWVKP9aG8TmlzqAJzrpHXBDzPxLgQu6AMedA,2026-04-04,2026-04-04,-40.3,GBP,,,DELIVEROO UK REF:ORDER-APP,debit
gig_worker,k7lb15pG8kcG9XMQz7yPu5jo8wrWBxsLz786g,nZrpoVbK8whWP58DnVwatqMpkjLB9DfAmgnaQ,2026-04-04,2026-04-04,-23.42,GBP,,,DOMINOS PIZZA UK LTD,debit
gig_worker,lekWLVJlydSx4WDAoNXau3ZKbwkPXpfpEBroK,nZrpoVbK8whWP58DnVwatqMpkjLB9DfAmgnaQ,2026-04-04,2026-04-04,-10.99,GBP,,,MARKS AND SPENCER FOOD,debit
gig_worker,qL3XEVqB89hXe9oakz15TKawAVlD4yigNlVr4,nZrpoVbK8whWP58DnVwatqMpkjLB9DfAmgnaQ,2026-04-04,2026-04-04,-19.35,GBP,,,WAHACA RESTAURANT LONDON,debit
gig_worker,rpxRlVK3m9TyQKZNvMwRFR5N6PwpmLi7abDJK,nZrpoVbK8whWP58DnVwatqMpkjLB9DfAmgnaQ,2026-04-04,2026-04-04,-6.88,GBP,,,ALDI STORES LTD LONDON,debit
gig_worker,vGWVl4mxwoT7nKlZeK5ps4rwdoJ8exCqXbjj3,xbWVKP9aG8TmlzqAJzrpHXBDzPxLgQu6AMedA,2026-04-04,2026-04-04,-27.16,GBP,,,MARKS AND SPENCER FOOD,debit
gig_worker,zkeMdqA7D9uz8Eyp34KeCGW3kPVLBNIlwdgbx,nZrpoVbK8whWP58DnVwatqMpkjLB9DfAmgnaQ,2026-04-04,2026-04-04,-46.63,GBP,,,SAINSBURYS SUPERMARKETS LONDON,debit
gig_worker,3yRBegLq9dFGwo1JvWQAu1mNMl6q7KHZMg8yz,nZrpoVbK8whWP58DnVwatqMpkjLB9DfAmgnaQ,2026-04-05,2026-04-05,-27.16,GBP,,,MARKS AND SPENCER FOOD,debit
gig_worker,49RvQ8pKJGSGrLonwqlDu5dL1bKAq3sJnp3yA,nZrpoVbK8whWP58DnVwatqMpkjLB9DfAmgnaQ,2026-04-05,2026-04-05,1554.94,GBP,,,UBER PAYOUT,debit
gig_worker,5KME5r3dBAFk5AVKnAzbIWyAbZgrxoT5pXoom,xbWVKP9aG8TmlzqAJzrpHXBDzPxLgQu6AMedA,2026-04-05,2026-04-05,-33.32,GBP,,,TESCO METRO LONDON EC1,debit
gig_worker,B4jlzxvQ39UAWGjx357nf8VZKX9mqrF4AvLod,nZrpoVbK8whWP58DnVwatqMpkjLB9DfAmgnaQ,2026-04-05,2026-04-05,-15.12,GBP,,,SCREWFIX DIRECT LTD,debit
gig_worker,JgNeV8AnqjfMEl6QrlLeUqN5kXaRxDHB5XEEG,xbWVKP9aG8TmlzqAJzrpHXBDzPxLgQu6AMedA,2026-04-05,2026-04-05,-58.98,GBP,,,SAINSBURYS SUPERMARKETS LONDON,debit
gig_worker,VRyAqxVdjETn7Pa9eP1dFzAKWJRN7Qf9nQ44k,xbWVKP9aG8TmlzqAJzrpHXBDzPxLgQu6AMedA,2026-04-05,2026-04-05,-33.81,GBP,,,NIKE UK ONLINE STORE,debit
gig_worker,azZdaVPMm9hlQnd39j76sMjwnAPpVEuZ16emL,nZrpoVbK8whWP58DnVwatqMpkjLB9DfAmgnaQ,2026-04-05,2026-04-05,-40.3,GBP,,,DELIVEROO UK REF:ORDER-APP,debit
gig_worker,dxLdPVNpm8hEGyla3qRZfQ5JnlqvXehJDy61x,nZrpoVbK8whWP58DnVwatqMpkjLB9DfAmgnaQ,2026-04-05,2026-04-05,-43.67,GBP,,,DELIVEROO UK REF:ORDER-APP,debit
gig_worker,kZQ5AGLn6NsewMm7xMBQhLz97mMkxetL87BBG,xbWVKP9aG8TmlzqAJzrpHXBDzPxLgQu6AMedA,2026-04-05,2026-04-05,-23.63,GBP,,,PRET A MANGER LONDON EC1,debit
gig_worker,lMQVAlpbGPT9QDqNdD6Ahzj4Bq7JpvfprByy1,xbWVKP9aG8TmlzqAJzrpHXBDzPxLgQu6AMedA,2026-04-05,2026-04-05,-15.48,GBP,,,TESCO METRO LONDON EC1,debit
gig_worker,wnXVqNydGkIQwyR41y9EsyWpvPLoX4HPlzvvw,xbWVKP9aG8TmlzqAJzrpHXBDzPxLgQu6AMedA,2026-04-05,2026-04-05,-44.34,GBP,,,ITSU UK LTD LONDON SE1,debit
gig_worker,xAjB3VRPQ5Uxo6zp1AE8u4grV7yNAji6JMAaq,nZrpoVbK8whWP58DnVwatqMpkjLB9DfAmgnaQ,2026-04-05,2026-04-05,-39.81,GBP,,,DELIVEROO UK REF:ORDER-APP,debit
gig_worker,76KQ1ALB9lI5lxA9pWrDfljKow4nAptdMb1kb,nZrpoVbK8whWP58DnVwatqMpkjLB9DfAmgnaQ,2026-04-06,2026-04-06,-58.98,GBP,,,SAINSBURYS SUPERMARKETS LONDON,debit
gig_worker,BeKxkQ1pMBI4JjZ5MjoxFa3b4dQWrPF4LvPPA,xbWVKP9aG8TmlzqAJzrpHXBDzPxLgQu6AMedA,2026-04-06,2026-04-06,-16.22,GBP,,,WAITROSE & PARTNERS LONDON SW1,debit
gig_worker,K8NQPEGbK7T1eqkGzqXQsl36GoXnv1iRmoPPV,xbWVKP9aG8TmlzqAJzrpHXBDzPxLgQu6AMedA,2026-04-06,2026-04-06,-32.22,GBP,,,COSTCO UK WATFORD,debit
gig_worker,NoEwQ1MGrgtne4zlAmqyUjPRKMnvaxcyn87JK,nZrpoVbK8whWP58DnVwatqMpkjLB9DfAmgnaQ,2026-04-06,2026-04-06,-33.81,GBP,,,NIKE UK ONLINE STORE,debit
gig_worker,P8leMpjqBoTeoP39q87WFk7QqBK8awUoQLNlA,nZrpoVbK8whWP58DnVwatqMpkjLB9DfAmgnaQ,2026-04-06,2026-04-06,-44.34,GBP,,,ITSU UK LTD LONDON SE1,debit
gig_worker,QEqV1o7K3mCg7jx9wypRiMZmKar8lnuw3PaQm,nZrpoVbK8whWP58DnVwatqMpkjLB9DfAmgnaQ,2026-04-06,2026-04-06,-15.48,GBP,,,TESCO METRO LONDON EC1,debit
gig_worker,edpajVyom1Hnr9PvwKmZUgzMEGkpbair7vVZB,nZrpoVbK8whWP58DnVwatqMpkjLB9DfAmgnaQ,2026-04-06,2026-04-06,-23.63,GBP,,,PRET A MANGER LONDON EC1,debit
gig_worker,jjWZMVkA8PsdGg7pKJXwsrQRBMN7ebF6ZKGgR,nZrpoVbK8whWP58DnVwatqMpkjLB9DfAmgnaQ,2026-04-06,2026-04-06,-33.32,GBP,,,TESCO METRO LONDON EC1,debit
gig_worker,qg1VABWKGZfN8obzJoBafvZEjbL7ymCgVlaaJ,xbWVKP9aG8TmlzqAJzrpHXBDzPxLgQu6AMedA,2026-04-06,2026-04-06,-36.05,GBP,,,ITSU UK LTD LONDON SE1,debit
gig_worker,r8WVw3ArGMT74Z9MjZkNsWnQlxBDLjT7Dbxx7,xbWVKP9aG8TmlzqAJzrpHXBDzPxLgQu6AMedA,2026-04-06,2026-04-06,-13.08,GBP,,,MARKS AND SPENCER FOOD,debit
gig_worker,zywqz7RNGWCXvyD4VyapIZx98qDyNJulgd993,xbWVKP9aG8TmlzqAJzrpHXBDzPxLgQu6AMedA,2026-04-06,2026-04-06,-53.92,GBP,,,ITSU UK LTD LONDON SE1,debit
gig_worker,1bRyjpLG9mTlraoJbnAEsJeZDmvk3GfpZ9mdw,nZrpoVbK8whWP58DnVwatqMpkjLB9DfAmgnaQ,2026-04-07,2026-04-07,-13.08,GBP,,,MARKS AND SPENCER FOOD,debit
gig_worker,3lXgJqz3rEH8P1EWX1gJSnxJojRyK5iZ8gpp8,xbWVKP9aG8TmlzqAJzrpHXBDzPxLgQu6AMedA,2026-04-07,2026-04-07,-11.12,GBP,,,SCREWFIX DIRECT LTD,debit
gig_worker,LLkj7ZQWqohZydKmrvozHQpjDAZnrMhkl69nr,nZrpoVbK8whWP58DnVwatqMpkjLB9DfAmgnaQ,2026-04-07,2026-04-07,-53.92,GBP,,,ITSU UK LTD LONDON SE1,debit
gig_worker,Mp8weMRAKoTk7arMexRQflgG6JVdARtLeX7gJ,nZrpoVbK8whWP58DnVwatqMpkjLB9DfAmgnaQ,2026-04-07,2026-04-07,-32.22,GBP,,,COSTCO UK WATFORD,debit
gig_worker,Zv4gKVpNmeUEzoQ9jMq6f78GNxPv5Acerabyy,nZrpoVbK8whWP58DnVwatqMpkjLB9DfAmgnaQ,2026-04-07,2026-04-07,-36.05,GBP,,,ITSU UK LTD LONDON SE1,debit
gig_worker,d43VZpjokzhvdl6qnlAasgAG6R7peLiJ6ywwl,xbWVKP9aG8TmlzqAJzrpHXBDzPxLgQu6AMedA,2026-04-07,2026-04-07,-53.68,GBP,,,SCREWFIX DIRECT LTD,debit
gig_worker,p1BL8VlzW9TbGPkWwNaXfMdaQr8RpzupElKM4,nZrpoVbK8whWP58DnVwatqMpkjLB9DfAmgnaQ,2026-04-07,2026-04-07,-16.22,GBP,,,WAITROSE & PARTNERS LONDON SW1,debit
gig_worker,xbWVKP9aG8TmlzqAJzrpHXBnEdvpjwu6AMooN,xbWVKP9aG8TmlzqAJzrpHXBDzPxLgQu6AMedA,2026-04-07,2026-04-07,-40.98,GBP,,,IKEA UK LTD WEMBLEY,debit
gig_worker,4qk8ZKBxzWt8koWqZoVnSMrE8loy3eIJ3peeW,xbWVKP9aG8TmlzqAJzrpHXBDzPxLgQu6AMedA,2026-04-08,2026-04-08,-48.53,GBP,,,IKEA UK LTD WEMBLEY,debit
gig_worker,7z5AXBd4xnU8bAQWgA39S7baeZEkpWtd1bWWE,xbWVKP9aG8TmlzqAJzrpHXBDzPxLgQu6AMedA,2026-04-08,2026-04-08,-33.62,GBP,,,ALDI STORES LTD LONDON,debit
gig_worker,8lrwLGv39qIZvWr8xaz1HLGVRkgPreiWK7ro1,nZrpoVbK8whWP58DnVwatqMpkjLB9DfAmgnaQ,2026-04-08,2026-04-08,-53.68,GBP,,,SCREWFIX DIRECT LTD,debit
gig_worker,Nkj1PGmlBZSoMzBmxzQlsyNkLJWgx3Hy78vvk,xbWVKP9aG8TmlzqAJzrpHXBDzPxLgQu6AMedA,2026-04-08,2026-04-08,-33.05,GBP,,,POUNDLAND LTD LONDON,debit
gig_worker,PnZp7q9Kx1InZ3E8a349FNmvWDMrwZFoNLDDm,xbWVKP9aG8TmlzqAJzrpHXBDzPxLgQu6AMedA,2026-04-08,2026-04-08,-58.23,GBP,,,LEON RESTAURANTS LONDON,debit
gig_worker,axrV7M418qT5ZdNjWdX3hNGdvqgaEzFZe6qqX,xbWVKP9aG8TmlzqAJzrpHXBDzPxLgQu6AMedA,2026-04-08,2026-04-08,-31.79,GBP,,,SCREWFIX DIRECT LTD,debit
gig_worker,g4gAeVN8mkUGBRNPXgJ7uxd7l9MNAbuE4NMp6,nZrpoVbK8whWP58DnVwatqMpkjLB9DfAmgnaQ,2026-04-08,2026-04-08,-40.98,GBP,,,IKEA UK LTD WEMBLEY,debit
gig_worker,jQmV7A1G94Cbk7MJe7EpcwgGz418b9C6GK55z,xbWVKP9aG8TmlzqAJzrpHXBDzPxLgQu6AMedA,2026-04-08,2026-04-08,-26.59,GBP,,,ASDA SUPERSTORE LONDON,debit
gig_worker,oMzXgVWrw9FLjRk6QMWgfepx4MqmXrfokQKej,nZrpoVbK8whWP58DnVwatqMpkjLB9DfAmgnaQ,2026-04-08,2026-04-08,-11.12,GBP,,,SCREWFIX DIRECT LTD,debit
gig_worker,AaPQr34eBpCEyzA3o8jkfn5P1lx3BEi96LoNm,nZrpoVbK8whWP58DnVwatqMpkjLB9DfAmgnaQ,2026-04-09,2026-04-09,-33.05,GBP,,,POUNDLAND LTD LONDON,debit
gig_worker,EjQNx4n1kvsJbqGmWpr1CR9AKm4DJwi498EnQ,nZrpoVbK8whWP58DnVwatqMpkjLB9DfAmgnaQ,2026-04-09,2026-04-09,-31.79,GBP,,,SCREWFIX DIRECT LTD,debit
gig_worker,GeM3aPRpNoSaXrMPDj34fBZ6NMnJgqc6AKngL,nZrpoVbK8whWP58DnVwatqMpkjLB9DfAmgnaQ,2026-04-09,2026-04-09,-58.23,GBP,,,LEON RESTAURANTS LONDON,debit
gig_worker,QbGoZKvrdLTnZxQyvxK9FPA3JpL4nVuwaPxxb,xbWVKP9aG8TmlzqAJzrpHXBDzPxLgQu6AMedA,2026-04-09,2026-04-09,-8.17,GBP,,,DELIVEROO UK REF:ORDER-APP,debit
gig_worker,Wmx8EGpdPzuJB16aj3wVC9gjpVJvEdh6w34z8,nZrpoVbK8whWP58DnVwatqMpkjLB9DfAmgnaQ,2026-04-09,2026-04-09,-48.53,GBP,,,IKEA UK LTD WEMBLEY,debit
gig_worker,ZlyVBNrPZnHnWQyMvQ89FKkdWeQ1AaUeba55Q,xbWVKP9aG8TmlzqAJzrpHXBDzPxLgQu6AMedA,2026-04-09,2026-04-09,-52.23,GBP,,,OCADO RETAIL LTD REF:ORDER,debit
gig_worker,bBM34Vw1mgSWl5Qew6DNtbg6qemQnVimNn3pg,nZrpoVbK8whWP58DnVwatqMpkjLB9DfAmgnaQ,2026-04-09,2026-04-09,-33.62,GBP,,,ALDI STORES LTD LONDON,debit
gig_worker,eNxVwo7gGBUoQP3KJPevsKnrWRe6amUrVvNNo,xbWVKP9aG8TmlzqAJzrpHXBDzPxLgQu6AMedA,2026-04-09,2026-04-09,-27.58,GBP,,,ALDI STORES LTD LONDON,debit
gig_worker,nZrpoVbK8whWP58DnVwatqMvaez3mDsAK9Gq7,nZrpoVbK8whWP58DnVwatqMpkjLB9DfAmgnaQ,2026-04-09,2026-04-09,-26.59,GBP,,,ASDA SUPERSTORE LONDON,debit
gig_worker,1XMpWGKzqgSQmognLoGJsp7AaVqEGxtpm9gz4,xbWVKP9aG8TmlzqAJzrpHXBDzPxLgQu6AMedA,2026-04-10,2026-04-10,-14.5,GBP,,,DELIVEROO UK REF:ORDER-APP,debit
gig_worker,8BjGZ3aNdbHlorVa9rp8sKDbXzQNeAUWr7AnL,xbWVKP9aG8TmlzqAJzrpHXBDzPxLgQu6AMedA,2026-04-10,2026-04-10,-24.67,GBP,,,COSTCO UK WATFORD,debit
gig_worker,9qzVpn5x9KfRkzAydpBbc87zWVBeldF4VoEN4,nZrpoVbK8whWP58DnVwatqMpkjLB9DfAmgnaQ,2026-04-10,2026-04-10,-52.23,GBP,,,OCADO RETAIL LTD REF:ORDER,debit
gig_worker,LENZPWnmreUL4KgvBKJmCNzaE6VRM1Fk96b7w,xbWVKP9aG8TmlzqAJzrpHXBDzPxLgQu6AMedA,2026-04-10,2026-04-10,-48.22,GBP,,,ITSU UK LTD LONDON SE1,debit
gig_worker,MWNMPAbyzQtporJx3rEMcqZymXBjRzHL7XBKQ,xbWVKP9aG8TmlzqAJzrpHXBDzPxLgQu6AMedA,2026-04-10,2026-04-10,-38.2,GBP,,,DELIVEROO UK REF:ORDER-APP,debit
gig_worker,gjaV78QEGxhwrNqgAN3PhZkGe5DQbPuEMNboq,xbWVKP9aG8TmlzqAJzrpHXBDzPxLgQu6AMedA,2026-04-10,2026-04-10,-30.57,GBP,,,ALDI STORES LTD LONDON,debit
gig_worker,mQKLpVaq8bIVNr6MP3gJTZBRdmwX9VcgMeAZ7,nZrpoVbK8whWP58DnVwatqMpkjLB9DfAmgnaQ,2026-04-10,2026-04-10,-27.58,GBP,,,ALDI STORES LTD LONDON,debit
gig_worker,opmVyr8lGeTbDk5Mmkz6cBnj9zaVr5CoKQajn,xbWVKP9aG8TmlzqAJzrpHXBDzPxLgQu6AMedA,2026-04-10,2026-04-10,-34.06,GBP,,,DELIVEROO UK REF:ORDER-APP,debit
gig_worker,poRVAzEqyQUR6kJNAk7WFKNyXJ1Bz6UpKl4wW,xbWVKP9aG8TmlzqAJzrpHXBDzPxLgQu6AMedA,2026-04-10,2026-04-10,-34.63,GBP,,,ALDI STORES LTD LONDON,debit
gig_worker,yG73xlDj85fWG8BylMoetw5ay3BelWT4WPDRy,nZrpoVbK8whWP58DnVwatqMpkjLB9DfAmgnaQ,2026-04-10,2026-04-10,-8.17,GBP,,,DELIVEROO UK REF:ORDER-APP,debit
gig_worker,6RqmMWLz9dSXepAkNvKET56qpDoG8Zs8bQx7x,nZrpoVbK8whWP58DnVwatqMpkjLB9DfAmgnaQ,2026-04-11,2026-04-11,-48.22,GBP,,,ITSU UK LTD LONDON SE1,debit
gig_worker,A7k3KeMLZzCaXAw8JAV3sazQgDqdE7F9oL78x,xbWVKP9aG8TmlzqAJzrpHXBDzPxLgQu6AMedA,2026-04-11,2026-04-11,-6.2,GBP,,,DELIVEROO UK REF:ORDER-APP,debit
gig_worker,DPeR3a4MdVhXDlbmyRQzTwJAnWaENKT3ENXq7,nZrpoVbK8whWP58DnVwatqMpkjLB9DfAmgnaQ,2026-04-11,2026-04-11,-34.06,GBP,,,DELIVEROO UK REF:ORDER-APP,debit
gig_worker,EMB431o8pdTjQGgpAGlmCgdajo6Qwri4E8wyl,xbWVKP9aG8TmlzqAJzrpHXBDzPxLgQu6AMedA,2026-04-11,2026-04-11,-15.59,GBP,,,POUNDLAND LTD LONDON,debit
gig_worker,GLxPdp8Wg4sebM6jlMmPhyj3X4xkqPH6nKlaK,xbWVKP9aG8TmlzqAJzrpHXBDzPxLgQu6AMedA,2026-04-11,2026-04-11,-43.71,GBP,,,ITSU UK LTD LONDON SE1,debit
gig_worker,RWKVLgZrxoi8B7dzgEMjtlvZXE8xJgtaXNGVX,nZrpoVbK8whWP58DnVwatqMpkjLB9DfAmgnaQ,2026-04-11,2026-04-11,-14.5,GBP,,,DELIVEROO UK REF:ORDER-APP,debit
gig_worker,Vb318AwxNrTwLMPdE9lVum1ZxGwPB7i9pQnMD,nZrpoVbK8whWP58DnVwatqMpkjLB9DfAmgnaQ,2026-04-11,2026-04-11,-30.57,GBP,,,ALDI STORES LTD LONDON,debit
gig_worker,W6yGkdla7WIdq6z3Q6gafwaKX86ed3C643rRj,xbWVKP9aG8TmlzqAJzrpHXBDzPxLgQu6AMedA,2026-04-11,2026-04-11,-44.84,GBP,,,THE COAL HOLE LONDON WC2,debit
gig_worker,Xyd1lnQajBFVjL74yq1DTWy3nPVbBpsbPkxAy,nZrpoVbK8whWP58DnVwatqMpkjLB9DfAmgnaQ,2026-04-11,2026-04-11,-34.63,GBP,,,ALDI STORES LTD LONDON,debit
gig_worker,nLQVAKgyG7sbR81V48oDc7NP914QDEtAG9doV,xbWVKP9aG8TmlzqAJzrpHXBDzPxLgQu6AMedA,2026-04-11,2026-04-11,-29.79,GBP,,,SAINSBURYS SUPERMARKETS LONDON,debit
gig_worker,vEN5zV348ACAmgKpLZ8MfQq56zy9aehqnbXQv,nZrpoVbK8whWP58DnVwatqMpkjLB9DfAmgnaQ,2026-04-11,2026-04-11,-38.2,GBP,,,DELIVEROO UK REF:ORDER-APP,debit
gig_worker,wWPABVxN8JixplyEN4eJu5BreDGMjXsPqzlXM,nZrpoVbK8whWP58DnVwatqMpkjLB9DfAmgnaQ,2026-04-11,2026-04-11,-24.67,GBP,,,COSTCO UK WATFORD,debit
gig_worker,5vlxZEJr96UJw8AbxKqDCk7lLKPvRxU53Xprj,nZrpoVbK8whWP58DnVwatqMpkjLB9DfAmgnaQ,2026-04-12,2026-04-12,-15.59,GBP,,,POUNDLAND LTD LONDON,debit
gig_worker,6rbWvzxa3GU8nAJv6AmkSzJwky3QZWf8xQW66,xbWVKP9aG8TmlzqAJzrpHXBDzPxLgQu6AMedA,2026-04-12,2026-04-12,1735.77,GBP,,,Lyft,debit
gig_worker,93Mn6x4PamTq9A8pgAvySPgpqZQXdLu4EoLrm,xbWVKP9aG8TmlzqAJzrpHXBDzPxLgQu6AMedA,2026-04-12,2026-04-12,-43.19,GBP,,,PRET A MANGER LONDON EC1,debit
gig_worker,JMpaPeQ879F8d3leXQGKt4gbWZ7mdxiBoX58N,nZrpoVbK8whWP58DnVwatqMpkjLB9DfAmgnaQ,2026-04-12,2026-04-12,-44.84,GBP,,,THE COAL HOLE LONDON WC2,debit
gig_worker,RmygGrkzapirwdVENdvzTk14bwMGgNTaGNK9K,xbWVKP9aG8TmlzqAJzrpHXBDzPxLgQu6AMedA,2026-04-12,2026-04-12,-20.15,GBP,,,SCREWFIX DIRECT LTD,debit
gig_worker,bdzVy1NLGKI1jQo6AQRes9AlWRyMVKSm3n5lb,xbWVKP9aG8TmlzqAJzrpHXBDzPxLgQu6AMedA,2026-04-12,2026-04-12,-53.56,GBP,,,DOMINOS PIZZA UK LTD,debit
gig_worker,k7lb15pG8kcG9XMQz7yPu5jo8wrWBxsLz785g,nZrpoVbK8whWP58DnVwatqMpkjLB9DfAmgnaQ,2026-04-12,2026-04-12,-6.2,GBP,,,DELIVEROO UK REF:ORDER-APP,debit
gig_worker,lekWLVJlydSx4WDAoNXau3ZKbwkPXpfpEBr3K,nZrpoVbK8whWP58DnVwatqMpkjLB9DfAmgnaQ,2026-04-12,2026-04-12,-43.71,GBP,,,ITSU UK LTD LONDON SE1,debit
gig_worker,m1XVAqomGjTbA6L3a6GMcKnG8L4JVNUgAebEZ,xbWVKP9aG8TmlzqAJzrpHXBDzPxLgQu6AMedA,2026-04-12,2026-04-12,-12.54,GBP,,,COSTCO UK WATFORD,debit
gig_worker,qL3XEVqB89hXe9oakz15TKawAVlD4yigNlVK4,nZrpoVbK8whWP58DnVwatqMpkjLB9DfAmgnaQ,2026-04-12,2026-04-12,-29.79,GBP,,,SAINSBURYS SUPERMARKETS LONDON,debit
gig_worker,vGWVl4mxwoT7nKlZeK5ps4rwdoJ8exCqXbjp3,xbWVKP9aG8TmlzqAJzrpHXBDzPxLgQu6AMedA,2026-04-12,2026-04-12,-52.07,GBP,,,THE COAL HOLE LONDON WC2,debit
gig_worker,ymWlrjv4XEip1B6MnBaycpAVoM8jWdt4DP9Gz,xbWVKP9aG8TmlzqAJzrpHXBDzPxLgQu6AMedA,2026-04-12,2026-04-12,-40.65,GBP,,,IKEA UK LTD WEMBLEY,debit
gig_worker,3yRBegLq9dFGwo1JvWQAu1mNMl6q7KHZMg8Dz,nZrpoVbK8whWP58DnVwatqMpkjLB9DfAmgnaQ,2026-04-13,2026-04-13,-52.07,GBP,,,THE COAL HOLE LONDON WC2,debit
gig_worker,B4jlzxvQ39UAWGjx357nf8VZKX9mqrF4AvLbd,nZrpoVbK8whWP58DnVwatqMpkjLB9DfAmgnaQ,2026-04-13,2026-04-13,-43.19,GBP,,,PRET A MANGER LONDON EC1,debit
gig_worker,DZzaBMpgLksP3bdReb9mF1pLXj8dKgC3XNg1w,xbWVKP9aG8TmlzqAJzrpHXBDzPxLgQu6AMedA,2026-04-13,2026-04-13,-11.41,GBP,,,SAINSBURYS SUPERMARKETS LONDON,debit
gig_worker,K1oajQyElZTvaxqQJG4gHZAwmarLKvcRGomXd,nZrpoVbK8whWP58DnVwatqMpkjLB9DfAmgnaQ,2026-04-13,2026-04-13,-53.56,GBP,,,DOMINOS PIZZA UK LTD,debit
gig_worker,VRyAqxVdjETn7Pa9eP1dFzAKWJRN7Qf9nQ4ak,xbWVKP9aG8TmlzqAJzrpHXBDzPxLgQu6AMedA,2026-04-13,2026-04-13,-7.18,GBP,,,SCREWFIX DIRECT LTD,debit
gig_worker,XXVnraq4eASmR7QqZ7z4HAlvLq5Kp8Hbxk4QX,xbWVKP9aG8TmlzqAJzrpHXBDzPxLgQu6AMedA,2026-04-13,2026-04-13,-58.77,GBP,,,DELIVEROO UK REF:ORDER-APP,debit
gig_worker,dxLdPVNpm8hEGyla3qRZfQ5JnlqvXehJDy6jx,nZrpoVbK8whWP58DnVwatqMpkjLB9DfAmgnaQ,2026-04-13,2026-04-13,1735.77,GBP,,,Lyft,debit
gig_worker,rpxRlVK3m9TyQKZNvMwRFR5N6PwpmLi7abDRK,nZrpoVbK8whWP58DnVwatqMpkjLB9DfAmgnaQ,2026-04-13,2026-04-13,-12.54,GBP,,,COSTCO UK WATFORD,debit
gig_worker,xAjB3VRPQ5Uxo6zp1AE8u4grV7yNAji6JMA3q,nZrpoVbK8whWP58DnVwatqMpkjLB9DfAmgnaQ,2026-04-13,2026-04-13,-20.15,GBP,,,SCREWFIX DIRECT LTD,debit
gig_worker,zkeMdqA7D9uz8Eyp34KeCGW3kPVLBNIlwdg5x,nZrpoVbK8whWP58DnVwatqMpkjLB9DfAmgnaQ,2026-04-13,2026-04-13,-40.65,GBP,,,IKEA UK LTD WEMBLEY,debit
gig_worker,49RvQ8pKJGSGrLonwqlDu5dL1bKAq3sJnp3QA,nZrpoVbK8whWP58DnVwatqMpkjLB9DfAmgnaQ,2026-04-14,2026-04-14,-11.41,GBP,,,SAINSBURYS SUPERMARKETS LONDON,debit
gig_worker,A7k3KeMLZzCaXAw8JAV3sazQgDqdE7F9oL78k,xbWVKP9aG8TmlzqAJzrpHXBDzPxLgQu6AMedA,2026-04-14,2026-04-14,-37.07,GBP,,,AMAZON UK MARKETPLACE,debit
gig_worker,EMB431o8pdTjQGgpAGlmCgdajo6Qwri4E8wy7,xbWVKP9aG8TmlzqAJzrpHXBDzPxLgQu6AMedA,2026-04-14,2026-04-14,-44.21,GBP,,,ITSU UK LTD LONDON SE1,debit
gig_worker,GLxPdp8Wg4sebM6jlMmPhyj3X4xkqPH6nKlaN,xbWVKP9aG8TmlzqAJzrpHXBDzPxLgQu6AMedA,2026-04-14,2026-04-14,-12.87,GBP,,,NIKE UK ONLINE STORE,debit
gig_worker,NoEwQ1MGrgtne4zlAmqyUjPRKMnvaxcyn874K,nZrpoVbK8whWP58DnVwatqMpkjLB9DfAmgnaQ,2026-04-14,2026-04-14,-7.18,GBP,,,SCREWFIX DIRECT LTD,debit
gig_worker,W6yGkdla7WIdq6z3Q6gafwaKX86ed3C643rRV,xbWVKP9aG8TmlzqAJzrpHXBDzPxLgQu6AMedA,2026-04-14,2026-04-14,-7.55,GBP,,,IKEA UK LTD WEMBLEY,debit
gig_worker,azZdaVPMm9hlQnd39j76sMjwnAPpVEuZ16eBL,nZrpoVbK8whWP58DnVwatqMpkjLB9DfAmgnaQ,2026-04-14,2026-04-14,-58.77,GBP,,,DELIVEROO UK REF:ORDER-APP,debit
gig_worker,nLQVAKgyG7sbR81V48oDc7NP914QDEtAG9doP,xbWVKP9aG8TmlzqAJzrpHXBDzPxLgQu6AMedA,2026-04-14,2026-04-14,-51.61,GBP,,,DOMINOS PIZZA UK LTD,debit
gig_worker,76KQ1ALB9lI5lxA9pWrDfljKow4nAptdMb1ob,nZrpoVbK8whWP58DnVwatqMpkjLB9DfAmgnaQ,2026-04-15,2026-04-15,-37.07,GBP,,,AMAZON UK MARKETPLACE,debit
gig_worker,93Mn6x4PamTq9A8pgAvySPgpqZQXdLu4EoLrq,xbWVKP9aG8TmlzqAJzrpHXBDzPxLgQu6AMedA,2026-04-15,2026-04-15,-36.03,GBP,,,ITSU UK LTD LONDON SE1,debit
gig_worker,P8leMpjqBoTeoP39q87WFk7QqBK8awUoQLNPA,nZrpoVbK8whWP58DnVwatqMpkjLB9DfAmgnaQ,2026-04-15,2026-04-15,-44.21,GBP,,,ITSU UK LTD LONDON SE1,debit
gig_worker,QEqV1o7K3mCg7jx9wypRiMZmKar8lnuw3Pa5m,nZrpoVbK8whWP58DnVwatqMpkjLB9DfAmgnaQ,2026-04-15,2026-04-15,-51.61,GBP,,,DOMINOS PIZZA UK LTD,debit
gig_worker,bdzVy1NLGKI1jQo6AQRes9AlWRyMVKSm3n5lG,xbWVKP9aG8TmlzqAJzrpHXBDzPxLgQu6AMedA,2026-04-15,2026-04-15,-37.5,GBP,,,WAHACA RESTAURANT LONDON,debit
gig_worker,edpajVyom1Hnr9PvwKmZUgzMEGkpbair7vV4B,nZrpoVbK8whWP58DnVwatqMpkjLB9DfAmgnaQ,2026-04-15,2026-04-15,-12.87,GBP,,,NIKE UK ONLINE STORE,debit
gig_worker,jjWZMVkA8PsdGg7pKJXwsrQRBMN7ebF6ZKGVR,nZrpoVbK8whWP58DnVwatqMpkjLB9DfAmgnaQ,2026-04-15,2026-04-15,-7.55,GBP,,,IKEA UK LTD WEMBLEY,debit
gig_worker,m1XVAqomGjTbA6L3a6GMcKnG8L4JVNUgAebEL,xbWVKP9aG8TmlzqAJzrpHXBDzPxLgQu6AMedA,2026-04-15,2026-04-15,-36.82,GBP,,,POUNDLAND LTD LONDON,debit
gig_worker,vGWVl4mxwoT7nKlZeK5ps4rwdoJ8exCqXbjpn,xbWVKP9aG8TmlzqAJzrpHXBDzPxLgQu6AMedA,2026-04-15,2026-04-15,-54.74,GBP,,,SAINSBURYS SUPERMARKETS LONDON,debit
gig_worker,ymWlrjv4XEip1B6MnBaycpAVoM8jWdt4DP9G4,xbWVKP9aG8TmlzqAJzrpHXBDzPxLgQu6AMedA,2026-04-15,2026-04-15,-13.27,GBP,,,OCADO RETAIL LTD REF:ORDER,debit
gig_worker,1bRyjpLG9mTlraoJbnAEsJeZDmvk3GfpZ9m8w,nZrpoVbK8whWP58DnVwatqMpkjLB9DfAmgnaQ,2026-04-16,2026-04-16,-13.27,GBP,,,OCADO RETAIL LTD REF:ORDER,debit
gig_worker,6rbWvzxa3GU8nAJv6AmkSzJwky3QZWf8xQW6G,xbWVKP9aG8TmlzqAJzrpHXBDzPxLgQu6AMedA,2026-04-16,2026-04-16,-44.18,GBP,,,TESCO METRO LONDON EC1,debit
gig_worker,DZzaBMpgLksP3bdReb9mF1pLXj8dKgC3XNg1Z,xbWVKP9aG8TmlzqAJzrpHXBDzPxLgQu6AMedA,2026-04-16,2026-04-16,-12.37,GBP,,,SAINSBURYS SUPERMARKETS LONDON,debit
gig_worker,LLkj7ZQWqohZydKmrvozHQpjDAZnrMhkl69Xr,nZrpoVbK8whWP58DnVwatqMpkjLB9DfAmgnaQ,2026-04-16,2026-04-16,-36.03,GBP,,,ITSU UK LTD LONDON SE1,debit
gig_worker,Mp8weMRAKoTk7arMexRQflgG6JVdARtLeX7JJ,nZrpoVbK8whWP58DnVwatqMpkjLB9DfAmgnaQ,2026-04-16,2026-04-16,-36.82,GBP,,,POUNDLAND LTD LONDON,debit
gig_worker,RmygGrkzapirwdVENdvzTk14bwMGgNTaGNK9G,xbWVKP9aG8TmlzqAJzrpHXBDzPxLgQu6AMedA,2026-04-16,2026-04-16,-45.37,GBP,,,DELIVEROO UK REF:ORDER-APP,debit
gig_worker,VRyAqxVdjETn7Pa9eP1dFzAKWJRN7Qf9nQ4al,xbWVKP9aG8TmlzqAJzrpHXBDzPxLgQu6AMedA,2026-04-16,2026-04-16,-41.42,GBP,,,AMAZON UK MARKETPLACE,debit
gig_worker,XXVnraq4eASmR7QqZ7z4HAlvLq5Kp8Hbxk4Q9,xbWVKP9aG8TmlzqAJzrpHXBDzPxLgQu6AMedA,2026-04-16,2026-04-16,-47.17,GBP,,,SAINSBURYS SUPERMARKETS LONDON,debit
gig_worker,Zv4gKVpNmeUEzoQ9jMq6f78GNxPv5Acerab6y,nZrpoVbK8whWP58DnVwatqMpkjLB9DfAmgnaQ,2026-04-16,2026-04-16,-37.5,GBP,,,WAHACA RESTAURANT LONDON,debit
gig_worker,p1BL8VlzW9TbGPkWwNaXfMdaQr8RpzupElKZ4,nZrpoVbK8whWP58DnVwatqMpkjLB9DfAmgnaQ,2026-04-16,2026-04-16,-54.74,GBP,,,SAINSBURYS SUPERMARKETS LONDON,debit
gig_worker,wnXVqNydGkIQwyR41y9EsyWpvPLoX4HPlzvGK,xbWVKP9aG8TmlzqAJzrpHXBDzPxLgQu6AMedA,2026-04-16,2026-04-16,1077.93,GBP,,,Lyft,debit
gig_worker,5KME5r3dBAFk5AVKnAzbIWyAbZgrxoT5pXovL,xbWVKP9aG8TmlzqAJzrpHXBDzPxLgQu6AMedA,2026-04-17,2026-04-17,-26.33,GBP,,,DOMINOS PIZZA UK LTD,debit
gig_worker,8lrwLGv39qIZvWr8xaz1HLGVRkgPreiWK7rb1,nZrpoVbK8whWP58DnVwatqMpkjLB9DfAmgnaQ,2026-04-17,2026-04-17,-47.17,GBP,,,SAINSBURYS SUPERMARKETS LONDON,debit
gig_worker,AaPQr34eBpCEyzA3o8jkfn5P1lx3BEi96LoQm,nZrpoVbK8whWP58DnVwatqMpkjLB9DfAmgnaQ,2026-04-17,2026-04-17,1077.93,GBP,,,Lyft,debit
gig_worker,EjQNx4n1kvsJbqGmWpr1CR9AKm4DJwi498EqQ,nZrpoVbK8whWP58DnVwatqMpkjLB9DfAmgnaQ,2026-04-17,2026-04-17,-12.37,GBP,,,SAINSBURYS SUPERMARKETS LONDON,debit
gig_worker,JgNeV8AnqjfMEl6QrlLeUqN5kXaRxDHB5XEAW,xbWVKP9aG8TmlzqAJzrpHXBDzPxLgQu6AMedA,2026-04-17,2026-04-17,-39.8,GBP,,,POUNDLAND LTD LONDON,debit
gig_worker,K8NQPEGbK7T1eqkGzqXQsl36GoXnv1iRmoPyw,xbWVKP9aG8TmlzqAJzrpHXBDzPxLgQu6AMedA,2026-04-17,2026-04-17,-54.24,GBP,,,TESCO METRO LONDON EC1,debit
gig_worker,Wmx8EGpdPzuJB16aj3wVC9gjpVJvEdh6w34k8,nZrpoVbK8whWP58DnVwatqMpkjLB9DfAmgnaQ,2026-04-17,2026-04-17,-41.42,GBP,,,AMAZON UK MARKETPLACE,debit
gig_worker,g4gAeVN8mkUGBRNPXgJ7uxd7l9MNAbuE4NMx6,nZrpoVbK8whWP58DnVwatqMpkjLB9DfAmgnaQ,2026-04-17,2026-04-17,-44.18,GBP,,,TESCO METRO LONDON EC1,debit
gig_worker,kZQ5AGLn6NsewMm7xMBQhLz97mMkxetL87B94,xbWVKP9aG8TmlzqAJzrpHXBDzPxLgQu6AMedA,2026-04-17,2026-04-17,-49.78,GBP,,,TESCO METRO LONDON EC1,debit
gig_worker,lMQVAlpbGPT9QDqNdD6Ahzj4Bq7JpvfprBy4D,xbWVKP9aG8TmlzqAJzrpHXBDzPxLgQu6AMedA,2026-04-17,2026-04-17,-45.06,GBP,,,OCADO RETAIL LTD REF:ORDER,debit
gig_worker,oMzXgVWrw9FLjRk6QMWgfepx4MqmXrfokQKdj,nZrpoVbK8whWP58DnVwatqMpkjLB9DfAmgnaQ,2026-04-17,2026-04-17,-45.37,GBP,,,DELIVEROO UK REF:ORDER-APP,debit
gig_worker,qg1VABWKGZfN8obzJoBafvZEjbL7ymCgVlaEp,xbWVKP9aG8TmlzqAJzrpHXBDzPxLgQu6AMedA,2026-04-17,2026-04-17,-15.22,GBP,,,AMAZON UK MARKETPLACE,debit
gig_worker,r8WVw3ArGMT74Z9MjZkNsWnQlxBDLjT7DbxAZ,xbWVKP9aG8TmlzqAJzrpHXBDzPxLgQu6AMedA,2026-04-17,2026-04-17,-34.91,GBP,,,SAINSBURYS SUPERMARKETS LONDON,debit
gig_worker,1bRyjpLG9mTlraoJbnAEsJeZDmvk3GfpZ9m8q,nZrpoVbK8whWP58DnVwatqMpkjLB9DfAmgnaQ,2026-04-18,2026-04-18,-34.91,GBP,,,SAINSBURYS SUPERMARKETS LONDON,debit
gig_worker,3lXgJqz3rEH8P1EWX1gJSnxJojRyK5iZ8gpjB,xbWVKP9aG8TmlzqAJzrpHXBDzPxLgQu6AMedA,2026-04-18,2026-04-18,-25.94,GBP,,,SCREWFIX DIRECT LTD,debit
gig_worker,BeKxkQ1pMBI4JjZ5MjoxFa3b4dQWrPF4LvPpr,xbWVKP9aG8TmlzqAJzrpHXBDzPxLgQu6AMedA,2026-04-18,2026-04-18,-27.08,GBP,,,ITSU UK LTD LONDON SE1,debit
gig_worker,GeM3aPRpNoSaXrMPDj34fBZ6NMnJgqc6AKn5L,nZrpoVbK8whWP58DnVwatqMpkjLB9DfAmgnaQ,2026-04-18,2026-04-18,-26.33,GBP,,,DOMINOS PIZZA UK LTD,debit
gig_worker,Mp8weMRAKoTk7arMexRQflgG6JVdARtLeX7JL,nZrpoVbK8whWP58DnVwatqMpkjLB9DfAmgnaQ,2026-04-18,2026-04-18,-54.24,GBP,,,TESCO METRO LONDON EC1,debit
gig_worker,QEqV1o7K3mCg7jx9wypRiMZmKar8lnuw3Pa5k,nZrpoVbK8whWP58DnVwatqMpkjLB9DfAmgnaQ,2026-04-18,2026-04-18,-45.06,GBP,,,OCADO RETAIL LTD REF:ORDER,debit
gig_worker,Zv4gKVpNmeUEzoQ9jMq6f78GNxPv5Acerab6g,nZrpoVbK8whWP58DnVwatqMpkjLB9DfAmgnaQ,2026-04-18,2026-04-18,-15.22,GBP,,,AMAZON UK MARKETPLACE,debit
gig_worker,bBM34Vw1mgSWl5Qew6DNtbg6qemQnVimNn3Xg,nZrpoVbK8whWP58DnVwatqMpkjLB9DfAmgnaQ,2026-04-18,2026-04-18,-49.78,GBP,,,TESCO METRO LONDON EC1,debit
gig_worker,d43VZpjokzhvdl6qnlAasgAG6R7peLiJ6ywbe,xbWVKP9aG8TmlzqAJzrpHXBDzPxLgQu6AMedA,2026-04-18,2026-04-18,-33.86,GBP,,,OCADO RETAIL LTD REF:ORDER,debit
gig_worker,nZrpoVbK8whWP58DnVwatqMvaez3mDsAK9Gj7,nZrpoVbK8whWP58DnVwatqMpkjLB9DfAmgnaQ,2026-04-18,2026-04-18,-39.8,GBP,,,POUNDLAND LTD LONDON,debit
gig_worker,xbWVKP9aG8TmlzqAJzrpHXBnEdvpjwu6AMozR,xbWVKP9aG8TmlzqAJzrpHXBDzPxLgQu6AMedA,2026-04-18,2026-04-18,-27.57,GBP,,,The Press Club,debit
gig_worker,zywqz7RNGWCXvyD4VyapIZx98qDyNJulgd9yR,xbWVKP9aG8TmlzqAJzrpHXBDzPxLgQu6AMedA,2026-04-18,2026-04-18,-41.79,GBP,,,AMAZON UK MARKETPLACE,debit
joint_borrower,2WGBZc9GyTIFNdsysZCAMdGiZCShW6RizBlK,3gN9w6WrGWTEVom8r983InxlNpKG3dCm9xq1l,2025-11-01,2025-11-01,-161.82,GBP,,,D/D COUNCIL TAX REF:XXXXXX12,debit
joint_borrower,wQDFLSx0EilbVaqzU9Ue591EuCpzcTxtLUKG,3gN9w6WrGWTEVom8r983InxlNpKG3dCm9xq1l,2025-11-01,2025-11-01,-1267.53,GBP,,,D/D NATIONWIDE JOINT MORTGAGE,debit
joint_borrower,P9nZHv5jhLYeGrPKdsH32uTVAba7Z2grcrW,3gN9w6WrGWTEVom8r983InxlNpKG3dCm9xq1l,2025-11-05,2025-11-05,1491.36,GBP,,,BACS PAYROLL SECONDARY-ACC REF:SALARY,debit
joint_borrower,SmCpQ4XShhBwGxXF6xxV4JOj1lSAtVBMhimM,3gN9w6WrGWTEVom8r983InxlNpKG3dCm9xq1l,2025-11-05,2025-11-05,-107.38,GBP,,,D/D BRITISH GAS JOINT DDA,debit
joint_borrower,bNqAZvj3VW0bLSpqvBTbqbgMhvryrSYcBCK,3gN9w6WrGWTEVom8r983InxlNpKG3dCm9xq1l,2025-11-05,2025-11-05,749.83,GBP,,,BACS PAYROLL PRIMARY-ACC REF:SALARY,debit
joint_borrower,5VJfXRgtNVD6i3pwl4u1uEegD0rvJFzSgIes,3gN9w6WrGWTEVom8r983InxlNpKG3dCm9xq1l,2025-11-07,2025-11-07,-115.45,GBP,,,SAINSBURYS JOINT CARD LONDON,debit
joint_borrower,VPqjh7IgHIq6XJkt3Hdb4dxfyR3NQBwumVYe,3gN9w6WrGWTEVom8r983InxlNpKG3dCm9xq1l,2025-11-07,2025-11-07,-88.41,GBP,,,SAINSBURYS JOINT CARD LONDON,debit
joint_borrower,pC1Ha2oKDzeLpHMIZdjOc0PZs5dzlPLQKWkC,3gN9w6WrGWTEVom8r983InxlNpKG3dCm9xq1l,2025-11-07,2025-11-07,-51.62,GBP,,,D/D THAMES WATER REF:H2O-JOINT,debit
joint_borrower,CKopjDemRA8JvRkPTSZhKugBtzLQKYuNdniK,3gN9w6WrGWTEVom8r983InxlNpKG3dCm9xq1l,2025-11-09,2025-11-09,-52.45,GBP,,,SAINSBURYS JOINT CARD LONDON,debit
joint_borrower,J5fswxeAIsiRrGGRLgTM9DQ59rLtG9viIGNE,3gN9w6WrGWTEVom8r983InxlNpKG3dCm9xq1l,2025-11-10,2025-11-10,-65.41,GBP,,,D/D OCTOPUS ENERGY JOINT,debit
joint_borrower,1vWaysrAHa9xWZUYWuvd5dtbzd911df0w2g,3gN9w6WrGWTEVom8r983InxlNpKG3dCm9xq1l,2025-11-12,2025-11-12,570.03,GBP,,,BACS PAYROLL PRIMARY-ACC REF:SALARY,debit
joint_borrower,HmTtEU2aA6GhbZQSBXGTkBdgmVuB1PmgwGB,3gN9w6WrGWTEVom8r983InxlNpKG3dCm9xq1l,2025-11-12,2025-11-12,1460.95,GBP,,,BACS PAYROLL SECONDARY-ACC REF:SALARY,debit
joint_borrower,lLR8abMh0X9zuINamrWtFuaQvSMbkuuP4XOD,3gN9w6WrGWTEVom8r983InxlNpKG3dCm9xq1l,2025-11-15,2025-11-15,-56.82,GBP,,,D/D SKY DIGITAL REF:SAT-JOINT,debit
joint_borrower,UYUOCsMBm2sXQ46S49KLF00d38aI8grbAKMS,3gN9w6WrGWTEVom8r983InxlNpKG3dCm9xq1l,2025-11-16,2025-11-16,-88.8,GBP,,,SAINSBURYS JOINT CARD LONDON,debit
joint_borrower,3LfLbrxZkdmaqTgHD1P2z3g7QzCXQ8h4383,3gN9w6WrGWTEVom8r983InxlNpKG3dCm9xq1l,2025-11-19,2025-11-19,1532.05,GBP,,,BACS PAYROLL SECONDARY-ACC REF:SALARY,debit
joint_borrower,vGDVPmztS3L0qDq915wYnHxxVWkhd58UJ7P,3gN9w6WrGWTEVom8r983InxlNpKG3dCm9xq1l,2025-11-19,2025-11-19,692.29,GBP,,,BACS PAYROLL PRIMARY-ACC REF:SALARY,debit
joint_borrower,M3HuWzUZsStHmQX3v8rb8M0JyK1URtbzEoC6,3gN9w6WrGWTEVom8r983InxlNpKG3dCm9xq1l,2025-11-20,2025-11-20,-30.46,GBP,,,D/D AVIVA JOINT LIFE INS,debit
joint_borrower,zAnkiI0wzr2haOi2O8iiX13R5MCAYxnAaETS,3gN9w6WrGWTEVom8r983InxlNpKG3dCm9xq1l,2025-11-20,2025-11-20,-89.16,GBP,,,SAINSBURYS JOINT CARD LONDON,debit
joint_borrower,xQKe2JfxPbhtnZ37bEH1kP8QrX0LBssvFPu,3gN9w6WrGWTEVom8r983InxlNpKG3dCm9xq1l,2025-11-26,2025-11-26,1504.5,GBP,,,BACS PAYROLL SECONDARY-ACC REF:SALARY,debit
joint_borrower,yUTEjzQ8GkGS9VNHRWg7MPujnyhwCwtEmMM,3gN9w6WrGWTEVom8r983InxlNpKG3dCm9xq1l,2025-11-26,2025-11-26,536.96,GBP,,,BACS PAYROLL PRIMARY-ACC REF:SALARY,debit
joint_borrower,nsgWW4BbDFl5TGWi2Y6PiSCSGa5QKfCcGOtJ,3gN9w6WrGWTEVom8r983InxlNpKG3dCm9xq1l,2025-11-30,2025-11-30,-353.37,GBP,,,S/O JOINT ACC TRANSFER REF:BILLS,debit
joint_borrower,kRLsWqNJJOsTbEheWpMrpTL4TOwkWolGc97K,3gN9w6WrGWTEVom8r983InxlNpKG3dCm9xq1l,2025-12-01,2025-12-01,-177.87,GBP,,,D/D COUNCIL TAX REF:XXXXXX12,debit
joint_borrower,q5JccDwJ7eTG1UrGGLpNPPQHJM4HaC4Juv8s,3gN9w6WrGWTEVom8r983InxlNpKG3dCm9xq1l,2025-12-01,2025-12-01,-1337.57,GBP,,,D/D NATIONWIDE JOINT MORTGAGE,debit
joint_borrower,RIB5cg0LWaEalfO2zYVQmNGz6LclE6MWvaoh,3gN9w6WrGWTEVom8r983InxlNpKG3dCm9xq1l,2025-12-04,2025-12-04,-119.37,GBP,,,SAINSBURYS JOINT CARD LONDON,debit
joint_borrower,GfwVHnVOrmXQ8DkPcNrAuXVcT5kWEh3SKumP,3gN9w6WrGWTEVom8r983InxlNpKG3dCm9xq1l,2025-12-05,2025-12-05,-125.65,GBP,,,SAINSBURYS JOINT CARD LONDON,debit
joint_borrower,NsuKCVMEpa9AH3ccCkahL5HLE8W4vFRBrGu,3gN9w6WrGWTEVom8r983InxlNpKG3dCm9xq1l,2025-12-05,2025-12-05,1510.78,GBP,,,BACS PAYROLL SECONDARY-ACC REF:SALARY,debit
joint_borrower,YZUzxOTkJ0dqYdCDD65oQyqGArXxtG7gGv0L,3gN9w6WrGWTEVom8r983InxlNpKG3dCm9xq1l,2025-12-05,2025-12-05,-91.57,GBP,,,D/D BRITISH GAS JOINT DDA,debit
joint_borrower,sxCQS3JZYPF8ypmQERH6zRKLqtZ4ysQYppY,3gN9w6WrGWTEVom8r983InxlNpKG3dCm9xq1l,2025-12-05,2025-12-05,520.99,GBP,,,BACS PAYROLL PRIMARY-ACC REF:SALARY,debit
joint_borrower,OqqXpKCPoPVGQ9taaezGQvSpcMdK3nLh7fLx,3gN9w6WrGWTEVom8r983InxlNpKG3dCm9xq1l,2025-12-07,2025-12-07,-45.34,GBP,,,D/D THAMES WATER REF:H2O-JOINT,debit
joint_borrower,VOXlglsOeC9VQPVpWrdy9qYle8myOgHAMgBq,3gN9w6WrGWTEVom8r983InxlNpKG3dCm9xq1l,2025-12-10,2025-12-10,-64.95,GBP,,,D/D OCTOPUS ENERGY JOINT,debit
joint_borrower,uWugT1xnDE3i5CyiSN8mhQdi0Ckv2LWNLk81,3gN9w6WrGWTEVom8r983InxlNpKG3dCm9xq1l,2025-12-11,2025-12-11,-57.62,GBP,,,SAINSBURYS JOINT CARD LONDON,debit
joint_borrower,HbrTVWuLhksxG4ytYbK9h4XQBHkJmAT2W8f,3gN9w6WrGWTEVom8r983InxlNpKG3dCm9xq1l,2025-12-12,2025-12-12,1495.87,GBP,,,BACS PAYROLL SECONDARY-ACC REF:SALARY,debit
joint_borrower,R73wJEVbHyRXKWf8pV4RCq7hWJYgQqnnbZw,3gN9w6WrGWTEVom8r983InxlNpKG3dCm9xq1l,2025-12-12,2025-12-12,537.9,GBP,,,BACS PAYROLL PRIMARY-ACC REF:SALARY,debit
joint_borrower,f1E9KZrTTpuJ3KjJa8cDVcGDXYCoIaT6isOf,3gN9w6WrGWTEVom8r983InxlNpKG3dCm9xq1l,2025-12-13,2025-12-13,-94.86,GBP,,,SAINSBURYS JOINT CARD LONDON,debit
joint_borrower,ceTWbEOacyjuyaRVDzTYeoxQWhH9usd9Ow0v,3gN9w6WrGWTEVom8r983InxlNpKG3dCm9xq1l,2025-12-15,2025-12-15,-55.41,GBP,,,D/D SKY DIGITAL REF:SAT-JOINT,debit
joint_borrower,LuxZ0Q4A9BG8mg8fDSMjefbbzVn3bZ39Qh8,3gN9w6WrGWTEVom8r983InxlNpKG3dCm9xq1l,2025-12-19,2025-12-19,480.36,GBP,,,BACS PAYROLL PRIMARY-ACC REF:SALARY,debit
joint_borrower,s7Ht62LFtu7LNuTstC5Jt5c8DWB1FPdhw9r,3gN9w6WrGWTEVom8r983InxlNpKG3dCm9xq1l,2025-12-19,2025-12-19,1466.33,GBP,,,BACS PAYROLL SECONDARY-ACC REF:SALARY,debit
joint_borrower,0VrmI7OsygQE2Blcb9oyXNE7Y7bvuSznOG61,3gN9w6WrGWTEVom8r983InxlNpKG3dCm9xq1l,2025-12-20,2025-12-20,-38.78,GBP,,,D/D AVIVA JOINT LIFE INS,debit
joint_borrower,6hCYnrtpqCXj1mXUv9xB1kHGfwUe6hdRqNG,3gN9w6WrGWTEVom8r983InxlNpKG3dCm9xq1l,2025-12-26,2025-12-26,1505.09,GBP,,,BACS PAYROLL SECONDARY-ACC REF:SALARY,debit
joint_borrower,XHn46SxUSRnr1h41ygGu7kH8zwVpgkfV8cr,3gN9w6WrGWTEVom8r983InxlNpKG3dCm9xq1l,2025-12-26,2025-12-26,614.49,GBP,,,BACS PAYROLL PRIMARY-ACC REF:SALARY,debit
joint_borrower,HToeTEb4MpOaN4YgLZdYhKMdmuZTyhQHt7nc,3gN9w6WrGWTEVom8r983InxlNpKG3dCm9xq1l,2025-12-31,2025-12-31,-203.46,GBP,,,S/O JOINT ACC TRANSFER REF:BILLS,debit
joint_borrower,DsR1UbCV2zWwCN1e3ucAq6HXWf2Td6P3gwMw,3gN9w6WrGWTEVom8r983InxlNpKG3dCm9xq1l,2026-01-01,2026-01-01,-1171.72,GBP,,,D/D NATIONWIDE JOINT MORTGAGE,debit
joint_borrower,kIeRm8ohD6J7nUnvqQrdvEGhSQHsMX6Y6e3C,3gN9w6WrGWTEVom8r983InxlNpKG3dCm9xq1l,2026-01-01,2026-01-01,-181.89,GBP,,,D/D COUNCIL TAX REF:XXXXXX12,debit
joint_borrower,MKc9FCX7C9hVr9kznzMfttB2GYBYa9ddZX2,3gN9w6WrGWTEVom8r983InxlNpKG3dCm9xq1l,2026-01-05,2026-01-05,654.54,GBP,,,BACS PAYROLL PRIMARY-ACC REF:SALARY,debit
joint_borrower,e3r7grRE2GMs8HivBNsd2o6NzvOuKR0BsiWk,3gN9w6WrGWTEVom8r983InxlNpKG3dCm9xq1l,2026-01-05,2026-01-05,-84.84,GBP,,,D/D BRITISH GAS JOINT DDA,debit
joint_borrower,fgjtJbhDaFQueC5kd6MsN72LTYqraEKees1,3gN9w6WrGWTEVom8r983InxlNpKG3dCm9xq1l,2026-01-05,2026-01-05,1507.05,GBP,,,BACS PAYROLL SECONDARY-ACC REF:SALARY,debit
joint_borrower,FZXIQ70SRXz4hibvQiB9G8ksUhhRQtn8AVgb,3gN9w6WrGWTEVom8r983InxlNpKG3dCm9xq1l,2026-01-06,2026-01-06,-65.72,GBP,,,SAINSBURYS JOINT CARD LONDON,debit
joint_borrower,EAmcOKD4csafhLKmPbjUrJv1WMFeYVGS7kUa,3gN9w6WrGWTEVom8r983InxlNpKG3dCm9xq1l,2026-01-07,2026-01-07,-48.37,GBP,,,SAINSBURYS JOINT CARD LONDON,debit
joint_borrower,qE8VcvCk5Sr80QPjocthqlIctvxHks5zEjCt,3gN9w6WrGWTEVom8r983InxlNpKG3dCm9xq1l,2026-01-07,2026-01-07,-53.19,GBP,,,D/D THAMES WATER REF:H2O-JOINT,debit
joint_borrower,aT8uRDr68JjJ4BQT3iIty0BfdNKn6rbHBPfF,3gN9w6WrGWTEVom8r983InxlNpKG3dCm9xq1l,2026-01-10,2026-01-10,-76.81,GBP,,,D/D OCTOPUS ENERGY JOINT,debit
joint_borrower,pzSNW1ABnSXB1RzgbNNfJmMXbF8fn6C1LH4,3gN9w6WrGWTEVom8r983InxlNpKG3dCm9xq1l,2026-01-12,2026-01-12,577.15,GBP,,,BACS PAYROLL PRIMARY-ACC REF:SALARY,debit
joint_borrower,uDERwsAdYVUcT28sx2T4qZF43PnAu2yecb6,3gN9w6WrGWTEVom8r983InxlNpKG3dCm9xq1l,2026-01-12,2026-01-12,1511.74,GBP,,,BACS PAYROLL SECONDARY-ACC REF:SALARY,debit
joint_borrower,S550DRlPgZ8AFzVtCGEwrSfExCTQ0oz9A13X,3gN9w6WrGWTEVom8r983InxlNpKG3dCm9xq1l,2026-01-13,2026-01-13,-94.94,GBP,,,SAINSBURYS JOINT CARD LONDON,debit
joint_borrower,mtL64wj0wxrv82fTB9XrX8A3iKfmD19e7Ufz,3gN9w6WrGWTEVom8r983InxlNpKG3dCm9xq1l,2026-01-15,2026-01-15,-60.37,GBP,,,D/D SKY DIGITAL REF:SAT-JOINT,debit
joint_borrower,AvDnrXTw9p85Y1Ec3NWNb60sm0cNKBMPUf2,3gN9w6WrGWTEVom8r983InxlNpKG3dCm9xq1l,2026-01-19,2026-01-19,712.57,GBP,,,BACS PAYROLL PRIMARY-ACC REF:SALARY,debit
joint_borrower,dABQ6J4jmLgnrSke9RkSkywLZM62kUf3fm8,3gN9w6WrGWTEVom8r983InxlNpKG3dCm9xq1l,2026-01-19,2026-01-19,1549.49,GBP,,,BACS PAYROLL SECONDARY-ACC REF:SALARY,debit
joint_borrower,4zISUilxIcZZsICbaq7ZDO3zEQphr9eUKJ1M,3gN9w6WrGWTEVom8r983InxlNpKG3dCm9xq1l,2026-01-20,2026-01-20,-32.15,GBP,,,D/D AVIVA JOINT LIFE INS,debit
joint_borrower,6waPPyGPhyR8T3kwmm0zoAEVVKUX6wP69FjC,3gN9w6WrGWTEVom8r983InxlNpKG3dCm9xq1l,2026-01-25,2026-01-25,-78.38,GBP,,,SAINSBURYS JOINT CARD LONDON,debit
joint_borrower,DBSMNKssGZemgLT1psNF1SxD1g0w78ypWqT,3gN9w6WrGWTEVom8r983InxlNpKG3dCm9xq1l,2026-01-26,2026-01-26,663.3,GBP,,,BACS PAYROLL PRIMARY-ACC REF:SALARY,debit
joint_borrower,ZAhwjLHzNnXsMwdE2Uz0ZkEgmSyAyx60ZsM,3gN9w6WrGWTEVom8r983InxlNpKG3dCm9xq1l,2026-01-26,2026-01-26,1466.41,GBP,,,BACS PAYROLL SECONDARY-ACC REF:SALARY,debit
joint_borrower,hEo6bTZEblLusMVOGECsEFHYHbV92hB0BckO,3gN9w6WrGWTEVom8r983InxlNpKG3dCm9xq1l,2026-01-29,2026-01-29,-119.68,GBP,,,SAINSBURYS JOINT CARD LONDON,debit
joint_borrower,DRhFJ0kdt2ikqA4wrG6FVlfUH2ZQsQQfJZaG,3gN9w6WrGWTEVom8r983InxlNpKG3dCm9xq1l,2026-01-31,2026-01-31,-346.56,GBP,,,S/O JOINT ACC TRANSFER REF:BILLS,debit
joint_borrower,W2kAtyVJEIHDIjdqKxPVrdKhwYKVMxA9zdpo,3gN9w6WrGWTEVom8r983InxlNpKG3dCm9xq1l,2026-02-01,2026-02-01,-1311.65,GBP,,,D/D NATIONWIDE JOINT MORTGAGE,debit
joint_borrower,tfQ1hkHcOAFAbDbtJtgEQmEYPks8mN8e0nqs,3gN9w6WrGWTEVom8r983InxlNpKG3dCm9xq1l,2026-02-01,2026-02-01,-167.69,GBP,,,D/D COUNCIL TAX REF:XXXXXX12,debit
joint_borrower,SA5CPhSl1WrEi1L9rPzzjrqM4wQCaiuQQSRT,3gN9w6WrGWTEVom8r983InxlNpKG3dCm9xq1l,2026-02-03,2026-02-03,-49.04,GBP,,,SAINSBURYS JOINT CARD LONDON,debit
joint_borrower,pfduo4967LUcpMsyw8IJqF52itGihch2ZU5r,3gN9w6WrGWTEVom8r983InxlNpKG3dCm9xq1l,2026-02-04,2026-02-04,-84.16,GBP,,,SAINSBURYS JOINT CARD LONDON,debit
joint_borrower,JXM7SJKqJGAveZFsPtzpFPH2MGlEOZ6qNY04,3gN9w6WrGWTEVom8r983InxlNpKG3dCm9xq1l,2026-02-05,2026-02-05,-108.35,GBP,,,D/D BRITISH GAS JOINT DDA,debit
joint_borrower,WjERDLeLfNJcpB2wed5MzkRT0J00EFd2tFN,3gN9w6WrGWTEVom8r983InxlNpKG3dCm9xq1l,2026-02-05,2026-02-05,1487.64,GBP,,,BACS PAYROLL SECONDARY-ACC REF:SALARY,debit
joint_borrower,bzWPmptEkCtYSQgsg7kuTGjA8yR17Mg2ABW,3gN9w6WrGWTEVom8r983InxlNpKG3dCm9xq1l,2026-02-05,2026-02-05,724.38,GBP,,,BACS PAYROLL PRIMARY-ACC REF:SALARY,debit
joint_borrower,5TdmCoUV0z14N0qrjQoojbXtE9A4mqbWrINc,3gN9w6WrGWTEVom8r983InxlNpKG3dCm9xq1l,2026-02-07,2026-02-07,-45.82,GBP,,,D/D THAMES WATER REF:H2O-JOINT,debit
joint_borrower,SWd3tsd73P2y00oJFhPJWGEfLVtZTXU6ngnr,3gN9w6WrGWTEVom8r983InxlNpKG3dCm9xq1l,2026-02-10,2026-02-10,-70.45,GBP,,,D/D OCTOPUS ENERGY JOINT,debit
joint_borrower,2MVqt3t9Vj0OXdjocqRB95cwREE01hf1lkFq,3gN9w6WrGWTEVom8r983InxlNpKG3dCm9xq1l,2026-02-11,2026-02-11,-134.31,GBP,,,SAINSBURYS JOINT CARD LONDON,debit
joint_borrower,J2s9HAjd55wV1meSL0Gmxy34uv0nYwRkqLL,3gN9w6WrGWTEVom8r983InxlNpKG3dCm9xq1l,2026-02-12,2026-02-12,576.37,GBP,,,BACS PAYROLL PRIMARY-ACC REF:SALARY,debit
joint_borrower,gkQdkEU6GZ3LXGTp5smQVBCFYTyRSgb4pq0,3gN9w6WrGWTEVom8r983InxlNpKG3dCm9xq1l,2026-02-12,2026-02-12,1492.26,GBP,,,BACS PAYROLL SECONDARY-ACC REF:SALARY,debit
joint_borrower,z1dHRhHDprWiDwtO4cTXd4PpxNR3QHoBa754,3gN9w6WrGWTEVom8r983InxlNpKG3dCm9xq1l,2026-02-15,2026-02-15,-50.12,GBP,,,D/D SKY DIGITAL REF:SAT-JOINT,debit
joint_borrower,HGcvg82Mb0KPLYEZbabCgZDRQXfCs41fNKL,3gN9w6WrGWTEVom8r983InxlNpKG3dCm9xq1l,2026-02-19,2026-02-19,620.97,GBP,,,BACS PAYROLL PRIMARY-ACC REF:SALARY,debit
joint_borrower,t4VLEKRmJ9zDZL9FBem1KcAefFfcJQFnntc,3gN9w6WrGWTEVom8r983InxlNpKG3dCm9xq1l,2026-02-19,2026-02-19,1509.42,GBP,,,BACS PAYROLL SECONDARY-ACC REF:SALARY,debit
joint_borrower,s6Us1jBtYNWqeWET5uA4gjqeATHuRVNlBNam,3gN9w6WrGWTEVom8r983InxlNpKG3dCm9xq1l,2026-02-20,2026-02-20,-48.72,GBP,,,D/D AVIVA JOINT LIFE INS,debit
joint_borrower,JSZMPs5d1UdhGAQWhdEDjpMpKvmuvBAuC8n,3gN9w6WrGWTEVom8r983InxlNpKG3dCm9xq1l,2026-02-26,2026-02-26,644.69,GBP,,,BACS PAYROLL PRIMARY-ACC REF:SALARY,debit
joint_borrower,PfbXDjzKavCrhEpYj9N99v2nLvbXZRtkG6j,3gN9w6WrGWTEVom8r983InxlNpKG3dCm9xq1l,2026-02-26,2026-02-26,1517.98,GBP,,,BACS PAYROLL SECONDARY-ACC REF:SALARY,debit
joint_borrower,3KK8GJzeVP3bQQyK6ZjfZOC7Ka8O6uTT7Jnd,3gN9w6WrGWTEVom8r983InxlNpKG3dCm9xq1l,2026-02-27,2026-02-27,-125.25,GBP,,,SAINSBURYS JOINT CARD LONDON,debit
joint_borrower,sJgpSVOiKz6B2ikKurfwyxZJbbILofCq0dML,3gN9w6WrGWTEVom8r983InxlNpKG3dCm9xq1l,2026-02-28,2026-02-28,-226.34,GBP,,,S/O JOINT ACC TRANSFER REF:BILLS,debit
joint_borrower,Bxm3daqMDqHZgGK4qR4DIa3pAq1XEPF41gedv,3gN9w6WrGWTEVom8r983InxlNpKG3dCm9xq1l,2026-03-21,2026-03-21,1500.0,GBP,,,BACS PAYROLL PRIMARY-ACC REF:SALARY,debit
joint_borrower,zqbDxg4Ga4FD6EnXdAXQCZx1zBXPjJflKQPRX,3gN9w6WrGWTEVom8r983InxlNpKG3dCm9xq1l,2026-03-21,2026-03-21,500.0,GBP,,,BACS PAYROLL SECONDARY-ACC REF:SALARY,debit
joint_borrower,1RDzREnvj3ToeQkVBvrEcJeo9Jba94uq4Bwkw,XdD4dWkmlEh7AmnwXPjDcWyPe4WqKeSb813Ky,2026-03-22,2026-03-22,1500.0,GBP,,,BACS PAYROLL PRIMARY-ACC REF:SALARY,debit
joint_borrower,M8By8DkLeGSrWpDKPZ7QHlgWelPme3i43qoWJ,XdD4dWkmlEh7AmnwXPjDcWyPe4WqKeSb813Ky,2026-03-22,2026-03-22,500.0,GBP,,,BACS PAYROLL SECONDARY-ACC REF:SALARY,debit
joint_borrower,3gN9w6WrGWTEVom8r983Inx8A7blV5FZLEokb,3gN9w6WrGWTEVom8r983InxlNpKG3dCm9xq1l,2026-03-28,2026-03-28,500.0,GBP,,,BACS PAYROLL SECONDARY-ACC REF:SALARY,debit
joint_borrower,dVrmaqlkDlS6By8vwMvVHgA3rXmloLTJqRgv1,3gN9w6WrGWTEVom8r983InxlNpKG3dCm9xq1l,2026-03-28,2026-03-28,1500.0,GBP,,,BACS PAYROLL PRIMARY-ACC REF:SALARY,debit
joint_borrower,xVJQwpdGgdSqD6jmvgmZhXB1KAz76wf6Zelx4,3gN9w6WrGWTEVom8r983InxlNpKG3dCm9xq1l,2026-03-28,2026-03-28,800.0,GBP,,,BACS PAYROLL SECONDARY-ACC REF:SALARY,debit
joint_borrower,LkzmkD817yIKnL9APwyzcQpoWQwEW7he1wJxr,XdD4dWkmlEh7AmnwXPjDcWyPe4WqKeSb813Ky,2026-03-29,2026-03-29,500.0,GBP,,,BACS PAYROLL SECONDARY-ACC REF:SALARY,debit
joint_borrower,ozklznAPgNUkEb1aV4jgiepQGeR9G3CpgE3Zj,XdD4dWkmlEh7AmnwXPjDcWyPe4WqKeSb813Ky,2026-03-29,2026-03-29,1500.0,GBP,,,BACS PAYROLL PRIMARY-ACC REF:SALARY,debit
joint_borrower,pBdqBnGj8pIkVRDvQ4GXiMdwoMPXoGCJBaxv4,XdD4dWkmlEh7AmnwXPjDcWyPe4WqKeSb813Ky,2026-03-29,2026-03-29,800.0,GBP,,,BACS PAYROLL SECONDARY-ACC REF:SALARY,debit
joint_borrower,48PJjX3za3IWvLx8Qg8XIMrPkqxbvecJKLDXx,3gN9w6WrGWTEVom8r983InxlNpKG3dCm9xq1l,2026-04-04,2026-04-04,1500.0,GBP,,,BACS PAYROLL PRIMARY-ACC REF:SALARY,debit
joint_borrower,aVlmywE8BESNGne5Jk5VING9lVrADzCZvDd8B,3gN9w6WrGWTEVom8r983InxlNpKG3dCm9xq1l,2026-04-04,2026-04-04,500.0,GBP,,,BACS PAYROLL SECONDARY-ACC REF:SALARY,debit
joint_borrower,8r8NrEz5LVSrJlnEmMv1HLGo5L7X5MiZMqyX1,XdD4dWkmlEh7AmnwXPjDcWyPe4WqKeSb813Ky,2026-04-05,2026-04-05,1500.0,GBP,,,BACS PAYROLL PRIMARY-ACC REF:SALARY,debit
joint_borrower,ggLEgW1zeZUNnwbmpdB7SxdX8xae8WCLzWX66,XdD4dWkmlEh7AmnwXPjDcWyPe4WqKeSb813Ky,2026-04-05,2026-04-05,500.0,GBP,,,BACS PAYROLL SECONDARY-ACC REF:SALARY,debit
joint_borrower,N19rbpeB7etBd4Koa3obiyNloazMp3SyzQeED,3gN9w6WrGWTEVom8r983InxlNpKG3dCm9xq1l,2026-04-11,2026-04-11,500.0,GBP,,,BACS PAYROLL SECONDARY-ACC REF:SALARY,debit
joint_borrower,PpwBXgyxQyIERPJnwAnyINm3banBpZConA3GD,3gN9w6WrGWTEVom8r983InxlNpKG3dCm9xq1l,2026-04-11,2026-04-11,1500.0,GBP,,,BACS PAYROLL PRIMARY-ACC REF:SALARY,debit
joint_borrower,EQg8QDZPxEHGxjVvzLb1iR9zvR3jvkigGbLBQ,XdD4dWkmlEh7AmnwXPjDcWyPe4WqKeSb813Ky,2026-04-12,2026-04-12,500.0,GBP,,,BACS PAYROLL SECONDARY-ACC REF:SALARY,debit
joint_borrower,WxeaxDrbEgH6xdv7rbBVt9gqz9xXznuPngGb8,XdD4dWkmlEh7AmnwXPjDcWyPe4WqKeSb813Ky,2026-04-12,2026-04-12,1500.0,GBP,,,BACS PAYROLL PRIMARY-ACC REF:SALARY,debit
joint_borrower,7Ae93wJxaJHQJxZ8Be84I7bQzALwBWtdaxvR5,3gN9w6WrGWTEVom8r983InxlNpKG3dCm9xq1l,2026-04-18,2026-04-18,1500.0,GBP,,,BACS PAYROLL PRIMARY-ACC REF:SALARY,debit
joint_borrower,jVa8Xxe9JeSMWg5bm6bvIwgKneLMA9F6japPE,3gN9w6WrGWTEVom8r983InxlNpKG3dCm9xq1l,2026-04-18,2026-04-18,500.0,GBP,,,BACS PAYROLL SECONDARY-ACC REF:SALARY,debit
stable_low_risk,n4YDgVYQkktHRvypWfuT01uTLgwM1gG6AGx,r3laJz4BZXUvyX7eyLLrfWn8g8KxzLU7GZgMB,2025-11-01,2025-11-01,-156.29,GBP,,,MORRISONS SUPERMARKET LONDON,debit
stable_low_risk,CqBTsMse5punTNrSt0aYnaSQz4YuN8awhkT,r3laJz4BZXUvyX7eyLLrfWn8g8KxzLU7GZgMB,2025-11-02,2025-11-02,-146.72,GBP,,,AMAZON UK MARKETPLACE,debit
stable_low_risk,97zrfHrEPHm4cthjdhp5pt2CUPHahPtQ5H8,r3laJz4BZXUvyX7eyLLrfWn8g8KxzLU7GZgMB,2025-11-03,2025-11-03,-122.19,GBP,,,TESCO METRO LONDON EC1,debit
stable_low_risk,KUxzvBW5CU7BCAznXhHX0JfCYQQXubk1aA3,r3laJz4BZXUvyX7eyLLrfWn8g8KxzLU7GZgMB,2025-11-03,2025-11-03,-175.0,GBP,,,MARKS AND SPENCER FOOD,debit
stable_low_risk,xQLFcjTYKqSgeU7SqbagmRG4hMqg5mKHQGS,r3laJz4BZXUvyX7eyLLrfWn8g8KxzLU7GZgMB,2025-11-04,2025-11-04,-93.9,GBP,,,OCADO RETAIL LTD REF:ORDER,debit
stable_low_risk,LWjXYZsY5ZcGF46kEdr5wYH8jUqnG6zAY3n,r3laJz4BZXUvyX7eyLLrfWn8g8KxzLU7GZgMB,2025-11-05,2025-11-05,-80.51,GBP,,,SCREWFIX DIRECT LTD,debit
stable_low_risk,TNq2fMLNUpCZyVTTkVH06U0VHtL917nPaFA,r3laJz4BZXUvyX7eyLLrfWn8g8KxzLU7GZgMB,2025-11-05,2025-11-05,-163.95,GBP,,,POUNDLAND STORE #4421,debit
stable_low_risk,x4yfC6c8p9MNYdtEgURCg3RqKQkVsHw6TB3,r3laJz4BZXUvyX7eyLLrfWn8g8KxzLU7GZgMB,2025-11-05,2025-11-05,3377.41,GBP,,,BACS PAYROLL PRIMARY-ACC REF:SALARY,debit
stable_low_risk,t5n3aNTx2pgjZYZJPwCmKphG3feNbcDdht7,r3laJz4BZXUvyX7eyLLrfWn8g8KxzLU7GZgMB,2025-11-07,2025-11-07,-71.12,GBP,,,CO-OP FOOD LONDON N1,debit
stable_low_risk,N9qCznq6EJnpLDDNUYv3D8Rybw1T8yXsFHF,r3laJz4BZXUvyX7eyLLrfWn8g8KxzLU7GZgMB,2025-11-09,2025-11-09,-109.09,GBP,,,SCREWFIX DIRECT LTD,debit
stable_low_risk,cx2HrwANXG3gNpuubmthbzmDswcKQxkdN4L,r3laJz4BZXUvyX7eyLLrfWn8g8KxzLU7GZgMB,2025-11-10,2025-11-10,-105.74,GBP,,,IKEA UK WEMBLEY,debit
stable_low_risk,XC6936Gh0raRXzbJL1zKU1muhm3e1kM10wd,r3laJz4BZXUvyX7eyLLrfWn8g8KxzLU7GZgMB,2025-11-12,2025-11-12,3228.07,GBP,,,BACS PAYROLL PRIMARY-ACC REF:SALARY,debit
stable_low_risk,FbrYEDev0aFWvUxZQXBbwxKgV3xnrdyHUxJ,r3laJz4BZXUvyX7eyLLrfWn8g8KxzLU7GZgMB,2025-11-14,2025-11-14,-166.66,GBP,,,MORRISONS SUPERMARKET LONDON,debit
stable_low_risk,sNZJqYF50FBx336EJnj4fJdb1bXn5sDaL7Y,r3laJz4BZXUvyX7eyLLrfWn8g8KxzLU7GZgMB,2025-11-14,2025-11-14,-152.38,GBP,,,PIZZA HUT UK REF:ORDER-ONL,debit
stable_low_risk,C86q4xpSfDuN6Sqx2HPPbMYKfppf0SvSu2w,r3laJz4BZXUvyX7eyLLrfWn8g8KxzLU7GZgMB,2025-11-15,2025-11-15,-102.44,GBP,,,LIDL UK GMBH PECKHAM,debit
stable_low_risk,N15YWZZ6DEwzvj1XpCzCJVf8Emwq8kNBP9X,r3laJz4BZXUvyX7eyLLrfWn8g8KxzLU7GZgMB,2025-11-17,2025-11-17,-111.98,GBP,,,TESCO METRO LONDON EC1,debit
stable_low_risk,TnbnQQ3U9fzNznJE4Jra8HSwuTcXYM0zYhh,r3laJz4BZXUvyX7eyLLrfWn8g8KxzLU7GZgMB,2025-11-17,2025-11-17,-135.38,GBP,,,IKEA UK WEMBLEY,debit
stable_low_risk,qcmv8Ke2t6rwuBpTYt5cyDWVBxSdypz0B8z,r3laJz4BZXUvyX7eyLLrfWn8g8KxzLU7GZgMB,2025-11-17,2025-11-17,-157.91,GBP,,,PIZZA HUT UK REF:ORDER-ONL,debit
stable_low_risk,0awNmChWpYwe2wBP0sQmvrEXVHdrRtkmzhM,r3laJz4BZXUvyX7eyLLrfWn8g8KxzLU7GZgMB,2025-11-18,2025-11-18,-123.59,GBP,,,IKEA UK WEMBLEY,debit
stable_low_risk,8bwbFcdfJrrDd6Rh1aZXSx9D6GBqe1wPRkn,r3laJz4BZXUvyX7eyLLrfWn8g8KxzLU7GZgMB,2025-11-19,2025-11-19,3645.39,GBP,,,BACS PAYROLL PRIMARY-ACC REF:SALARY,debit
stable_low_risk,PWTfReHXT1NnAXVbeck0rEZa8xXsp7HEjeH,r3laJz4BZXUvyX7eyLLrfWn8g8KxzLU7GZgMB,2025-11-19,2025-11-19,-57.58,GBP,,,THE COAL HOLE LONDON WC2,debit
stable_low_risk,mLGEzn3EWgqrJRu38pg86GGHn3kM3geHQVX,r3laJz4BZXUvyX7eyLLrfWn8g8KxzLU7GZgMB,2025-11-19,2025-11-19,-4608.25,GBP,,,D/D NATIONWIDE JOINT MORTGAGE,debit
stable_low_risk,5j9Fzup5CVLQbwW9WW9fKgy9SJ4t20jvL0z,r3laJz4BZXUvyX7eyLLrfWn8g8KxzLU7GZgMB,2025-11-20,2025-11-20,1543.24,GBP,,,AIRBNB PAYMENTS GB REF:INV-901,debit
stable_low_risk,Eu5CTL9AR31aJA8XhsP2C495Y3MJykpNZJB,r3laJz4BZXUvyX7eyLLrfWn8g8KxzLU7GZgMB,2025-11-20,2025-11-20,-108.63,GBP,,,LIDL UK GMBH PECKHAM,debit
stable_low_risk,TeLugajwfFB5Mv2A94hrD7NrP4A4316hnqZ,r3laJz4BZXUvyX7eyLLrfWn8g8KxzLU7GZgMB,2025-11-21,2025-11-21,-212.83,GBP,,,COSTCO UK WATFORD,debit
stable_low_risk,GpBZbUKU2Jrb0nG1Zgn0f7PUL1jrEA8S0nU,r3laJz4BZXUvyX7eyLLrfWn8g8KxzLU7GZgMB,2025-11-22,2025-11-22,-195.8,GBP,,,COSTCO UK WATFORD,debit
stable_low_risk,r0jCdJNuqPyT4hf2rrFHE6X47GwzyXzwPx1,r3laJz4BZXUvyX7eyLLrfWn8g8KxzLU7GZgMB,2025-11-22,2025-11-22,-139.9,GBP,,,TESCO METRO LONDON EC1,debit
stable_low_risk,xvA6Bcadxz1vrzkyu9YLP6kVeQdNZ3hq9HG,r3laJz4BZXUvyX7eyLLrfWn8g8KxzLU7GZgMB,2025-11-24,2025-11-24,-171.61,GBP,,,YO SUSHI UK LTD LONDON,debit
stable_low_risk,x0QwrTUuT6k75ygenhb8b2t4QdqXN9ZGdYX,r3laJz4BZXUvyX7eyLLrfWn8g8KxzLU7GZgMB,2025-11-25,2025-11-25,-219.42,GBP,,,ITSU UK LTD LONDON SE1,debit
stable_low_risk,qkh1K0uLAsnxMK3TYSQ5PfxVJNmeVPnsBcY,r3laJz4BZXUvyX7eyLLrfWn8g8KxzLU7GZgMB,2025-11-26,2025-11-26,3444.05,GBP,,,BACS PAYROLL PRIMARY-ACC REF:SALARY,debit
stable_low_risk,z3vagts1FXgQeps6wfhvTjggyusXh5hx5fS,r3laJz4BZXUvyX7eyLLrfWn8g8KxzLU7GZgMB,2025-11-26,2025-11-26,-65.28,GBP,,,CO-OP FOOD LONDON N1,debit
stable_low_risk,0UjzDwGJMBvr7CbYEnApsdnnetRyyvFX6bf,r3laJz4BZXUvyX7eyLLrfWn8g8KxzLU7GZgMB,2025-11-27,2025-11-27,-158.63,GBP,,,MORRISONS SUPERMARKET LONDON,debit
stable_low_risk,LZa428wAHCgkeuE4128VTNPS47SjPrCx8dP,r3laJz4BZXUvyX7eyLLrfWn8g8KxzLU7GZgMB,2025-11-27,2025-11-27,-138.38,GBP,,,TESCO METRO LONDON EC1,debit
stable_low_risk,4vf57WY8gg3yT6ea9mD6WnXabxsqNmCWnuH,r3laJz4BZXUvyX7eyLLrfWn8g8KxzLU7GZgMB,2025-11-29,2025-11-29,-115.69,GBP,,,ASDA SUPERSTORE LONDON,debit
stable_low_risk,rK6rY7CyRQujE9cbaSNSVmFP4DSJutWmaX7,r3laJz4BZXUvyX7eyLLrfWn8g8KxzLU7GZgMB,2025-11-29,2025-11-29,3469.35,GBP,,,BACS PAYROLL PRIMARY-ACC REF:SALARY,debit
stable_low_risk,eXY520FP2B5mbMhyCfd8PdeUGmg4gxHEGY6,r3laJz4BZXUvyX7eyLLrfWn8g8KxzLU7GZgMB,2025-11-30,2025-11-30,-81.4,GBP,,,SCREWFIX DIRECT LTD,debit
stable_low_risk,mDmMZJHtJsG4JCEp6QQG7jUcscEqNYzsKUZ,r3laJz4BZXUvyX7eyLLrfWn8g8KxzLU7GZgMB,2025-11-30,2025-11-30,-111.48,GBP,,,LIDL UK GMBH PECKHAM,debit
stable_low_risk,2B5aKUg2h7YsvTHsBGGKadJMp3Y0t2jDcy6,r3laJz4BZXUvyX7eyLLrfWn8g8KxzLU7GZgMB,2025-12-01,2025-12-01,-41.84,GBP,,,THE COAL HOLE LONDON WC2,debit
stable_low_risk,FHz3b9YPfYmYL95j2rZaLpwKH9tUK0tm1Qg,r3laJz4BZXUvyX7eyLLrfWn8g8KxzLU7GZgMB,2025-12-01,2025-12-01,-77.34,GBP,,,CO-OP FOOD LONDON N1,debit
stable_low_risk,fNjBSehnLZZ9bnqAU9y8K6vD6dSFPNZ9tFS,r3laJz4BZXUvyX7eyLLrfWn8g8KxzLU7GZgMB,2025-12-02,2025-12-02,-205.89,GBP,,,YO SUSHI UK LTD LONDON,debit
stable_low_risk,0Gbmmzbt0QJktZ3xLjYds5EJ8qUXtzJJc72,r3laJz4BZXUvyX7eyLLrfWn8g8KxzLU7GZgMB,2025-12-05,2025-12-05,-212.32,GBP,,,NANDOS RESTAURANT LONDON,debit
stable_low_risk,dNaDcFk1FxUBHT5dtvJEpSBBhvcWc46N8aC,r3laJz4BZXUvyX7eyLLrfWn8g8KxzLU7GZgMB,2025-12-05,2025-12-05,3263.29,GBP,,,BACS PAYROLL PRIMARY-ACC REF:SALARY,debit
stable_low_risk,5QPXkeKdcrCz4R0Ynkycw5jzaD35jZV5RCq,r3laJz4BZXUvyX7eyLLrfWn8g8KxzLU7GZgMB,2025-12-06,2025-12-06,-187.13,GBP,,,AMAZON UK MARKETPLACE,debit
stable_low_risk,tEMjyNhHr6s6Trru0WtfKQpQq0hM1AmDF5U,r3laJz4BZXUvyX7eyLLrfWn8g8KxzLU7GZgMB,2025-12-06,2025-12-06,-161.63,GBP,,,COSTCO UK WATFORD,debit
stable_low_risk,ZCEtdNtqnru2JCbPdmQGPhtMXTYBWG35Dvv,r3laJz4BZXUvyX7eyLLrfWn8g8KxzLU7GZgMB,2025-12-07,2025-12-07,-144.76,GBP,,,ASDA SUPERSTORE LONDON,debit
stable_low_risk,V1mVQy15juzH99FYybhEpSkepekB07AF220,r3laJz4BZXUvyX7eyLLrfWn8g8KxzLU7GZgMB,2025-12-08,2025-12-08,-143.99,GBP,,,AMAZON UK MARKETPLACE,debit
stable_low_risk,k9YmJ2UH9cG0h1BWsbt1vEAb8cYd8PhHuSX,r3laJz4BZXUvyX7eyLLrfWn8g8KxzLU7GZgMB,2025-12-09,2025-12-09,-178.57,GBP,,,ITSU UK LTD LONDON SE1,debit
stable_low_risk,E9TvAckVscfVFgyxM9pTBVgu9HGBbjQGPdG,r3laJz4BZXUvyX7eyLLrfWn8g8KxzLU7GZgMB,2025-12-10,2025-12-10,-152.36,GBP,,,MARKS AND SPENCER FOOD,debit
stable_low_risk,TgMpc4MQnkFhaNrweQd3gCwVAYtDzfQUjjR,r3laJz4BZXUvyX7eyLLrfWn8g8KxzLU7GZgMB,2025-12-12,2025-12-12,1518.83,GBP,,,AIRBNB PAYMENTS GB REF:INV-901,debit
stable_low_risk,XZXkDae2nEnCVh73VfQhuegKSC8s0TqcJ1W,r3laJz4BZXUvyX7eyLLrfWn8g8KxzLU7GZgMB,2025-12-12,2025-12-12,3301.36,GBP,,,BACS PAYROLL PRIMARY-ACC REF:SALARY,debit
stable_low_risk,ZuHAswDJ2tcdkNDyp5P4wj4rnvxwyfL54FK,r3laJz4BZXUvyX7eyLLrfWn8g8KxzLU7GZgMB,2025-12-12,2025-12-12,-113.28,GBP,,,TESCO METRO LONDON EC1,debit
stable_low_risk,92CETWJksewru6FPS6gNdN2pBqqsBs5tNVf,r3laJz4BZXUvyX7eyLLrfWn8g8KxzLU7GZgMB,2025-12-13,2025-12-13,-95.43,GBP,,,SCREWFIX DIRECT LTD,debit
stable_low_risk,jhjGsXx0FTTQkjUdTJ56pkmEvJu16Nm6FUj,r3laJz4BZXUvyX7eyLLrfWn8g8KxzLU7GZgMB,2025-12-13,2025-12-13,-66.91,GBP,,,CO-OP FOOD LONDON N1,debit
stable_low_risk,0WLm8SXdXrH3A7pn3Uk668xuxPdavcZZJxL,r3laJz4BZXUvyX7eyLLrfWn8g8KxzLU7GZgMB,2025-12-14,2025-12-14,-160.72,GBP,,,WAHACA RESTAURANT LONDON,debit
stable_low_risk,TRZM00Tp4L2tZJVDk8sdvjJxTa5qQwqC7fk,r3laJz4BZXUvyX7eyLLrfWn8g8KxzLU7GZgMB,2025-12-14,2025-12-14,-173.75,GBP,,,NANDOS RESTAURANT LONDON,debit
stable_low_risk,sBqAAgjYs9qJLtgQ4WWX064dDGHh3s1ZQj9,r3laJz4BZXUvyX7eyLLrfWn8g8KxzLU7GZgMB,2025-12-14,2025-12-14,-189.73,GBP,,,AMAZON UK MARKETPLACE,debit
stable_low_risk,Nym3wXzHG4jxukfWVEtqfRYezGMyv5xd4h4,r3laJz4BZXUvyX7eyLLrfWn8g8KxzLU7GZgMB,2025-12-15,2025-12-15,-187.73,GBP,,,POUNDLAND STORE #4421,debit
stable_low_risk,3dSG4PGWTf0qmJ0nUM2MbcYgprm73cUZD5m,r3laJz4BZXUvyX7eyLLrfWn8g8KxzLU7GZgMB,2025-12-16,2025-12-16,-159.55,GBP,,,PIZZA HUT UK REF:ORDER-ONL,debit
stable_low_risk,F4mXAZqKfaEmta4J3W6akQZ2NVuH6FQ1tx9,r3laJz4BZXUvyX7eyLLrfWn8g8KxzLU7GZgMB,2025-12-16,2025-12-16,-139.33,GBP,,,AMAZON UK MARKETPLACE,debit
stable_low_risk,mZmnkrpA9X1TkGbADeLBRy8ups2R8zLef7S,r3laJz4BZXUvyX7eyLLrfWn8g8KxzLU7GZgMB,2025-12-17,2025-12-17,-149.13,GBP,,,POUNDLAND STORE #4421,debit
stable_low_risk,ywPC3M9JfSrn8haTYNhur0pE3N67WQj68WU,r3laJz4BZXUvyX7eyLLrfWn8g8KxzLU7GZgMB,2025-12-17,2025-12-17,-150.96,GBP,,,AMAZON UK MARKETPLACE,debit
stable_low_risk,trQbUZ1tzZFAakaDP6S7MMVrNDYTBVGvSve,r3laJz4BZXUvyX7eyLLrfWn8g8KxzLU7GZgMB,2025-12-18,2025-12-18,-107.76,GBP,,,SCREWFIX DIRECT LTD,debit
stable_low_risk,dMNeJun9cs8aSNvP3UWY6rEzYcn33w5GqKf,r3laJz4BZXUvyX7eyLLrfWn8g8KxzLU7GZgMB,2025-12-19,2025-12-19,3606.73,GBP,,,BACS PAYROLL PRIMARY-ACC REF:SALARY,debit
stable_low_risk,ygR5vbB9tvtHgLSgATgkZaf8Yw5W3w1hFGS,r3laJz4BZXUvyX7eyLLrfWn8g8KxzLU7GZgMB,2025-12-19,2025-12-19,-44.17,GBP,,,THE COAL HOLE LONDON WC2,debit
stable_low_risk,2KFexnb5rnkTfW98euq3rSy9GprSC7rdqFY,r3laJz4BZXUvyX7eyLLrfWn8g8KxzLU7GZgMB,2025-12-20,2025-12-20,-108.25,GBP,,,OCADO RETAIL LTD REF:ORDER,debit
stable_low_risk,Xt0BrkMgEwywNN0Xfgg3N7dRJFyhxjL8Xgy,r3laJz4BZXUvyX7eyLLrfWn8g8KxzLU7GZgMB,2025-12-20,2025-12-20,-183.58,GBP,,,YO SUSHI UK LTD LONDON,debit
stable_low_risk,xMYtVDGtmP65adrcD1wHCDs05AvwWeBu60S,r3laJz4BZXUvyX7eyLLrfWn8g8KxzLU7GZgMB,2025-12-21,2025-12-21,-127.46,GBP,,,IKEA UK WEMBLEY,debit
stable_low_risk,hefKevyZq0b8gCYDVy6ybzym4n41XFkA6ee,r3laJz4BZXUvyX7eyLLrfWn8g8KxzLU7GZgMB,2025-12-22,2025-12-22,-191.25,GBP,,,MARKS AND SPENCER FOOD,debit
stable_low_risk,HqLUbFtRrqtGmsFQELN6yWdSQ7ykzZ8Qwpj,r3laJz4BZXUvyX7eyLLrfWn8g8KxzLU7GZgMB,2025-12-24,2025-12-24,-211.8,GBP,,,YO SUSHI UK LTD LONDON,debit
stable_low_risk,31FJRKxyU7aNEJBFaAEzZxJEnuskcwhdFxu,r3laJz4BZXUvyX7eyLLrfWn8g8KxzLU7GZgMB,2025-12-25,2025-12-25,-112.81,GBP,,,SCREWFIX DIRECT LTD,debit
stable_low_risk,GuLsXBTSQg9nyU4NejTxY3gx0SQP70RvKtF,r3laJz4BZXUvyX7eyLLrfWn8g8KxzLU7GZgMB,2025-12-26,2025-12-26,-195.48,GBP,,,YO SUSHI UK LTD LONDON,debit
stable_low_risk,Jb9rK14gL4e5ybU1nfL8xzhkmuVcCaz328y,r3laJz4BZXUvyX7eyLLrfWn8g8KxzLU7GZgMB,2025-12-26,2025-12-26,-159.99,GBP,,,MARKS AND SPENCER FOOD,debit
stable_low_risk,Q4jUNhknxUvb36M90gPqx6XvZLCKsts4uLv,r3laJz4BZXUvyX7eyLLrfWn8g8KxzLU7GZgMB,2025-12-26,2025-12-26,3426.84,GBP,,,BACS PAYROLL PRIMARY-ACC REF:SALARY,debit
stable_low_risk,GGvsnn6zjpb7y4MduRwzm4u6Xk7cafmgH5z,r3laJz4BZXUvyX7eyLLrfWn8g8KxzLU7GZgMB,2025-12-27,2025-12-27,-114.89,GBP,,,OCADO RETAIL LTD REF:ORDER,debit
stable_low_risk,0dukXsqggkeLdVAPayqP4mmvf3kcUfV28MC,r3laJz4BZXUvyX7eyLLrfWn8g8KxzLU7GZgMB,2025-12-28,2025-12-28,-4771.61,GBP,,,D/D NATIONWIDE JOINT MORTGAGE,debit
stable_low_risk,D8TvfLndqMUA78bgJPsa4CMYM8QMMgNaF2c,r3laJz4BZXUvyX7eyLLrfWn8g8KxzLU7GZgMB,2025-12-28,2025-12-28,-105.08,GBP,,,LIDL UK GMBH PECKHAM,debit
stable_low_risk,HHKRYsepxbs66h0YBMcqupDZZU5UVWnrsRL,r3laJz4BZXUvyX7eyLLrfWn8g8KxzLU7GZgMB,2025-12-28,2025-12-28,-126.73,GBP,,,IKEA UK WEMBLEY,debit
stable_low_risk,kTA7k8ZUfEk0LvMZGykPxrcEQDEapRxpdjN,r3laJz4BZXUvyX7eyLLrfWn8g8KxzLU7GZgMB,2025-12-29,2025-12-29,3175.16,GBP,,,BACS PAYROLL PRIMARY-ACC REF:SALARY,debit
stable_low_risk,pETSdmA6juXrTDGDewMqhRburrzanRWu7k4,r3laJz4BZXUvyX7eyLLrfWn8g8KxzLU7GZgMB,2025-12-29,2025-12-29,-56.81,GBP,,,THE COAL HOLE LONDON WC2,debit
stable_low_risk,CLc18Mzt3qP4qcDJTx2sQ5YwPrA4nrQCrHs,r3laJz4BZXUvyX7eyLLrfWn8g8KxzLU7GZgMB,2025-12-30,2025-12-30,-113.65,GBP,,,IKEA UK WEMBLEY,debit
stable_low_risk,0kSR1btY1SzJJHaG2FhPeTyeGZrjSvHPYh4,r3laJz4BZXUvyX7eyLLrfWn8g8KxzLU7GZgMB,2025-12-31,2025-12-31,-157.23,GBP,,,MARKS AND SPENCER FOOD,debit
stable_low_risk,45uJ1RWV7F1yFvkVLfeVak1uxv5GLLdKPba,r3laJz4BZXUvyX7eyLLrfWn8g8KxzLU7GZgMB,2025-12-31,2025-12-31,-176.03,GBP,,,AMAZON UK MARKETPLACE,debit
stable_low_risk,rq45UQp1x0dZCjuBPMKAFsJ3vyj4fuzvW6D,r3laJz4BZXUvyX7eyLLrfWn8g8KxzLU7GZgMB,2025-12-31,2025-12-31,-167.72,GBP,,,WAHACA RESTAURANT LONDON,debit
stable_low_risk,32KCyXAT7tMTZjGHDLf088LqcTxKm7cArZS,r3laJz4BZXUvyX7eyLLrfWn8g8KxzLU7GZgMB,2026-01-01,2026-01-01,-115.83,GBP,,,LIDL UK GMBH PECKHAM,debit
stable_low_risk,t9fJdJZGxYkweMxJQvMWwXrvGSGXN5kDDLy,r3laJz4BZXUvyX7eyLLrfWn8g8KxzLU7GZgMB,2026-01-01,2026-01-01,-136.21,GBP,,,WAHACA RESTAURANT LONDON,debit
stable_low_risk,gVrkbqMpqNkrJQSq3h6VhgX8W4MEntYrNS8,r3laJz4BZXUvyX7eyLLrfWn8g8KxzLU7GZgMB,2026-01-02,2026-01-02,-58.46,GBP,,,THE COAL HOLE LONDON WC2,debit
stable_low_risk,s9NhSZpbrv15f704dsLus3VYKr6KxfbDHq0,r3laJz4BZXUvyX7eyLLrfWn8g8KxzLU7GZgMB,2026-01-02,2026-01-02,-99.58,GBP,,,SCREWFIX DIRECT LTD,debit
stable_low_risk,FZFTnCQzptK1qr1RG5NEYm0rmG6PJbE0E4q,r3laJz4BZXUvyX7eyLLrfWn8g8KxzLU7GZgMB,2026-01-03,2026-01-03,-143.39,GBP,,,MARKS AND SPENCER FOOD,debit
stable_low_risk,kNJT39zTfGhrh0Rk5QQJ4mDgejD4uLLH4X5,r3laJz4BZXUvyX7eyLLrfWn8g8KxzLU7GZgMB,2026-01-03,2026-01-03,-204.52,GBP,,,NANDOS RESTAURANT LONDON,debit
stable_low_risk,c7WC4FxF52M3b151WKgy9rZ8bS3f81gb47u,r3laJz4BZXUvyX7eyLLrfWn8g8KxzLU7GZgMB,2026-01-04,2026-01-04,-122.97,GBP,,,MORRISONS SUPERMARKET LONDON,debit
stable_low_risk,gVQwUTpKzNA6bPPw3R9Qmk3X1xGYwxcCqvM,r3laJz4BZXUvyX7eyLLrfWn8g8KxzLU7GZgMB,2026-01-05,2026-01-05,3255.7,GBP,,,BACS PAYROLL PRIMARY-ACC REF:SALARY,debit
stable_low_risk,45s4fYSPLDxPXssKhFNYNVPhgnSjwZpBe0p,r3laJz4BZXUvyX7eyLLrfWn8g8KxzLU7GZgMB,2026-01-06,2026-01-06,-148.19,GBP,,,WAHACA RESTAURANT LONDON,debit
stable_low_risk,643AvkJNbvHJQuN84bAt5z3duWAqPcZ6WdB,r3laJz4BZXUvyX7eyLLrfWn8g8KxzLU7GZgMB,2026-01-07,2026-01-07,-206.59,GBP,,,COSTCO UK WATFORD,debit
stable_low_risk,a9pT5qyynd9AYD4bMjtcxUMpWUf57j77Ss7,r3laJz4BZXUvyX7eyLLrfWn8g8KxzLU7GZgMB,2026-01-09,2026-01-09,-103.46,GBP,,,IKEA UK WEMBLEY,debit
stable_low_risk,ywMMYkLP6D6W5EMj6YgNEABPGgJ6MLLQEGd,r3laJz4BZXUvyX7eyLLrfWn8g8KxzLU7GZgMB,2026-01-09,2026-01-09,-102.98,GBP,,,SCREWFIX DIRECT LTD,debit
stable_low_risk,ysXxFNhh1mHjbujeCQ81QWPJbZhNyardGx8,r3laJz4BZXUvyX7eyLLrfWn8g8KxzLU7GZgMB,2026-01-10,2026-01-10,-123.42,GBP,,,IKEA UK WEMBLEY,debit
stable_low_risk,09qABKWuC7d5zaqwCYPm0jrcB7kEhgMaEGJ,r3laJz4BZXUvyX7eyLLrfWn8g8KxzLU7GZgMB,2026-01-11,2026-01-11,-124.99,GBP,,,ASDA SUPERSTORE LONDON,debit
stable_low_risk,zFXwnzRXSkdZdSsaqTUbb1sTKbqVrjQZye8,r3laJz4BZXUvyX7eyLLrfWn8g8KxzLU7GZgMB,2026-01-11,2026-01-11,1594.65,GBP,,,AIRBNB PAYMENTS GB REF:INV-901,debit
stable_low_risk,n7FkZDazQz41sJ9f4N8phnLa2WBLL0NfJu2,r3laJz4BZXUvyX7eyLLrfWn8g8KxzLU7GZgMB,2026-01-12,2026-01-12,-177.15,GBP,,,COSTCO UK WATFORD,debit
stable_low_risk,rnm3czuVPSxqDUaMfkHWpLT8NFV3kA3yguA,r3laJz4BZXUvyX7eyLLrfWn8g8KxzLU7GZgMB,2026-01-12,2026-01-12,3439.41,GBP,,,BACS PAYROLL PRIMARY-ACC REF:SALARY,debit
stable_low_risk,3cae8G4faSdwKdqCTLAjfSBKCfUqzMJkfke,r3laJz4BZXUvyX7eyLLrfWn8g8KxzLU7GZgMB,2026-01-13,2026-01-13,-135.85,GBP,,,WAHACA RESTAURANT LONDON,debit
stable_low_risk,FqG7MSRp90SC3zhKX09U2Hcr3tWS6Qu6E33,r3laJz4BZXUvyX7eyLLrfWn8g8KxzLU7GZgMB,2026-01-13,2026-01-13,-96.4,GBP,,,IKEA UK WEMBLEY,debit
stable_low_risk,LdNVAHX83KnTjNpQ3vdDUAsSc4FdeCKVZ9g,r3laJz4BZXUvyX7eyLLrfWn8g8KxzLU7GZgMB,2026-01-15,2026-01-15,-80.43,GBP,,,CO-OP FOOD LONDON N1,debit
stable_low_risk,MBXWPr8mu1NsTTw26yaVxuGDBrWHxTc7ngm,r3laJz4BZXUvyX7eyLLrfWn8g8KxzLU7GZgMB,2026-01-16,2026-01-16,-90.5,GBP,,,SCREWFIX DIRECT LTD,debit
stable_low_risk,pGfW82XaD0XHYEcmeGunDAVJc27q6dXhang,r3laJz4BZXUvyX7eyLLrfWn8g8KxzLU7GZgMB,2026-01-18,2026-01-18,-49.55,GBP,,,THE COAL HOLE LONDON WC2,debit
stable_low_risk,K5TAL4pVgf4YHzGp5a3GqrdZYBKQU0481X0,r3laJz4BZXUvyX7eyLLrfWn8g8KxzLU7GZgMB,2026-01-19,2026-01-19,3738.78,GBP,,,BACS PAYROLL PRIMARY-ACC REF:SALARY,debit
stable_low_risk,n5LgzjvvBuNUhwfXsnRvnXqB9cLH6KtTv0W,r3laJz4BZXUvyX7eyLLrfWn8g8KxzLU7GZgMB,2026-01-19,2026-01-19,-118.16,GBP,,,ASDA SUPERSTORE LONDON,debit
stable_low_risk,Bg6HfZb3PTqcSNwZPnaKY5gL5NU75KSwTjx,r3laJz4BZXUvyX7eyLLrfWn8g8KxzLU7GZgMB,2026-01-20,2026-01-20,-191.42,GBP,,,YO SUSHI UK LTD LONDON,debit
stable_low_risk,F1XarEQWPE3aEkLhrv3cVeKHqy1R3W8YTY3,r3laJz4BZXUvyX7eyLLrfWn8g8KxzLU7GZgMB,2026-01-20,2026-01-20,-112.72,GBP,,,PIZZA HUT UK REF:ORDER-ONL,debit
stable_low_risk,c383Rj4mtH7XJFWmyjp388WKr90MY8q6grG,r3laJz4BZXUvyX7eyLLrfWn8g8KxzLU7GZgMB,2026-01-22,2026-01-22,-168.4,GBP,,,POUNDLAND STORE #4421,debit
stable_low_risk,V2xKzYm4dFxPzgULRKbXPnWL9M41MyApNK7,r3laJz4BZXUvyX7eyLLrfWn8g8KxzLU7GZgMB,2026-01-24,2026-01-24,-185.79,GBP,,,ITSU UK LTD LONDON SE1,debit
stable_low_risk,cZUxaNWwNHtSf8XQzcnZTkcCzFZPcGvZBh3,r3laJz4BZXUvyX7eyLLrfWn8g8KxzLU7GZgMB,2026-01-25,2026-01-25,-136.22,GBP,,,MORRISONS SUPERMARKET LONDON,debit
stable_low_risk,1esQGX9KR8UzDbsxCgdP1f5xS43aa9x1RqU,r3laJz4BZXUvyX7eyLLrfWn8g8KxzLU7GZgMB,2026-01-26,2026-01-26,3476.94,GBP,,,BACS PAYROLL PRIMARY-ACC REF:SALARY,debit
stable_low_risk,9jv6jCLUr7qKMhCBcvXJ7ykZa9f4U7LvB0s,r3laJz4BZXUvyX7eyLLrfWn8g8KxzLU7GZgMB,2026-01-27,2026-01-27,-105.89,GBP,,,SCREWFIX DIRECT LTD,debit
stable_low_risk,3Rp4LhyUpcyQE5H40MxdnQ8k2xz67P2DSkq,r3laJz4BZXUvyX7eyLLrfWn8g8KxzLU7GZgMB,2026-01-28,2026-01-28,-154.66,GBP,,,YO SUSHI UK LTD LONDON,debit
stable_low_risk,C9HzHGS9qAAwphtTfcF8T6fmnYnucXSMrgQ,r3laJz4BZXUvyX7eyLLrfWn8g8KxzLU7GZgMB,2026-01-28,2026-01-28,-205.31,GBP,,,COSTCO UK WATFORD,debit
stable_low_risk,Ep1TQEsw88GkXW3rmADDFkNv2knDupbfzwC,r3laJz4BZXUvyX7eyLLrfWn8g8KxzLU7GZgMB,2026-01-28,2026-01-28,-4815.26,GBP,,,D/D NATIONWIDE JOINT MORTGAGE,debit
stable_low_risk,FkBbUt3RAqnFfMk8zejKKm9m6e95GPVNtb7,r3laJz4BZXUvyX7eyLLrfWn8g8KxzLU7GZgMB,2026-01-29,2026-01-29,-106.78,GBP,,,IKEA UK WEMBLEY,debit
stable_low_risk,ZJTS5Kgu0DHM7HMy89quwr6NeCGZfLZBBuL,r3laJz4BZXUvyX7eyLLrfWn8g8KxzLU7GZgMB,2026-01-29,2026-01-29,3107.89,GBP,,,BACS PAYROLL PRIMARY-ACC REF:SALARY,debit
stable_low_risk,CQhkU3j0M61vvfy6KQaguBAVkx04pWstwRH,r3laJz4BZXUvyX7eyLLrfWn8g8KxzLU7GZgMB,2026-01-30,2026-01-30,-163.92,GBP,,,AMAZON UK MARKETPLACE,debit
stable_low_risk,Dhkv6dmNrtmamAzbnMXurBG4V2nYydNkh3V,r3laJz4BZXUvyX7eyLLrfWn8g8KxzLU7GZgMB,2026-02-01,2026-02-01,-114.5,GBP,,,ASDA SUPERSTORE LONDON,debit
stable_low_risk,UkQbTTEFveRDu7ZEFB2BJe3EG1WcT4eyJPN,r3laJz4BZXUvyX7eyLLrfWn8g8KxzLU7GZgMB,2026-02-02,2026-02-02,-212.26,GBP,,,NANDOS RESTAURANT LONDON,debit
stable_low_risk,W31d3bbx4DUCEXy49P5NQFMXRzPk4tXsPnv,r3laJz4BZXUvyX7eyLLrfWn8g8KxzLU7GZgMB,2026-02-03,2026-02-03,-138.69,GBP,,,WAHACA RESTAURANT LONDON,debit
stable_low_risk,xFhF48wFhv9V1zhNmufZ96HZMHq353fzgEe,r3laJz4BZXUvyX7eyLLrfWn8g8KxzLU7GZgMB,2026-02-03,2026-02-03,-75.86,GBP,,,CO-OP FOOD LONDON N1,debit
stable_low_risk,qKvCJ9TJ0xwDVphMb0EprFWUvP9ZP5BDkKR,r3laJz4BZXUvyX7eyLLrfWn8g8KxzLU7GZgMB,2026-02-04,2026-02-04,-119.83,GBP,,,ASDA SUPERSTORE LONDON,debit
stable_low_risk,WtFgAzcc6KY2jUQRPrUj8SMAKADMuut0v0P,r3laJz4BZXUvyX7eyLLrfWn8g8KxzLU7GZgMB,2026-02-05,2026-02-05,-142.08,GBP,,,PIZZA HUT UK REF:ORDER-ONL,debit
stable_low_risk,dDWRV8cAAdrfhKfkV8sugyX8N103HW9qDqH,r3laJz4BZXUvyX7eyLLrfWn8g8KxzLU7GZgMB,2026-02-05,2026-02-05,3075.54,GBP,,,BACS PAYROLL PRIMARY-ACC REF:SALARY,debit
stable_low_risk,BbRqzhbpqf0WaHjqR1B9Zta8wJmndEzM8dQ,r3laJz4BZXUvyX7eyLLrfWn8g8KxzLU7GZgMB,2026-02-06,2026-02-06,1510.05,GBP,,,AIRBNB PAYMENTS GB REF:INV-901,debit
stable_low_risk,MLxGJsHeduFrx6TKxbLpEBv8ytdyG3zKAfq,r3laJz4BZXUvyX7eyLLrfWn8g8KxzLU7GZgMB,2026-02-07,2026-02-07,-4820.19,GBP,,,D/D NATIONWIDE JOINT MORTGAGE,debit
stable_low_risk,EJSUpbBvPS6KLkUxXYsHY7u1hBJ51gNb10w,r3laJz4BZXUvyX7eyLLrfWn8g8KxzLU7GZgMB,2026-02-08,2026-02-08,-188.73,GBP,,,COSTCO UK WATFORD,debit
stable_low_risk,XW8aMWAVXFZmw6FtJphHMK7hqftw1yHZaN3,r3laJz4BZXUvyX7eyLLrfWn8g8KxzLU7GZgMB,2026-02-08,2026-02-08,-107.04,GBP,,,OCADO RETAIL LTD REF:ORDER,debit
stable_low_risk,cRFk1zxAFbSC9U0eYZJ0ZwEaMEPJ3TytuSw,r3laJz4BZXUvyX7eyLLrfWn8g8KxzLU7GZgMB,2026-02-08,2026-02-08,-102.66,GBP,,,IKEA UK WEMBLEY,debit
stable_low_risk,k28LL3UFwjSppz74rtus9pEstnfdn5HH4e8,r3laJz4BZXUvyX7eyLLrfWn8g8KxzLU7GZgMB,2026-02-09,2026-02-09,-132.75,GBP,,,IKEA UK WEMBLEY,debit
stable_low_risk,DYRb1w0QFMV178pm9LPFaBLEBLSwP1EB1wM,r3laJz4BZXUvyX7eyLLrfWn8g8KxzLU7GZgMB,2026-02-10,2026-02-10,-55.49,GBP,,,THE COAL HOLE LONDON WC2,debit
stable_low_risk,176xmBYpLGFfSGZ0ZKbujmM1kEfwpvvjqQ6,r3laJz4BZXUvyX7eyLLrfWn8g8KxzLU7GZgMB,2026-02-11,2026-02-11,-179.94,GBP,,,NANDOS RESTAURANT LONDON,debit
stable_low_risk,PSTc6NypfeArwwgMN262xS9J7eEaFDdy6zQ,r3laJz4BZXUvyX7eyLLrfWn8g8KxzLU7GZgMB,2026-02-12,2026-02-12,-156.17,GBP,,,AMAZON UK MARKETPLACE,debit
stable_low_risk,Y6RLmGRfrStKNDxuEPXJUuaFA2k3Nx1CYcp,r3laJz4BZXUvyX7eyLLrfWn8g8KxzLU7GZgMB,2026-02-12,2026-02-12,3720.97,GBP,,,BACS PAYROLL PRIMARY-ACC REF:SALARY,debit
stable_low_risk,1etSs2Nw98tdkBEM5w6TJb7sDzx1mQera7U,r3laJz4BZXUvyX7eyLLrfWn8g8KxzLU7GZgMB,2026-02-13,2026-02-13,-181.59,GBP,,,YO SUSHI UK LTD LONDON,debit
stable_low_risk,ZaXfTHs7M60ZrqE08QBuCa1yM9zb6ewb0pU,r3laJz4BZXUvyX7eyLLrfWn8g8KxzLU7GZgMB,2026-02-13,2026-02-13,-169.47,GBP,,,COSTCO UK WATFORD,debit
stable_low_risk,htBSWe5KxVfAkZeRchb5d2GuxVJv8NNbEUX,r3laJz4BZXUvyX7eyLLrfWn8g8KxzLU7GZgMB,2026-02-14,2026-02-14,-209.56,GBP,,,NANDOS RESTAURANT LONDON,debit
stable_low_risk,hwyJVSDwWNHakfB6DmYqFsRgQc9CfWNYWmz,r3laJz4BZXUvyX7eyLLrfWn8g8KxzLU7GZgMB,2026-02-16,2026-02-16,-82.92,GBP,,,CO-OP FOOD LONDON N1,debit
stable_low_risk,npe7sNVdEZD8yrMCJuPU81BPAA6MzKzpbs8,r3laJz4BZXUvyX7eyLLrfWn8g8KxzLU7GZgMB,2026-02-16,2026-02-16,-197.12,GBP,,,MARKS AND SPENCER FOOD,debit
stable_low_risk,pAUmPddT3khkayCfkAw6Rd2he06U6zMzvJm,r3laJz4BZXUvyX7eyLLrfWn8g8KxzLU7GZgMB,2026-02-17,2026-02-17,-134.85,GBP,,,WAHACA RESTAURANT LONDON,debit
stable_low_risk,ZVWEGe9ckzA6knrAq9TrBXVvYwEsXWthxLL,r3laJz4BZXUvyX7eyLLrfWn8g8KxzLU7GZgMB,2026-02-18,2026-02-18,-205.25,GBP,,,COSTCO UK WATFORD,debit
stable_low_risk,Gzh0GRX4n9Bw2GJKW95RVYnf5WhFxgtXcMF,r3laJz4BZXUvyX7eyLLrfWn8g8KxzLU7GZgMB,2026-02-19,2026-02-19,3648.73,GBP,,,BACS PAYROLL PRIMARY-ACC REF:SALARY,debit
stable_low_risk,HRWuZU6ZRqAdCjkGS0aDXtkyWCWP6PZFgHj,r3laJz4BZXUvyX7eyLLrfWn8g8KxzLU7GZgMB,2026-02-21,2026-02-21,-1824.49,GBP,,,EASYJET AIR REF:EZY-BKNG,debit
stable_low_risk,wqxPyWQ0Ayvs4Sen3BVW9DWnMgCe9sLsuB5,r3laJz4BZXUvyX7eyLLrfWn8g8KxzLU7GZgMB,2026-02-21,2026-02-21,-203.04,GBP,,,ITSU UK LTD LONDON SE1,debit
stable_low_risk,PqYVMwtqjR2dsumZCczMhQRaGrA0yq9sm1Y,r3laJz4BZXUvyX7eyLLrfWn8g8KxzLU7GZgMB,2026-02-22,2026-02-22,-111.73,GBP,,,TESCO METRO LONDON EC1,debit
stable_low_risk,3Ve7rcm2hxAw0YFf172686FjdGEdVfjUmaU,r3laJz4BZXUvyX7eyLLrfWn8g8KxzLU7GZgMB,2026-02-23,2026-02-23,-179.0,GBP,,,YO SUSHI UK LTD LONDON,debit
stable_low_risk,t5bKvdndqBpRSrmeFFrq2txYHG9v52T1x5v,r3laJz4BZXUvyX7eyLLrfWn8g8KxzLU7GZgMB,2026-02-23,2026-02-23,-116.09,GBP,,,IKEA UK WEMBLEY,debit
stable_low_risk,KQK9Qq7ZzXvYh8PkzuBQ56gAq1aVymzdr0e,r3laJz4BZXUvyX7eyLLrfWn8g8KxzLU7GZgMB,2026-02-24,2026-02-24,-109.39,GBP,,,TESCO METRO LONDON EC1,debit
stable_low_risk,2mnEpenm2G5weAB5weMZvdmPTEB3nvGrwXz,r3laJz4BZXUvyX7eyLLrfWn8g8KxzLU7GZgMB,2026-02-25,2026-02-25,-163.96,GBP,,,MARKS AND SPENCER FOOD,debit
stable_low_risk,kV5gcHr7n0h9AP1Daet6Zx1Gj62RVbWFDTU,r3laJz4BZXUvyX7eyLLrfWn8g8KxzLU7GZgMB,2026-02-25,2026-02-25,-166.81,GBP,,,WAHACA RESTAURANT LONDON,debit
stable_low_risk,ZwyXfQLC48MaxS0f5891zFzuBSdyeVkYDQA,r3laJz4BZXUvyX7eyLLrfWn8g8KxzLU7GZgMB,2026-02-26,2026-02-26,3267.6,GBP,,,BACS PAYROLL PRIMARY-ACC REF:SALARY,debit
stable_low_risk,v9Z0aGQC1eLheRDR6pLt9wwtXW03H5qsFSF,r3laJz4BZXUvyX7eyLLrfWn8g8KxzLU7GZgMB,2026-02-26,2026-02-26,-90.04,GBP,,,OCADO RETAIL LTD REF:ORDER,debit
stable_low_risk,49Tz29avCwA6f7XA48XsutguAu9GFB175vK,r3laJz4BZXUvyX7eyLLrfWn8g8KxzLU7GZgMB,2026-02-27,2026-02-27,-127.23,GBP,,,ASDA SUPERSTORE LONDON,debit
stable_low_risk,4MkPr8jrbA2xsACnaNhzzc1hYZXPe13DHbp,r3laJz4BZXUvyX7eyLLrfWn8g8KxzLU7GZgMB,2026-02-27,2026-02-27,-67.74,GBP,,,CO-OP FOOD LONDON N1,debit
stable_low_risk,Jv1YbLzvbjfeWJAmJ14kjn2Q0faA9tY2F96,r3laJz4BZXUvyX7eyLLrfWn8g8KxzLU7GZgMB,2026-02-27,2026-02-27,-120.23,GBP,,,TESCO METRO LONDON EC1,debit
stable_low_risk,1A0TtSzJYu8TZGvMwwL7yyrZz1E90yR5uc1,r3laJz4BZXUvyX7eyLLrfWn8g8KxzLU7GZgMB,2026-02-28,2026-02-28,-47.41,GBP,,,THE COAL HOLE LONDON WC2,debit
stable_low_risk,1GjklNDoarHblvQwlZZpSp7ap9J7n1ippPwRj,r3laJz4BZXUvyX7eyLLrfWn8g8KxzLU7GZgMB,2026-03-19,2026-03-19,-105.07,GBP,,,COSTCO UK WATFORD,debit
stable_low_risk,LW7BVKzd9GtrZwLEZQQlHNzENWQzB9FkkWJMn,r3laJz4BZXUvyX7eyLLrfWn8g8KxzLU7GZgMB,2026-03-19,2026-03-19,-154.53,GBP,,,SAINSBURYS SUPERMARKETS LONDON,debit
stable_low_risk,pz8x5KdrebTwb4RrbppqhKNXKoMNe9UppQxGZ,r3laJz4BZXUvyX7eyLLrfWn8g8KxzLU7GZgMB,2026-03-19,2026-03-19,-31.19,GBP,,,DISHOOM RESTAURANT LONDON,debit
stable_low_risk,7x3o9mwWgnSAErG9K85Dulj8WZ1Qgxud4K1DW,PxXJB6gdL1S357N96neWFk7A5xZweZsoo8M4J,2026-03-20,2026-03-20,-105.07,GBP,Costco UK,,COSTCO UK WATFORD,debit
stable_low_risk,Qdgl368aRLsx5pN9BngRfMZDVpzeqjswrWabg,PxXJB6gdL1S357N96neWFk7A5xZweZsoo8M4J,2026-03-20,2026-03-20,-31.19,GBP,Vidalia's Restaurant,,DISHOOM RESTAURANT LONDON,debit
stable_low_risk,eGQLm3K8RBUPjm1vNonZHgzqmRLwyXcrylVAg,PxXJB6gdL1S357N96neWFk7A5xZweZsoo8M4J,2026-03-20,2026-03-20,-154.53,GBP,Sainsbury's,,SAINSBURYS SUPERMARKETS LONDON,debit
stable_low_risk,g8eybnLR3whXGdwKGxxviZkeZ8xkLEfEE7XBm,r3laJz4BZXUvyX7eyLLrfWn8g8KxzLU7GZgMB,2026-03-20,2026-03-20,-115.07,GBP,,,ASDA SUPERSTORE LONDON,debit
stable_low_risk,org35qkK7ZTQL4bKLXXlHBn9BGenWJtooV3D3,r3laJz4BZXUvyX7eyLLrfWn8g8KxzLU7GZgMB,2026-03-20,2026-03-20,-84.58,GBP,,,AMAZON UK MARKETPLACE,debit
stable_low_risk,83L1pM8nQ4UxZMlAZ334hKDXK5LD6lUWWJy6A,r3laJz4BZXUvyX7eyLLrfWn8g8KxzLU7GZgMB,2026-03-21,2026-03-21,-113.9,GBP,,,AMAZON UK MARKETPLACE,debit
stable_low_risk,E1xy9mgq6RcWJLj8JRRySgdjgvRdnVU445L7y,r3laJz4BZXUvyX7eyLLrfWn8g8KxzLU7GZgMB,2026-03-21,2026-03-21,-82.82,GBP,,,WAHACA RESTAURANT LONDON,debit
stable_low_risk,MzGJK6LBnQUr5RPMVpkQslg8zXkWPauLb87ax,PxXJB6gdL1S357N96neWFk7A5xZweZsoo8M4J,2026-03-21,2026-03-21,-115.07,GBP,ASDA,,ASDA SUPERSTORE LONDON,debit
stable_low_risk,WdEQRje19wTjJbdWJ99RFwaXwz9aLDi66QG8b,r3laJz4BZXUvyX7eyLLrfWn8g8KxzLU7GZgMB,2026-03-21,2026-03-21,3116.27,GBP,,,BACS PAYROLL PRIMARY-ACC REF:SALARY,debit
stable_low_risk,ZZDam69GknhQKq39lnE6F78paeoj4gsenDbZR,PxXJB6gdL1S357N96neWFk7A5xZweZsoo8M4J,2026-03-21,2026-03-21,-84.58,GBP,Amazon UK,,AMAZON UK MARKETPLACE,debit
stable_low_risk,1q3Q95vDAgUoqABJ5QlEtJegxVMobrcpbGm6R,PxXJB6gdL1S357N96neWFk7A5xZweZsoo8M4J,2026-03-22,2026-03-22,-113.9,GBP,Amazon UK,,AMAZON UK MARKETPLACE,debit
stable_low_risk,AerGnAvDm5ioEmaeERR6HazgabnzJ4F99xvDj,r3laJz4BZXUvyX7eyLLrfWn8g8KxzLU7GZgMB,2026-03-22,2026-03-22,-36.52,GBP,,,IKEA UK LTD WEMBLEY,debit
stable_low_risk,GpalQ9ErmbhDa8eEaBBZHyjXyWBjlVC6674v9,r3laJz4BZXUvyX7eyLLrfWn8g8KxzLU7GZgMB,2026-03-22,2026-03-22,-115.9,GBP,,,WAITROSE & PARTNERS LONDON SW1,debit
stable_low_risk,LryJq61zAesK5oPmxLZziQpg164owdhkgy9Z5,PxXJB6gdL1S357N96neWFk7A5xZweZsoo8M4J,2026-03-22,2026-03-22,-82.82,GBP,Taqueria El Guerrero,,WAHACA RESTAURANT LONDON,debit
stable_low_risk,pypvWZjd6QCkzaQWoRbXiMdL6JAwP5sp9NKPq,PxXJB6gdL1S357N96neWFk7A5xZweZsoo8M4J,2026-03-22,2026-03-22,3116.27,GBP,,,BACS PAYROLL PRIMARY-ACC REF:SALARY,debit
stable_low_risk,b14Axk9bqecwWr1gWvvnh9AW9GbABDSmm6wje,r3laJz4BZXUvyX7eyLLrfWn8g8KxzLU7GZgMB,2026-03-23,2026-03-23,-173.24,GBP,,,POUNDLAND LTD LONDON,debit
stable_low_risk,gGZomdzLDxUNeJpPjwG7txdRP5qXamfEjQMAj,PxXJB6gdL1S357N96neWFk7A5xZweZsoo8M4J,2026-03-23,2026-03-23,-115.9,GBP,Waitrose,,WAITROSE & PARTNERS LONDON SW1,debit
stable_low_risk,mqpz5RBlPWUPV4blV99dTKn8KyZn75UggQ5Nl,r3laJz4BZXUvyX7eyLLrfWn8g8KxzLU7GZgMB,2026-03-23,2026-03-23,-193.98,GBP,,,WAITROSE & PARTNERS LONDON SW1,debit
stable_low_risk,nKok5l3qjmunWQbqWmmgU7N97WqNABiAAMBRR,r3laJz4BZXUvyX7eyLLrfWn8g8KxzLU7GZgMB,2026-03-23,2026-03-23,-117.17,GBP,,,OCADO RETAIL LTD REF:ORDER,debit
stable_low_risk,oGNvwQPk6eUkrWV6pbLgiepZ5zoQRNIo4nK6B,PxXJB6gdL1S357N96neWFk7A5xZweZsoo8M4J,2026-03-23,2026-03-23,-36.52,GBP,IKEA,,IKEA UK LTD WEMBLEY,debit
stable_low_risk,8dVg9A58obsrdzm87lZ1sLGwAzxo7vuWvVrDx,PxXJB6gdL1S357N96neWFk7A5xZweZsoo8M4J,2026-03-24,2026-03-24,-117.17,GBP,Ocado,,OCADO RETAIL LTD REF:ORDER,debit
stable_low_risk,EpEJkbPgLdSG5rzmBjJ1cR95robz3qc4ZPEWX,PxXJB6gdL1S357N96neWFk7A5xZweZsoo8M4J,2026-03-24,2026-03-24,-173.24,GBP,Poundland,,POUNDLAND LTD LONDON,debit
stable_low_risk,W7g3PVbeBWu65wraZdJVh9gN384qx1s6o74e6,PxXJB6gdL1S357N96neWFk7A5xZweZsoo8M4J,2026-03-24,2026-03-24,-193.98,GBP,Waitrose,,WAITROSE & PARTNERS LONDON SW1,debit
stable_low_risk,9xpL81gbZWhdRGqJRQQVhPgqPo8gDwC449m1z,r3laJz4BZXUvyX7eyLLrfWn8g8KxzLU7GZgMB,2026-03-26,2026-03-26,-198.55,GBP,,,LEON RESTAURANTS LONDON,debit
stable_low_risk,v4zjqd7akbTLAr7bABBNH4rd4kQrXDCqqZDmo,r3laJz4BZXUvyX7eyLLrfWn8g8KxzLU7GZgMB,2026-03-26,2026-03-26,-131.38,GBP,,,ASDA SUPERSTORE LONDON,debit
stable_low_risk,yjxQVNZPp9IlWDpmWkkPFpAopXwARQi448Qm1,r3laJz4BZXUvyX7eyLLrfWn8g8KxzLU7GZgMB,2026-03-26,2026-03-26,-99.58,GBP,,,OCADO RETAIL LTD REF:ORDER,debit
stable_low_risk,AZbJB6dvozhAZjq3xaEkun5K7DRpoyc9Rloq4,PxXJB6gdL1S357N96neWFk7A5xZweZsoo8M4J,2026-03-27,2026-03-27,-99.58,GBP,Ocado,,OCADO RETAIL LTD REF:ORDER,debit
stable_low_risk,GgBJNA7EV4tM53oPnea4uBZDP4zpEri6JXnDA,PxXJB6gdL1S357N96neWFk7A5xZweZsoo8M4J,2026-03-27,2026-03-27,-198.55,GBP,Leon,,LEON RESTAURANTS LONDON,debit
stable_low_risk,RrLN8d479JTg8erq8ll3Ik1bkVl1zWtaaoQyR,r3laJz4BZXUvyX7eyLLrfWn8g8KxzLU7GZgMB,2026-03-27,2026-03-27,-45.01,GBP,,,ALDI STORES LTD LONDON,debit
stable_low_risk,nG1v8eN367U8Kw3DLbWaSqMJE18n5psAPNG1G,PxXJB6gdL1S357N96neWFk7A5xZweZsoo8M4J,2026-03-27,2026-03-27,-131.38,GBP,ASDA,,ASDA SUPERSTORE LONDON,debit
stable_low_risk,6zMZgQ1A7JTNXR8DXqqLszJkzj5JxAC88PRZ8,r3laJz4BZXUvyX7eyLLrfWn8g8KxzLU7GZgMB,2026-03-28,2026-03-28,-78.52,GBP,,,ALDI STORES LTD LONDON,debit
stable_low_risk,DM3m8b9lvKcyX7PJXwwZh1pX13wp6BC33L8DE,r3laJz4BZXUvyX7eyLLrfWn8g8KxzLU7GZgMB,2026-03-28,2026-03-28,-141.23,GBP,,,WAHACA RESTAURANT LONDON,debit
stable_low_risk,Vx8eWP7M9ohEw6n8wmmGHzAWz3mAnbC99ZJ1n,r3laJz4BZXUvyX7eyLLrfWn8g8KxzLU7GZgMB,2026-03-28,2026-03-28,-172.59,GBP,,,WAHACA RESTAURANT LONDON,debit
stable_low_risk,XalZ87DL9pIyVPmxVWWNhAlLAdWl4NSbbvRZ1,r3laJz4BZXUvyX7eyLLrfWn8g8KxzLU7GZgMB,2026-03-28,2026-03-28,-185.0,GBP,,,COSTCO UK WATFORD,debit
stable_low_risk,bGQZmr59RKUQ4Dxed1WNFbg3KRLwazumg13Az,PxXJB6gdL1S357N96neWFk7A5xZweZsoo8M4J,2026-03-28,2026-03-28,-45.01,GBP,ALDI STORES LTD,,ALDI STORES LTD LONDON,debit
stable_low_risk,wNB7Kae4oDTNxbQAxXXLsyWvyE5Wx6CPP16wL,r3laJz4BZXUvyX7eyLLrfWn8g8KxzLU7GZgMB,2026-03-28,2026-03-28,3098.58,GBP,,,BACS PAYROLL PRIMARY-ACC REF:SALARY,debit
stable_low_risk,9aNJ9DlgomfAaBjyxqRbu87NLZ1KrkC4zwEdB,PxXJB6gdL1S357N96neWFk7A5xZweZsoo8M4J,2026-03-29,2026-03-29,-141.23,GBP,Taqueria El Guerrero,,WAHACA RESTAURANT LONDON,debit
stable_low_risk,RaXqx6E4lpfd5Mbznr8jClvmNwarK7ua7WGe1,PxXJB6gdL1S357N96neWFk7A5xZweZsoo8M4J,2026-03-29,2026-03-29,3098.58,GBP,,,BACS PAYROLL PRIMARY-ACC REF:SALARY,debit
stable_low_risk,mGZv874B6jU6qgQM1bVJhZBjNLqPrWtgRnAB9,PxXJB6gdL1S357N96neWFk7A5xZweZsoo8M4J,2026-03-29,2026-03-29,-78.52,GBP,ALDI STORES LTD,,ALDI STORES LTD LONDON,debit
stable_low_risk,vw9v8y176oSK48zpG7AMiQq3xoALgWhqaBXyV,PxXJB6gdL1S357N96neWFk7A5xZweZsoo8M4J,2026-03-29,2026-03-29,-172.59,GBP,Taqueria El Guerrero,,WAHACA RESTAURANT LONDON,debit
stable_low_risk,yXzw8yoZ6EUBjoxybpWeHw5rdMnL4Kt4kbDVg,PxXJB6gdL1S357N96neWFk7A5xZweZsoo8M4J,2026-03-29,2026-03-29,-185.0,GBP,Costco UK,,COSTCO UK WATFORD,debit
stable_low_risk,5rZQoe1WjzTxJXkpJZZehWybWXkyemi55QDlb,r3laJz4BZXUvyX7eyLLrfWn8g8KxzLU7GZgMB,2026-03-30,2026-03-30,-107.65,GBP,,,PRET A MANGER LONDON EC1,debit
stable_low_risk,J8PrElK3mdhX81Mq844niqNkqw4NrBfBBeL3n,r3laJz4BZXUvyX7eyLLrfWn8g8KxzLU7GZgMB,2026-03-30,2026-03-30,-174.82,GBP,,,MARKS AND SPENCER FOOD,debit
stable_low_risk,63Np95V1kGSA3KjkM8XEu56lWyM41eI8jpxvM,PxXJB6gdL1S357N96neWFk7A5xZweZsoo8M4J,2026-03-31,2026-03-31,-107.65,GBP,Pret A Manger,,PRET A MANGER LONDON EC1,debit
stable_low_risk,XeExj6mD3AH7l1X4amVDtWyJ8qjoRwIbpNxo7,PxXJB6gdL1S357N96neWFk7A5xZweZsoo8M4J,2026-03-31,2026-03-31,-174.82,GBP,Marks & Spencer,,MARKS AND SPENCER FOOD,debit
stable_low_risk,kG1Ky9rV4XHzGLegGZZJHLz7L65zqbcLL1bna,r3laJz4BZXUvyX7eyLLrfWn8g8KxzLU7GZgMB,2026-03-31,2026-03-31,-33.05,GBP,,,COSTCO UK WATFORD,debit
stable_low_risk,llLrZvzwNgUoxR9BxppJHzjBzG3jArCppmvQ6,r3laJz4BZXUvyX7eyLLrfWn8g8KxzLU7GZgMB,2026-03-31,2026-03-31,-49.86,GBP,,,ALDI STORES LTD LONDON,debit
stable_low_risk,qBEdRrazQ5HkXjNZXRRKHvZjvWKZoqFggyqGX,r3laJz4BZXUvyX7eyLLrfWn8g8KxzLU7GZgMB,2026-03-31,2026-03-31,-94.97,GBP,,,TESCO METRO LONDON EC1,debit
stable_low_risk,DLjJd6N9EkHb5Q8moPXzuwJDgjx7klt3mBXjK,PxXJB6gdL1S357N96neWFk7A5xZweZsoo8M4J,2026-04-01,2026-04-01,-33.05,GBP,Costco UK,,COSTCO UK WATFORD,debit
stable_low_risk,KEjznqrxmwUJv71EvZZ3Cl3GldZ37WcRRDvqW,r3laJz4BZXUvyX7eyLLrfWn8g8KxzLU7GZgMB,2026-04-01,2026-04-01,-131.19,GBP,,,ITSU UK LTD LONDON SE1,debit
stable_low_risk,VjGBN6n7zEsP5lKd3nwVHm18QJda5MH9bXnGG,PxXJB6gdL1S357N96neWFk7A5xZweZsoo8M4J,2026-04-01,2026-04-01,-49.86,GBP,ALDI STORES LTD,,ALDI STORES LTD LONDON,debit
stable_low_risk,r3laJz4BZXUvyX7eyLLrfWnlWGRn1qi77kv4r,r3laJz4BZXUvyX7eyLLrfWn8g8KxzLU7GZgMB,2026-04-01,2026-04-01,-190.64,GBP,,,LEON RESTAURANTS LONDON,debit
stable_low_risk,wG9v8wLe6kUyVeWEnQxJc5B34PlNdnIPAxlne,PxXJB6gdL1S357N96neWFk7A5xZweZsoo8M4J,2026-04-01,2026-04-01,-94.97,GBP,Tesco,,TESCO METRO LONDON EC1,debit
stable_low_risk,z7dZmPEjbBH3zgXqzrrNIZx8ZpGxrofllXGr4,r3laJz4BZXUvyX7eyLLrfWn8g8KxzLU7GZgMB,2026-04-01,2026-04-01,-113.69,GBP,,,TESCO METRO LONDON EC1,debit
stable_low_risk,5BGk9RD1XAUAEqabBkJDuk7QoZ5wnBs5zApBN,PxXJB6gdL1S357N96neWFk7A5xZweZsoo8M4J,2026-04-02,2026-04-02,-131.19,GBP,,,ITSU UK LTD LONDON SE1,debit
stable_low_risk,JqRJ76ZKyjUl5GVe7M8KT4gLDX1yn3FBpv57a,PxXJB6gdL1S357N96neWFk7A5xZweZsoo8M4J,2026-04-02,2026-04-02,-190.64,GBP,Leon,,LEON RESTAURANTS LONDON,debit
stable_low_risk,k6jv8PdrRNsM1yrQVeGPu5jAemVZX4ILre8Pk,PxXJB6gdL1S357N96neWFk7A5xZweZsoo8M4J,2026-04-02,2026-04-02,-113.69,GBP,Tesco,,TESCO METRO LONDON EC1,debit
stable_low_risk,3qe7KjD8NVUvGn8BGMMLfnxonL1xediZZVa6o,r3laJz4BZXUvyX7eyLLrfWn8g8KxzLU7GZgMB,2026-04-04,2026-04-04,-132.56,GBP,,,WAITROSE & PARTNERS LONDON SW1,debit
stable_low_risk,BQznRGgVmNU3A14BAeepIa34aR83vwF44xGEm,r3laJz4BZXUvyX7eyLLrfWn8g8KxzLU7GZgMB,2026-04-04,2026-04-04,-44.6,GBP,,,SCREWFIX DIRECT LTD,debit
stable_low_risk,dpPnwWAyreh3EbvjEQQ1IgA6gEQAZaUJJn3pv,r3laJz4BZXUvyX7eyLLrfWn8g8KxzLU7GZgMB,2026-04-04,2026-04-04,3654.58,GBP,,,BACS PAYROLL PRIMARY-ACC REF:SALARY,debit
stable_low_risk,xP3er4ZNJLU1x5mwxKKNUXBEXb4BPQC66KEbD,r3laJz4BZXUvyX7eyLLrfWn8g8KxzLU7GZgMB,2026-04-04,2026-04-04,-154.11,GBP,,,TESCO METRO LONDON EC1,debit
stable_low_risk,4KQer7gEPwuwG78jGzz4hMr8MD5rJnHJJRxPZ,r3laJz4BZXUvyX7eyLLrfWn8g8KxzLU7GZgMB,2026-04-05,2026-04-05,-4792.0,GBP,,,D/D NATIONWIDE MORTGAGE REF:MORTG,debit
stable_low_risk,KK9Jl6MrL7Iq54PQr1vgtZA51oB9gxtRgamwb,PxXJB6gdL1S357N96neWFk7A5xZweZsoo8M4J,2026-04-05,2026-04-05,-154.11,GBP,Tesco,,TESCO METRO LONDON EC1,debit
stable_low_risk,aMaWegLnlJc9lo5mlMM1INGvNZMG4bFZZK9Mr,r3laJz4BZXUvyX7eyLLrfWn8g8KxzLU7GZgMB,2026-04-05,2026-04-05,-38.2,GBP,,,SAINSBURYS SUPERMARKETS LONDON,debit
stable_low_risk,lG56yjazRPUDlXzAM9xaU3ZmvqnoW1tp1er9k,PxXJB6gdL1S357N96neWFk7A5xZweZsoo8M4J,2026-04-05,2026-04-05,-44.6,GBP,Screwfix,,SCREWFIX DIRECT LTD,debit
stable_low_risk,qGpv8M7a6ZUon1QagNX5tKapmbxk9Bhg81Vb1,PxXJB6gdL1S357N96neWFk7A5xZweZsoo8M4J,2026-04-05,2026-04-05,-132.56,GBP,Waitrose,,WAITROSE & PARTNERS LONDON SW1,debit
stable_low_risk,rGyvm1e46MUZ3wlN87yRIR5JjxovKgc7LVDK6,PxXJB6gdL1S357N96neWFk7A5xZweZsoo8M4J,2026-04-05,2026-04-05,3654.58,GBP,,,BACS PAYROLL PRIMARY-ACC REF:SALARY,debit
stable_low_risk,BMdJ3AagoBujE7lx94AnC8VLPdep7MC4qNLeg,PxXJB6gdL1S357N96neWFk7A5xZweZsoo8M4J,2026-04-06,2026-04-06,-4792.0,GBP,Nationwide,,D/D NATIONWIDE MORTGAGE REF:MORTG,debit
stable_low_risk,NGQxRz349VHAnVoZnjjXSyNLyQjNd6CyyA1wq,r3laJz4BZXUvyX7eyLLrfWn8g8KxzLU7GZgMB,2026-04-06,2026-04-06,-79.78,GBP,,,WAITROSE & PARTNERS LONDON SW1,debit
stable_low_risk,PqMab3dPwRUqeXnvekkzhNmWNEkmJVFooy4RZ,r3laJz4BZXUvyX7eyLLrfWn8g8KxzLU7GZgMB,2026-04-06,2026-04-06,-96.26,GBP,,,SCREWFIX DIRECT LTD,debit
stable_low_risk,zGxvDVgE6WUykKRpBXzecGWlJqb14nTlD1gPm,PxXJB6gdL1S357N96neWFk7A5xZweZsoo8M4J,2026-04-06,2026-04-06,-38.2,GBP,Sainsbury's,,SAINSBURYS SUPERMARKETS LONDON,debit
stable_low_risk,3rwM9o6DZEs1RQyJ58GAt1mQ5jv8XEsZGe8oV,PxXJB6gdL1S357N96neWFk7A5xZweZsoo8M4J,2026-04-07,2026-04-07,-79.78,GBP,Waitrose,,WAITROSE & PARTNERS LONDON SW1,debit
stable_low_risk,7B1MpZWGevHp5R8m5jjVH7be76lbNviddBGqp,r3laJz4BZXUvyX7eyLLrfWn8g8KxzLU7GZgMB,2026-04-07,2026-04-07,-189.34,GBP,,,AMAZON UK MARKETPLACE,debit
stable_low_risk,jAMqbyKDa3cKdNbBdllLHwgzworgX3i66R3eL,r3laJz4BZXUvyX7eyLLrfWn8g8KxzLU7GZgMB,2026-04-07,2026-04-07,-51.72,GBP,,,OCADO RETAIL LTD REF:ORDER,debit
stable_low_risk,xGwvQypZ68UzPE3pbmx8C4gWwdR19DF6mRAlM,PxXJB6gdL1S357N96neWFk7A5xZweZsoo8M4J,2026-04-07,2026-04-07,-96.26,GBP,Screwfix,,SCREWFIX DIRECT LTD,debit
stable_low_risk,QK14JxajkQuwgJn8gMMohPAJPQMAwbCwwldVl,r3laJz4BZXUvyX7eyLLrfWn8g8KxzLU7GZgMB,2026-04-08,2026-04-08,-101.56,GBP,,,WAITROSE & PARTNERS LONDON SW1,debit
stable_low_risk,ZNK1qQGoJwTjEXnwE77mFKkWKy7knXUee1jBa,r3laJz4BZXUvyX7eyLLrfWn8g8KxzLU7GZgMB,2026-04-08,2026-04-08,-98.24,GBP,,,PRET A MANGER LONDON EC1,debit
stable_low_risk,a8yQmKwLRqSdv7y3x5l6CMjJzq69eWsZpxed5,PxXJB6gdL1S357N96neWFk7A5xZweZsoo8M4J,2026-04-08,2026-04-08,-189.34,GBP,Amazon UK,,AMAZON UK MARKETPLACE,debit
stable_low_risk,dka1mBqARzilWRDa4vEZTQ5wLRb38PhJox6gz,PxXJB6gdL1S357N96neWFk7A5xZweZsoo8M4J,2026-04-08,2026-04-08,-51.72,GBP,Ocado,,OCADO RETAIL LTD REF:ORDER,debit
stable_low_risk,eojkvA89z4hwnAoknggzhKnWK9gnAjUrr3wGm,r3laJz4BZXUvyX7eyLLrfWn8g8KxzLU7GZgMB,2026-04-08,2026-04-08,-159.97,GBP,,,WAITROSE & PARTNERS LONDON SW1,debit
stable_low_risk,4zj1JDXgAWUoElMn18GDt5dWelwPZzIJ8w3Dy,PxXJB6gdL1S357N96neWFk7A5xZweZsoo8M4J,2026-04-09,2026-04-09,-159.97,GBP,Waitrose,,WAITROSE & PARTNERS LONDON SW1,debit
stable_low_risk,MAe37rBam9cekZpnkllqIqZmqelZoDfLLRorp,r3laJz4BZXUvyX7eyLLrfWn8g8KxzLU7GZgMB,2026-04-09,2026-04-09,-58.15,GBP,,,SAINSBURYS SUPERMARKETS LONDON,debit
stable_low_risk,NBbJr6p3LZUz5qNl9onyCjP53J1l84FyLq7e4,PxXJB6gdL1S357N96neWFk7A5xZweZsoo8M4J,2026-04-09,2026-04-09,-101.56,GBP,Waitrose,,WAITROSE & PARTNERS LONDON SW1,debit
stable_low_risk,PxXJB6gdL1S357N96neWFk75ZDy3APsoErN34,PxXJB6gdL1S357N96neWFk7A5xZweZsoo8M4J,2026-04-09,2026-04-09,-98.24,GBP,Pret A Manger,,PRET A MANGER LONDON EC1,debit
stable_low_risk,1GjklNDoarHblvQwlZZpSp7ap9J7n1ippPw1j,r3laJz4BZXUvyX7eyLLrfWn8g8KxzLU7GZgMB,2026-04-10,2026-04-10,-122.38,GBP,,,TESCO METRO LONDON EC1,debit
stable_low_risk,j9Xv8NxKR4s7AXVpQbdwtrQm945KlWC6o8GpX,PxXJB6gdL1S357N96neWFk7A5xZweZsoo8M4J,2026-04-10,2026-04-10,-58.15,GBP,Sainsbury's,,SAINSBURYS SUPERMARKETS LONDON,debit
stable_low_risk,7x3o9mwWgnSAErG9K85Dulj8WZ1Qgxud4K1vW,PxXJB6gdL1S357N96neWFk7A5xZweZsoo8M4J,2026-04-11,2026-04-11,-122.38,GBP,Tesco,,TESCO METRO LONDON EC1,debit
stable_low_risk,LW7BVKzd9GtrZwLEZQQlHNzENWQzB9FkkWJ5n,r3laJz4BZXUvyX7eyLLrfWn8g8KxzLU7GZgMB,2026-04-11,2026-04-11,-162.71,GBP,,,WAITROSE & PARTNERS LONDON SW1,debit
stable_low_risk,org35qkK7ZTQL4bKLXXlHBn9BGenWJtooV3m3,r3laJz4BZXUvyX7eyLLrfWn8g8KxzLU7GZgMB,2026-04-11,2026-04-11,3241.83,GBP,,,BACS PAYROLL PRIMARY-ACC REF:SALARY,debit
stable_low_risk,pz8x5KdrebTwb4RrbppqhKNXKoMNe9UppQxdZ,r3laJz4BZXUvyX7eyLLrfWn8g8KxzLU7GZgMB,2026-04-11,2026-04-11,-67.92,GBP,,,PRET A MANGER LONDON EC1,debit
stable_low_risk,Qdgl368aRLsx5pN9BngRfMZDVpzeqjswrWayg,PxXJB6gdL1S357N96neWFk7A5xZweZsoo8M4J,2026-04-12,2026-04-12,-67.92,GBP,Pret A Manger,,PRET A MANGER LONDON EC1,debit
stable_low_risk,ZZDam69GknhQKq39lnE6F78paeoj4gsenDbQR,PxXJB6gdL1S357N96neWFk7A5xZweZsoo8M4J,2026-04-12,2026-04-12,3241.83,GBP,,,BACS PAYROLL PRIMARY-ACC REF:SALARY,debit
stable_low_risk,eGQLm3K8RBUPjm1vNonZHgzqmRLwyXcrylV6g,PxXJB6gdL1S357N96neWFk7A5xZweZsoo8M4J,2026-04-12,2026-04-12,-162.71,GBP,Waitrose,,WAITROSE & PARTNERS LONDON SW1,debit
stable_low_risk,83L1pM8nQ4UxZMlAZ334hKDXK5LD6lUWWJyBA,r3laJz4BZXUvyX7eyLLrfWn8g8KxzLU7GZgMB,2026-04-13,2026-04-13,-168.99,GBP,,,WAHACA RESTAURANT LONDON,debit
stable_low_risk,g8eybnLR3whXGdwKGxxviZkeZ8xkLEfEE7XJm,r3laJz4BZXUvyX7eyLLrfWn8g8KxzLU7GZgMB,2026-04-13,2026-04-13,-157.46,GBP,,,AMAZON UK MARKETPLACE,debit
stable_low_risk,1q3Q95vDAgUoqABJ5QlEtJegxVMobrcpbGmWR,PxXJB6gdL1S357N96neWFk7A5xZweZsoo8M4J,2026-04-14,2026-04-14,-168.99,GBP,Taqueria El Guerrero,,WAHACA RESTAURANT LONDON,debit
stable_low_risk,E1xy9mgq6RcWJLj8JRRySgdjgvRdnVU445LNy,r3laJz4BZXUvyX7eyLLrfWn8g8KxzLU7GZgMB,2026-04-14,2026-04-14,-181.56,GBP,,,ITSU UK LTD LONDON SE1,debit
stable_low_risk,MzGJK6LBnQUr5RPMVpkQslg8zXkWPauLb87nx,PxXJB6gdL1S357N96neWFk7A5xZweZsoo8M4J,2026-04-14,2026-04-14,-157.46,GBP,Amazon UK,,AMAZON UK MARKETPLACE,debit
stable_low_risk,WdEQRje19wTjJbdWJ99RFwaXwz9aLDi66QGVb,r3laJz4BZXUvyX7eyLLrfWn8g8KxzLU7GZgMB,2026-04-14,2026-04-14,-197.8,GBP,,,PRET A MANGER LONDON EC1,debit
stable_low_risk,AerGnAvDm5ioEmaeERR6HazgabnzJ4F99xvmj,r3laJz4BZXUvyX7eyLLrfWn8g8KxzLU7GZgMB,2026-04-15,2026-04-15,-121.54,GBP,,,ALDI STORES LTD LONDON,debit
stable_low_risk,GpalQ9ErmbhDa8eEaBBZHyjXyWBjlVC6674d9,r3laJz4BZXUvyX7eyLLrfWn8g8KxzLU7GZgMB,2026-04-15,2026-04-15,-85.32,GBP,,,SAINSBURYS SUPERMARKETS LONDON,debit
stable_low_risk,LryJq61zAesK5oPmxLZziQpg164owdhkgy9D5,PxXJB6gdL1S357N96neWFk7A5xZweZsoo8M4J,2026-04-15,2026-04-15,-181.56,GBP,,,ITSU UK LTD LONDON SE1,debit
stable_low_risk,pypvWZjd6QCkzaQWoRbXiMdL6JAwP5sp9NKRq,PxXJB6gdL1S357N96neWFk7A5xZweZsoo8M4J,2026-04-15,2026-04-15,-197.8,GBP,Pret A Manger,,PRET A MANGER LONDON EC1,debit
stable_low_risk,gGZomdzLDxUNeJpPjwG7txdRP5qXamfEjQM3j,PxXJB6gdL1S357N96neWFk7A5xZweZsoo8M4J,2026-04-16,2026-04-16,-85.32,GBP,Sainsbury's,,SAINSBURYS SUPERMARKETS LONDON,debit
stable_low_risk,nKok5l3qjmunWQbqWmmgU7N97WqNABiAAMB4R,r3laJz4BZXUvyX7eyLLrfWn8g8KxzLU7GZgMB,2026-04-16,2026-04-16,-137.58,GBP,,,DOMINOS PIZZA UK LTD,debit
stable_low_risk,oGNvwQPk6eUkrWV6pbLgiepZ5zoQRNIo4nKLB,PxXJB6gdL1S357N96neWFk7A5xZweZsoo8M4J,2026-04-16,2026-04-16,-121.54,GBP,ALDI STORES LTD,,ALDI STORES LTD LONDON,debit
stable_low_risk,8dVg9A58obsrdzm87lZ1sLGwAzxo7vuWvVrdx,PxXJB6gdL1S357N96neWFk7A5xZweZsoo8M4J,2026-04-17,2026-04-17,-137.58,GBP,Domino's UK,,DOMINOS PIZZA UK LTD,debit
stable_low_risk,b14Axk9bqecwWr1gWvvnh9AW9GbABDSmm6wee,r3laJz4BZXUvyX7eyLLrfWn8g8KxzLU7GZgMB,2026-04-17,2026-04-17,-162.24,GBP,,,ALDI STORES LTD LONDON,debit
stable_low_risk,mqpz5RBlPWUPV4blV99dTKn8KyZn75UggQ5al,r3laJz4BZXUvyX7eyLLrfWn8g8KxzLU7GZgMB,2026-04-17,2026-04-17,-1820.55,GBP,,,EASYJET PLC REF:FLIGHT,debit
stable_low_risk,yjxQVNZPp9IlWDpmWkkPFpAopXwARQi448QB1,r3laJz4BZXUvyX7eyLLrfWn8g8KxzLU7GZgMB,2026-04-17,2026-04-17,1500.0,GBP,,,AIRBNB PAYMENTS BACS REF:RENT,debit
stable_low_risk,9xpL81gbZWhdRGqJRQQVhPgqPo8gDwC449m6z,r3laJz4BZXUvyX7eyLLrfWn8g8KxzLU7GZgMB,2026-04-18,2026-04-18,3304.72,GBP,,,BACS PAYROLL PRIMARY-ACC REF:SALARY,debit
stable_low_risk,AZbJB6dvozhAZjq3xaEkun5K7DRpoyc9RloG4,PxXJB6gdL1S357N96neWFk7A5xZweZsoo8M4J,2026-04-18,2026-04-18,1500.0,GBP,Airbnb UK,,AIRBNB PAYMENTS BACS REF:RENT,debit
stable_low_risk,EpEJkbPgLdSG5rzmBjJ1cR95robz3qc4ZPEDX,PxXJB6gdL1S357N96neWFk7A5xZweZsoo8M4J,2026-04-18,2026-04-18,-162.24,GBP,ALDI STORES LTD,,ALDI STORES LTD LONDON,debit
stable_low_risk,W7g3PVbeBWu65wraZdJVh9gN384qx1s6o74L6,PxXJB6gdL1S357N96neWFk7A5xZweZsoo8M4J,2026-04-18,2026-04-18,-1820.55,GBP,easyJet,,EASYJET PLC REF:FLIGHT,debit