persona_name,booking_date,account_id,transaction_date,amount,currency,remitter
bonus_income,2025-11-01,EJQE1RyrV3SqexJ3RjxgsgdVoyG5MkH4MEZz5,2025-11-01,-1614.65,GBP,D/D VIRGIN ATLANTIC REF:CC-PYMT
bonus_income,2025-11-01,EJQE1RyrV3SqexJ3RjxgsgdVoyG5MkH4MEZz5,2025-11-01,531.23,GBP,BACS SALARY REF:WAGES
bonus_income,2025-11-01,EJQE1RyrV3SqexJ3RjxgsgdVoyG5MkH4MEZz5,2025-11-01,-35.46,GBP,HEATHROW EXPRESS REF:TRAVEL
bonus_income,2025-11-01,EJQE1RyrV3SqexJ3RjxgsgdVoyG5MkH4MEZz5,2025-11-01,747.22,GBP,BACS PAYROLL PRIMARY-ACC REF:SALARY
bonus_income,2025-11-03,EJQE1RyrV3SqexJ3RjxgsgdVoyG5MkH4MEZz5,2025-11-03,-70.48,GBP,D/D SKY DIGITAL REF:SAT-992
bonus_income,2025-11-04,EJQE1RyrV3SqexJ3RjxgsgdVoyG5MkH4MEZz5,2025-11-04,-151.08,GBP,HARRODS LTD LONDON SW1
bonus_income,2025-11-05,EJQE1RyrV3SqexJ3RjxgsgdVoyG5MkH4MEZz5,2025-11-05,-39.63,GBP,HEATHROW EXPRESS REF:TRAVEL
bonus_income,2025-11-06,EJQE1RyrV3SqexJ3RjxgsgdVoyG5MkH4MEZz5,2025-11-06,-371.18,GBP,HARRODS LTD LONDON SW1
bonus_income,2025-11-08,EJQE1RyrV3SqexJ3RjxgsgdVoyG5MkH4MEZz5,2025-11-08,630.26,GBP,BACS PAYROLL PRIMARY-ACC REF:SALARY
bonus_income,2025-11-08,EJQE1RyrV3SqexJ3RjxgsgdVoyG5MkH4MEZz5,2025-11-08,522.47,GBP,BACS SALARY REF:WAGES
bonus_income,2025-11-12,EJQE1RyrV3SqexJ3RjxgsgdVoyG5MkH4MEZz5,2025-11-12,-379.4,GBP,HARRODS LTD LONDON SW1
bonus_income,2025-11-15,EJQE1RyrV3SqexJ3RjxgsgdVoyG5MkH4MEZz5,2025-11-15,805.55,GBP,BACS PAYROLL PRIMARY-ACC REF:SALARY
bonus_income,2025-11-15,EJQE1RyrV3SqexJ3RjxgsgdVoyG5MkH4MEZz5,2025-11-15,592.94,GBP,BACS SALARY REF:WAGES
bonus_income,2025-11-15,EJQE1RyrV3SqexJ3RjxgsgdVoyG5MkH4MEZz5,2025-11-15,-11.07,GBP,APPLE.COM/BILL REF:ICLOUD
bonus_income,2025-11-16,EJQE1RyrV3SqexJ3RjxgsgdVoyG5MkH4MEZz5,2025-11-16,-268.63,GBP,HARRODS LTD LONDON SW1
bonus_income,2025-11-16,EJQE1RyrV3SqexJ3RjxgsgdVoyG5MkH4MEZz5,2025-11-16,-162.28,GBP,HARRODS LTD LONDON SW1
bonus_income,2025-11-19,EJQE1RyrV3SqexJ3RjxgsgdVoyG5MkH4MEZz5,2025-11-19,-66.52,GBP,WAITROSE & PARTNERS LONDON SW1
bonus_income,2025-11-22,EJQE1RyrV3SqexJ3RjxgsgdVoyG5MkH4MEZz5,2025-11-22,-276.72,GBP,SELFRIDGES & CO LONDON
bonus_income,2025-11-22,EJQE1RyrV3SqexJ3RjxgsgdVoyG5MkH4MEZz5,2025-11-22,811.54,GBP,BACS SALARY REF:WAGES
bonus_income,2025-11-22,EJQE1RyrV3SqexJ3RjxgsgdVoyG5MkH4MEZz5,2025-11-22,-425.83,GBP,HARRODS LTD LONDON SW1
bonus_income,2025-11-22,EJQE1RyrV3SqexJ3RjxgsgdVoyG5MkH4MEZz5,2025-11-22,506.44,GBP,BACS PAYROLL PRIMARY-ACC REF:SALARY
bonus_income,2025-11-23,EJQE1RyrV3SqexJ3RjxgsgdVoyG5MkH4MEZz5,2025-11-23,-37.34,GBP,HEATHROW EXPRESS REF:TRAVEL
bonus_income,2025-11-26,EJQE1RyrV3SqexJ3RjxgsgdVoyG5MkH4MEZz5,2025-11-26,-266.33,GBP,HARRODS LTD LONDON SW1
bonus_income,2025-11-29,EJQE1RyrV3SqexJ3RjxgsgdVoyG5MkH4MEZz5,2025-11-29,767.93,GBP,BACS SALARY REF:WAGES
bonus_income,2025-11-29,EJQE1RyrV3SqexJ3RjxgsgdVoyG5MkH4MEZz5,2025-11-29,771.7,GBP,BACS PAYROLL PRIMARY-ACC REF:SALARY
bonus_income,2025-11-30,EJQE1RyrV3SqexJ3RjxgsgdVoyG5MkH4MEZz5,2025-11-30,-28.41,GBP,HEATHROW EXPRESS REF:TRAVEL
bonus_income,2025-12-01,EJQE1RyrV3SqexJ3RjxgsgdVoyG5MkH4MEZz5,2025-12-01,-457.93,GBP,BRITISH AIRWAYS REF:TKT-9921
bonus_income,2025-12-01,EJQE1RyrV3SqexJ3RjxgsgdVoyG5MkH4MEZz5,2025-12-01,583.22,GBP,BACS PAYROLL PRIMARY-ACC REF:SALARY
bonus_income,2025-12-01,EJQE1RyrV3SqexJ3RjxgsgdVoyG5MkH4MEZz5,2025-12-01,604.0,GBP,BACS SALARY REF:WAGES
bonus_income,2025-12-01,EJQE1RyrV3SqexJ3RjxgsgdVoyG5MkH4MEZz5,2025-12-01,-1606.91,GBP,D/D VIRGIN ATLANTIC REF:CC-PYMT
bonus_income,2025-12-03,EJQE1RyrV3SqexJ3RjxgsgdVoyG5MkH4MEZz5,2025-12-03,-66.09,GBP,D/D SKY DIGITAL REF:SAT-992
bonus_income,2025-12-08,EJQE1RyrV3SqexJ3RjxgsgdVoyG5MkH4MEZz5,2025-12-08,575.14,GBP,BACS SALARY REF:WAGES
bonus_income,2025-12-08,EJQE1RyrV3SqexJ3RjxgsgdVoyG5MkH4MEZz5,2025-12-08,722.44,GBP,BACS PAYROLL PRIMARY-ACC REF:SALARY
bonus_income,2025-12-09,EJQE1RyrV3SqexJ3RjxgsgdVoyG5MkH4MEZz5,2025-12-09,-309.85,GBP,SELFRIDGES & CO LONDON
bonus_income,2025-12-10,EJQE1RyrV3SqexJ3RjxgsgdVoyG5MkH4MEZz5,2025-12-10,-236.99,GBP,HARRODS LTD LONDON SW1
bonus_income,2025-12-13,EJQE1RyrV3SqexJ3RjxgsgdVoyG5MkH4MEZz5,2025-12-13,-371.5,GBP,SELFRIDGES & CO LONDON
bonus_income,2025-12-14,EJQE1RyrV3SqexJ3RjxgsgdVoyG5MkH4MEZz5,2025-12-14,-181.22,GBP,JOHN LEWIS PLC OXFORD ST
bonus_income,2025-12-14,EJQE1RyrV3SqexJ3RjxgsgdVoyG5MkH4MEZz5,2025-12-14,-349.01,GBP,SELFRIDGES & CO LONDON
bonus_income,2025-12-15,EJQE1RyrV3SqexJ3RjxgsgdVoyG5MkH4MEZz5,2025-12-15,-146.45,GBP,SELFRIDGES & CO LONDON
bonus_income,2025-12-15,EJQE1RyrV3SqexJ3RjxgsgdVoyG5MkH4MEZz5,2025-12-15,730.46,GBP,BACS PAYROLL PRIMARY-ACC REF:SALARY
bonus_income,2025-12-15,EJQE1RyrV3SqexJ3RjxgsgdVoyG5MkH4MEZz5,2025-12-15,576.38,GBP,BACS SALARY REF:WAGES
bonus_income,2025-12-15,EJQE1RyrV3SqexJ3RjxgsgdVoyG5MkH4MEZz5,2025-12-15,-8.45,GBP,APPLE.COM/BILL REF:ICLOUD
bonus_income,2025-12-17,EJQE1RyrV3SqexJ3RjxgsgdVoyG5MkH4MEZz5,2025-12-17,-274.02,GBP,HARRODS LTD LONDON SW1
bonus_income,2025-12-19,EJQE1RyrV3SqexJ3RjxgsgdVoyG5MkH4MEZz5,2025-12-19,-48.11,GBP,WAITROSE & PARTNERS LONDON SW1
bonus_income,2025-12-19,EJQE1RyrV3SqexJ3RjxgsgdVoyG5MkH4MEZz5,2025-12-19,-52.67,GBP,JOHN LEWIS PLC OXFORD ST
bonus_income,2025-12-22,EJQE1RyrV3SqexJ3RjxgsgdVoyG5MkH4MEZz5,2025-12-22,764.2,GBP,BACS SALARY REF:WAGES
bonus_income,2025-12-22,EJQE1RyrV3SqexJ3RjxgsgdVoyG5MkH4MEZz5,2025-12-22,787.73,GBP,BACS PAYROLL PRIMARY-ACC REF:SALARY
bonus_income,2025-12-23,EJQE1RyrV3SqexJ3RjxgsgdVoyG5MkH4MEZz5,2025-12-23,-164.53,GBP,JOHN LEWIS PLC OXFORD ST
bonus_income,2025-12-28,EJQE1RyrV3SqexJ3RjxgsgdVoyG5MkH4MEZz5,2025-12-28,-36.17,GBP,HEATHROW EXPRESS REF:TRAVEL
bonus_income,2025-12-29,EJQE1RyrV3SqexJ3RjxgsgdVoyG5MkH4MEZz5,2025-12-29,684.9,GBP,BACS SALARY REF:WAGES
bonus_income,2025-12-29,EJQE1RyrV3SqexJ3RjxgsgdVoyG5MkH4MEZz5,2025-12-29,483.84,GBP,BACS PAYROLL PRIMARY-ACC REF:SALARY
bonus_income,2026-01-01,EJQE1RyrV3SqexJ3RjxgsgdVoyG5MkH4MEZz5,2026-01-01,829.35,GBP,BACS SALARY REF:WAGES
bonus_income,2026-01-01,EJQE1RyrV3SqexJ3RjxgsgdVoyG5MkH4MEZz5,2026-01-01,-1492.61,GBP,D/D VIRGIN ATLANTIC REF:CC-PYMT
bonus_income,2026-01-01,EJQE1RyrV3SqexJ3RjxgsgdVoyG5MkH4MEZz5,2026-01-01,565.34,GBP,BACS PAYROLL PRIMARY-ACC REF:SALARY
bonus_income,2026-01-03,EJQE1RyrV3SqexJ3RjxgsgdVoyG5MkH4MEZz5,2026-01-03,-74.35,GBP,D/D SKY DIGITAL REF:SAT-992
bonus_income,2026-01-05,EJQE1RyrV3SqexJ3RjxgsgdVoyG5MkH4MEZz5,2026-01-05,-182.53,GBP,HARRODS LTD LONDON SW1
bonus_income,2026-01-06,EJQE1RyrV3SqexJ3RjxgsgdVoyG5MkH4MEZz5,2026-01-06,-237.17,GBP,BRITISH AIRWAYS REF:TKT-9921
bonus_income,2026-01-07,EJQE1RyrV3SqexJ3RjxgsgdVoyG5MkH4MEZz5,2026-01-07,-75.43,GBP,WAITROSE & PARTNERS LONDON SW1
bonus_income,2026-01-08,EJQE1RyrV3SqexJ3RjxgsgdVoyG5MkH4MEZz5,2026-01-08,-194.88,GBP,HARRODS LTD LONDON SW1
bonus_income,2026-01-08,EJQE1RyrV3SqexJ3RjxgsgdVoyG5MkH4MEZz5,2026-01-08,492.54,GBP,BACS SALARY REF:WAGES
bonus_income,2026-01-08,EJQE1RyrV3SqexJ3RjxgsgdVoyG5MkH4MEZz5,2026-01-08,771.79,GBP,BACS PAYROLL PRIMARY-ACC REF:SALARY
bonus_income,2026-01-12,EJQE1RyrV3SqexJ3RjxgsgdVoyG5MkH4MEZz5,2026-01-12,-72.16,GBP,WAITROSE & PARTNERS LONDON SW1
bonus_income,2026-01-12,EJQE1RyrV3SqexJ3RjxgsgdVoyG5MkH4MEZz5,2026-01-12,-91.93,GBP,WAITROSE & PARTNERS LONDON SW1
bonus_income,2026-01-14,EJQE1RyrV3SqexJ3RjxgsgdVoyG5MkH4MEZz5,2026-01-14,-105.78,GBP,WAITROSE & PARTNERS LONDON SW1
bonus_income,2026-01-15,EJQE1RyrV3SqexJ3RjxgsgdVoyG5MkH4MEZz5,2026-01-15,468.35,GBP,BACS SALARY REF:WAGES
bonus_income,2026-01-15,EJQE1RyrV3SqexJ3RjxgsgdVoyG5MkH4MEZz5,2026-01-15,497.81,GBP,BACS PAYROLL PRIMARY-ACC REF:SALARY
bonus_income,2026-01-15,EJQE1RyrV3SqexJ3RjxgsgdVoyG5MkH4MEZz5,2026-01-15,4908.67,GBP,BACS Q1 BONUS REF:PERF-26
bonus_income,2026-01-15,EJQE1RyrV3SqexJ3RjxgsgdVoyG5MkH4MEZz5,2026-01-15,-10.28,GBP,APPLE.COM/BILL REF:ICLOUD
bonus_income,2026-01-16,EJQE1RyrV3SqexJ3RjxgsgdVoyG5MkH4MEZz5,2026-01-16,-94.52,GBP,WAITROSE & PARTNERS LONDON SW1
bonus_income,2026-01-21,EJQE1RyrV3SqexJ3RjxgsgdVoyG5MkH4MEZz5,2026-01-21,-61.55,GBP,WAITROSE & PARTNERS LONDON SW1
bonus_income,2026-01-22,EJQE1RyrV3SqexJ3RjxgsgdVoyG5MkH4MEZz5,2026-01-22,658.12,GBP,BACS PAYROLL PRIMARY-ACC REF:SALARY
bonus_income,2026-01-22,EJQE1RyrV3SqexJ3RjxgsgdVoyG5MkH4MEZz5,2026-01-22,546.06,GBP,BACS SALARY REF:WAGES
bonus_income,2026-01-29,EJQE1RyrV3SqexJ3RjxgsgdVoyG5MkH4MEZz5,2026-01-29,806.96,GBP,BACS PAYROLL PRIMARY-ACC REF:SALARY
bonus_income,2026-01-29,EJQE1RyrV3SqexJ3RjxgsgdVoyG5MkH4MEZz5,2026-01-29,636.97,GBP,BACS SALARY REF:WAGES
bonus_income,2026-01-30,EJQE1RyrV3SqexJ3RjxgsgdVoyG5MkH4MEZz5,2026-01-30,-546.19,GBP,BRITISH AIRWAYS REF:TKT-9921
bonus_income,2026-02-01,EJQE1RyrV3SqexJ3RjxgsgdVoyG5MkH4MEZz5,2026-02-01,702.09,GBP,BACS SALARY REF:WAGES
bonus_income,2026-02-01,EJQE1RyrV3SqexJ3RjxgsgdVoyG5MkH4MEZz5,2026-02-01,-1472.08,GBP,D/D VIRGIN ATLANTIC REF:CC-PYMT
bonus_income,2026-02-01,EJQE1RyrV3SqexJ3RjxgsgdVoyG5MkH4MEZz5,2026-02-01,686.44,GBP,BACS PAYROLL PRIMARY-ACC REF:SALARY
bonus_income,2026-02-02,EJQE1RyrV3SqexJ3RjxgsgdVoyG5MkH4MEZz5,2026-02-02,-345.22,GBP,HARRODS LTD LONDON SW1
bonus_income,2026-02-03,EJQE1RyrV3SqexJ3RjxgsgdVoyG5MkH4MEZz5,2026-02-03,-71.1,GBP,D/D SKY DIGITAL REF:SAT-992
bonus_income,2026-02-04,EJQE1RyrV3SqexJ3RjxgsgdVoyG5MkH4MEZz5,2026-02-04,-46.88,GBP,WAITROSE & PARTNERS LONDON SW1
bonus_income,2026-02-07,EJQE1RyrV3SqexJ3RjxgsgdVoyG5MkH4MEZz5,2026-02-07,-185.97,GBP,HARRODS LTD LONDON SW1
bonus_income,2026-02-08,EJQE1RyrV3SqexJ3RjxgsgdVoyG5MkH4MEZz5,2026-02-08,490.61,GBP,BACS SALARY REF:WAGES
bonus_income,2026-02-08,EJQE1RyrV3SqexJ3RjxgsgdVoyG5MkH4MEZz5,2026-02-08,756.06,GBP,BACS PAYROLL PRIMARY-ACC REF:SALARY
bonus_income,2026-02-12,EJQE1RyrV3SqexJ3RjxgsgdVoyG5MkH4MEZz5,2026-02-12,-92.14,GBP,SELFRIDGES & CO LONDON
bonus_income,2026-02-15,EJQE1RyrV3SqexJ3RjxgsgdVoyG5MkH4MEZz5,2026-02-15,-101.89,GBP,WAITROSE & PARTNERS LONDON SW1
bonus_income,2026-02-15,EJQE1RyrV3SqexJ3RjxgsgdVoyG5MkH4MEZz5,2026-02-15,578.27,GBP,BACS PAYROLL PRIMARY-ACC REF:SALARY
bonus_income,2026-02-15,EJQE1RyrV3SqexJ3RjxgsgdVoyG5MkH4MEZz5,2026-02-15,-10.71,GBP,APPLE.COM/BILL REF:ICLOUD
bonus_income,2026-02-15,EJQE1RyrV3SqexJ3RjxgsgdVoyG5MkH4MEZz5,2026-02-15,672.22,GBP,BACS SALARY REF:WAGES
bonus_income,2026-02-17,EJQE1RyrV3SqexJ3RjxgsgdVoyG5MkH4MEZz5,2026-02-17,-34.97,GBP,HEATHROW EXPRESS REF:TRAVEL
bonus_income,2026-02-18,EJQE1RyrV3SqexJ3RjxgsgdVoyG5MkH4MEZz5,2026-02-18,-294.5,GBP,SELFRIDGES & CO LONDON
bonus_income,2026-02-18,EJQE1RyrV3SqexJ3RjxgsgdVoyG5MkH4MEZz5,2026-02-18,-181.63,GBP,JOHN LEWIS PLC OXFORD ST
bonus_income,2026-02-19,EJQE1RyrV3SqexJ3RjxgsgdVoyG5MkH4MEZz5,2026-02-19,-223.09,GBP,SELFRIDGES & CO LONDON
bonus_income,2026-02-20,EJQE1RyrV3SqexJ3RjxgsgdVoyG5MkH4MEZz5,2026-02-20,-33.53,GBP,HEATHROW EXPRESS REF:TRAVEL
bonus_income,2026-02-21,EJQE1RyrV3SqexJ3RjxgsgdVoyG5MkH4MEZz5,2026-02-21,-27.1,GBP,HEATHROW EXPRESS REF:TRAVEL
bonus_income,2026-02-22,EJQE1RyrV3SqexJ3RjxgsgdVoyG5MkH4MEZz5,2026-02-22,601.56,GBP,BACS PAYROLL PRIMARY-ACC REF:SALARY
bonus_income,2026-02-22,EJQE1RyrV3SqexJ3RjxgsgdVoyG5MkH4MEZz5,2026-02-22,572.57,GBP,BACS SALARY REF:WAGES
bonus_income,2026-02-27,EJQE1RyrV3SqexJ3RjxgsgdVoyG5MkH4MEZz5,2026-02-27,-230.39,GBP,BRITISH AIRWAYS REF:TKT-9921
bonus_income,2026-03-21,EJQE1RyrV3SqexJ3RjxgsgdVoyG5MkH4MEZz5,2026-03-21,500.0,GBP,BACS PAYROLL PRIMARY-ACC REF:SALARY
bonus_income,2026-03-21,EJQE1RyrV3SqexJ3RjxgsgdVoyG5MkH4MEZz5,2026-03-21,504.0,GBP,BACS SALARY REF:WAGES
bonus_income,2026-03-22,DMXyaza1VkU9z47Ay5zJtwJnrapoV1C3oRL71,2026-03-22,500.0,GBP,BACS PAYROLL PRIMARY-ACC REF:SALARY
bonus_income,2026-03-22,DMXyaza1VkU9z47Ay5zJtwJnrapoV1C3oRL71,2026-03-22,504.0,GBP,BACS SALARY REF:WAGES
bonus_income,2026-03-28,EJQE1RyrV3SqexJ3RjxgsgdVoyG5MkH4MEZz5,2026-03-28,500.0,GBP,BACS PAYROLL PRIMARY-ACC REF:SALARY
bonus_income,2026-03-28,EJQE1RyrV3SqexJ3RjxgsgdVoyG5MkH4MEZz5,2026-03-28,800.0,GBP,BACS PAYROLL PRIMARY-ACC REF:SALARY
bonus_income,2026-03-28,EJQE1RyrV3SqexJ3RjxgsgdVoyG5MkH4MEZz5,2026-03-28,461.0,GBP,BACS SALARY REF:WAGES
bonus_income,2026-03-29,DMXyaza1VkU9z47Ay5zJtwJnrapoV1C3oRL71,2026-03-29,800.0,GBP,BACS PAYROLL PRIMARY-ACC REF:SALARY
bonus_income,2026-03-29,DMXyaza1VkU9z47Ay5zJtwJnrapoV1C3oRL71,2026-03-29,500.0,GBP,BACS PAYROLL PRIMARY-ACC REF:SALARY
bonus_income,2026-03-29,DMXyaza1VkU9z47Ay5zJtwJnrapoV1C3oRL71,2026-03-29,461.0,GBP,BACS SALARY REF:WAGES
bonus_income,2026-04-04,EJQE1RyrV3SqexJ3RjxgsgdVoyG5MkH4MEZz5,2026-04-04,500.0,GBP,BACS PAYROLL PRIMARY-ACC REF:SALARY
bonus_income,2026-04-04,EJQE1RyrV3SqexJ3RjxgsgdVoyG5MkH4MEZz5,2026-04-04,559.0,GBP,BACS SALARY REF:WAGES
bonus_income,2026-04-05,DMXyaza1VkU9z47Ay5zJtwJnrapoV1C3oRL71,2026-04-05,559.0,GBP,BACS SALARY REF:WAGES
bonus_income,2026-04-05,DMXyaza1VkU9z47Ay5zJtwJnrapoV1C3oRL71,2026-04-05,500.0,GBP,BACS PAYROLL PRIMARY-ACC REF:SALARY
bonus_income,2026-04-11,EJQE1RyrV3SqexJ3RjxgsgdVoyG5MkH4MEZz5,2026-04-11,500.0,GBP,BACS PAYROLL PRIMARY-ACC REF:SALARY
bonus_income,2026-04-11,EJQE1RyrV3SqexJ3RjxgsgdVoyG5MkH4MEZz5,2026-04-11,1316.0,GBP,BACS SALARY REF:WAGES
bonus_income,2026-04-12,DMXyaza1VkU9z47Ay5zJtwJnrapoV1C3oRL71,2026-04-12,500.0,GBP,BACS PAYROLL PRIMARY-ACC REF:SALARY
bonus_income,2026-04-12,DMXyaza1VkU9z47Ay5zJtwJnrapoV1C3oRL71,2026-04-12,1316.0,GBP,BACS SALARY REF:WAGES
bonus_income,2026-04-18,EJQE1RyrV3SqexJ3RjxgsgdVoyG5MkH4MEZz5,2026-04-18,888.0,GBP,BACS SALARY REF:WAGES
bonus_income,2026-04-18,EJQE1RyrV3SqexJ3RjxgsgdVoyG5MkH4MEZz5,2026-04-18,500.0,GBP,BACS PAYROLL PRIMARY-ACC REF:SALARY
broad_income_mix,2025-11-01,AM9BNWlrD1S1LEE43lL6HazMEQK9lyf9Mej8n,2025-11-01,780.52,GBP,DWP PIP REF:XXXXX-DISABLE
broad_income_mix,2025-11-01,AM9BNWlrD1S1LEE43lL6HazMEQK9lyf9Mej8n,2025-11-01,1030.15,GBP,BACS PAYROLL PRIMARY-ACC REF:SALARY
broad_income_mix,2025-11-01,AM9BNWlrD1S1LEE43lL6HazMEQK9lyf9Mej8n,2025-11-01,5.59,GBP,INT PAY REF:ANNUAL SUMMARY
broad_income_mix,2025-11-01,AM9BNWlrD1S1LEE43lL6HazMEQK9lyf9Mej8n,2025-11-01,831.94,GBP,DWP UC REF:XXXXXX773X
broad_income_mix,2025-11-01,AM9BNWlrD1S1LEE43lL6HazMEQK9lyf9Mej8n,2025-11-01,-133.39,GBP,D/D COUNCIL TAX BRISTOL
broad_income_mix,2025-11-03,AM9BNWlrD1S1LEE43lL6HazMEQK9lyf9Mej8n,2025-11-03,-44.42,GBP,D/D THAMES WATER REF:XXXXX-H2O
broad_income_mix,2025-11-05,AM9BNWlrD1S1LEE43lL6HazMEQK9lyf9Mej8n,2025-11-05,-79.78,GBP,D/D BRITISH GAS REF:XXXXX-GAS
broad_income_mix,2025-11-05,AM9BNWlrD1S1LEE43lL6HazMEQK9lyf9Mej8n,2025-11-05,736.13,GBP,DWP SP PENSION REF:XXXXX992
broad_income_mix,2025-11-06,AM9BNWlrD1S1LEE43lL6HazMEQK9lyf9Mej8n,2025-11-06,-49.64,GBP,ARGOS LTD LONDON
broad_income_mix,2025-11-06,AM9BNWlrD1S1LEE43lL6HazMEQK9lyf9Mej8n,2025-11-06,-21.78,GBP,BOOTS THE CHEMIST NOTTINGHAM
broad_income_mix,2025-11-07,AM9BNWlrD1S1LEE43lL6HazMEQK9lyf9Mej8n,2025-11-07,-10.54,GBP,AMAZON PRIME DES:MEMBERSHIP
broad_income_mix,2025-11-08,AM9BNWlrD1S1LEE43lL6HazMEQK9lyf9Mej8n,2025-11-08,-27.18,GBP,D/D O2 MOBILE REF:XXXXX-99
broad_income_mix,2025-11-08,AM9BNWlrD1S1LEE43lL6HazMEQK9lyf9Mej8n,2025-11-08,1462.18,GBP,AIRBNB PAYMENTS GB REF:INV-901
broad_income_mix,2025-11-08,AM9BNWlrD1S1LEE43lL6HazMEQK9lyf9Mej8n,2025-11-08,494.53,GBP,DWP JSA REF:XXXXX-JSA01
broad_income_mix,2025-11-08,AM9BNWlrD1S1LEE43lL6HazMEQK9lyf9Mej8n,2025-11-08,121.68,GBP,HMRC CHB REF:CHB12345678
broad_income_mix,2025-11-10,AM9BNWlrD1S1LEE43lL6HazMEQK9lyf9Mej8n,2025-11-10,139.06,GBP,DELIVEROO COURIER EARNINGS
broad_income_mix,2025-11-12,AM9BNWlrD1S1LEE43lL6HazMEQK9lyf9Mej8n,2025-11-12,-32.67,GBP,ARGOS LTD LONDON
broad_income_mix,2025-11-13,AM9BNWlrD1S1LEE43lL6HazMEQK9lyf9Mej8n,2025-11-13,-13.94,GBP,SAINSBURYS S/MKT LONDON SE1
broad_income_mix,2025-11-14,AM9BNWlrD1S1LEE43lL6HazMEQK9lyf9Mej8n,2025-11-14,-39.51,GBP,SAINSBURYS S/MKT LONDON SE1
broad_income_mix,2025-11-15,AM9BNWlrD1S1LEE43lL6HazMEQK9lyf9Mej8n,2025-11-15,1019.8,GBP,BACS PAYROLL PRIMARY-ACC REF:SALARY
broad_income_mix,2025-11-15,AM9BNWlrD1S1LEE43lL6HazMEQK9lyf9Mej8n,2025-11-15,802.26,GBP,DWP UC REF:XXXXXX773X
broad_income_mix,2025-11-15,AM9BNWlrD1S1LEE43lL6HazMEQK9lyf9Mej8n,2025-11-15,-11.44,GBP,BOOTS THE CHEMIST NOTTINGHAM
broad_income_mix,2025-11-15,AM9BNWlrD1S1LEE43lL6HazMEQK9lyf9Mej8n,2025-11-15,-37.74,GBP,SAINSBURYS S/MKT LONDON SE1
broad_income_mix,2025-11-17,AM9BNWlrD1S1LEE43lL6HazMEQK9lyf9Mej8n,2025-11-17,-65.76,GBP,SAINSBURYS S/MKT LONDON SE1
broad_income_mix,2025-11-20,AM9BNWlrD1S1LEE43lL6HazMEQK9lyf9Mej8n,2025-11-20,-27.91,GBP,ARGOS LTD LONDON
broad_income_mix,2025-11-22,AM9BNWlrD1S1LEE43lL6HazMEQK9lyf9Mej8n,2025-11-22,-15.67,GBP,SAINSBURYS S/MKT LONDON SE1
broad_income_mix,2025-11-22,AM9BNWlrD1S1LEE43lL6HazMEQK9lyf9Mej8n,2025-11-22,511.22,GBP,DWP JSA REF:XXXXX-JSA01
broad_income_mix,2025-11-25,AM9BNWlrD1S1LEE43lL6HazMEQK9lyf9Mej8n,2025-11-25,136.96,GBP,DELIVEROO COURIER EARNINGS
broad_income_mix,2025-11-25,AM9BNWlrD1S1LEE43lL6HazMEQK9lyf9Mej8n,2025-11-25,119.21,GBP,HMRC CHB REF:CHB12345678
broad_income_mix,2025-11-26,AM9BNWlrD1S1LEE43lL6HazMEQK9lyf9Mej8n,2025-11-26,-29.73,GBP,SAINSBURYS S/MKT LONDON SE1
broad_income_mix,2025-11-29,AM9BNWlrD1S1LEE43lL6HazMEQK9lyf9Mej8n,2025-11-29,-30.5,GBP,SAINSBURYS S/MKT LONDON SE1
broad_income_mix,2025-12-01,AM9BNWlrD1S1LEE43lL6HazMEQK9lyf9Mej8n,2025-12-01,5.77,GBP,INT PAY REF:ANNUAL SUMMARY
broad_income_mix,2025-12-01,AM9BNWlrD1S1LEE43lL6HazMEQK9lyf9Mej8n,2025-12-01,986.31,GBP,BACS PAYROLL PRIMARY-ACC REF:SALARY
broad_income_mix,2025-12-01,AM9BNWlrD1S1LEE43lL6HazMEQK9lyf9Mej8n,2025-12-01,746.01,GBP,DWP PIP REF:XXXXX-DISABLE
broad_income_mix,2025-12-01,AM9BNWlrD1S1LEE43lL6HazMEQK9lyf9Mej8n,2025-12-01,-133.17,GBP,D/D COUNCIL TAX BRISTOL
broad_income_mix,2025-12-01,AM9BNWlrD1S1LEE43lL6HazMEQK9lyf9Mej8n,2025-12-01,817.44,GBP,DWP UC REF:XXXXXX773X
broad_income_mix,2025-12-02,AM9BNWlrD1S1LEE43lL6HazMEQK9lyf9Mej8n,2025-12-02,-37.6,GBP,SAINSBURYS S/MKT LONDON SE1
broad_income_mix,2025-12-03,AM9BNWlrD1S1LEE43lL6HazMEQK9lyf9Mej8n,2025-12-03,-46.14,GBP,D/D THAMES WATER REF:XXXXX-H2O
broad_income_mix,2025-12-05,AM9BNWlrD1S1LEE43lL6HazMEQK9lyf9Mej8n,2025-12-05,-87.44,GBP,D/D BRITISH GAS REF:XXXXX-GAS
broad_income_mix,2025-12-05,AM9BNWlrD1S1LEE43lL6HazMEQK9lyf9Mej8n,2025-12-05,-29.42,GBP,BOOTS THE CHEMIST NOTTINGHAM
broad_income_mix,2025-12-05,AM9BNWlrD1S1LEE43lL6HazMEQK9lyf9Mej8n,2025-12-05,709.24,GBP,DWP SP PENSION REF:XXXXX992
broad_income_mix,2025-12-06,AM9BNWlrD1S1LEE43lL6HazMEQK9lyf9Mej8n,2025-12-06,-10.01,GBP,BOOTS THE CHEMIST NOTTINGHAM
broad_income_mix,2025-12-07,AM9BNWlrD1S1LEE43lL6HazMEQK9lyf9Mej8n,2025-12-07,-13.43,GBP,SAINSBURYS S/MKT LONDON SE1
broad_income_mix,2025-12-08,AM9BNWlrD1S1LEE43lL6HazMEQK9lyf9Mej8n,2025-12-08,-17.67,GBP,SAINSBURYS S/MKT LONDON SE1
broad_income_mix,2025-12-08,AM9BNWlrD1S1LEE43lL6HazMEQK9lyf9Mej8n,2025-12-08,-25.97,GBP,D/D O2 MOBILE REF:XXXXX-99
broad_income_mix,2025-12-08,AM9BNWlrD1S1LEE43lL6HazMEQK9lyf9Mej8n,2025-12-08,1525.33,GBP,AIRBNB PAYMENTS GB REF:INV-901
broad_income_mix,2025-12-08,AM9BNWlrD1S1LEE43lL6HazMEQK9lyf9Mej8n,2025-12-08,509.92,GBP,DWP JSA REF:XXXXX-JSA01
broad_income_mix,2025-12-08,AM9BNWlrD1S1LEE43lL6HazMEQK9lyf9Mej8n,2025-12-08,115.8,GBP,HMRC CHB REF:CHB12345678
broad_income_mix,2025-12-09,AM9BNWlrD1S1LEE43lL6HazMEQK9lyf9Mej8n,2025-12-09,-61.12,GBP,ARGOS LTD LONDON
broad_income_mix,2025-12-09,AM9BNWlrD1S1LEE43lL6HazMEQK9lyf9Mej8n,2025-12-09,-41.1,GBP,SAINSBURYS S/MKT LONDON SE1
broad_income_mix,2025-12-10,AM9BNWlrD1S1LEE43lL6HazMEQK9lyf9Mej8n,2025-12-10,873.58,GBP,HMRC TAX REFUND REF:P60-XXXXX
broad_income_mix,2025-12-10,AM9BNWlrD1S1LEE43lL6HazMEQK9lyf9Mej8n,2025-12-10,136.0,GBP,DELIVEROO COURIER EARNINGS
broad_income_mix,2025-12-12,AM9BNWlrD1S1LEE43lL6HazMEQK9lyf9Mej8n,2025-12-12,-9.84,GBP,BOOTS THE CHEMIST NOTTINGHAM
broad_income_mix,2025-12-14,AM9BNWlrD1S1LEE43lL6HazMEQK9lyf9Mej8n,2025-12-14,-43.57,GBP,SAINSBURYS S/MKT LONDON SE1
broad_income_mix,2025-12-15,AM9BNWlrD1S1LEE43lL6HazMEQK9lyf9Mej8n,2025-12-15,849.63,GBP,DWP UC REF:XXXXXX773X
broad_income_mix,2025-12-15,AM9BNWlrD1S1LEE43lL6HazMEQK9lyf9Mej8n,2025-12-15,1013.26,GBP,BACS PAYROLL PRIMARY-ACC REF:SALARY
broad_income_mix,2025-12-18,AM9BNWlrD1S1LEE43lL6HazMEQK9lyf9Mej8n,2025-12-18,-21.6,GBP,SAINSBURYS S/MKT LONDON SE1
broad_income_mix,2025-12-22,AM9BNWlrD1S1LEE43lL6HazMEQK9lyf9Mej8n,2025-12-22,-55.87,GBP,SAINSBURYS S/MKT LONDON SE1
broad_income_mix,2025-12-22,AM9BNWlrD1S1LEE43lL6HazMEQK9lyf9Mej8n,2025-12-22,487.93,GBP,DWP JSA REF:XXXXX-JSA01
broad_income_mix,2025-12-23,AM9BNWlrD1S1LEE43lL6HazMEQK9lyf9Mej8n,2025-12-23,-36.0,GBP,SAINSBURYS S/MKT LONDON SE1
broad_income_mix,2025-12-23,AM9BNWlrD1S1LEE43lL6HazMEQK9lyf9Mej8n,2025-12-23,-18.38,GBP,BOOTS THE CHEMIST NOTTINGHAM
broad_income_mix,2025-12-25,AM9BNWlrD1S1LEE43lL6HazMEQK9lyf9Mej8n,2025-12-25,120.71,GBP,HMRC CHB REF:CHB12345678
broad_income_mix,2025-12-25,AM9BNWlrD1S1LEE43lL6HazMEQK9lyf9Mej8n,2025-12-25,140.12,GBP,DELIVEROO COURIER EARNINGS
broad_income_mix,2025-12-27,AM9BNWlrD1S1LEE43lL6HazMEQK9lyf9Mej8n,2025-12-27,-31.0,GBP,SAINSBURYS S/MKT LONDON SE1
broad_income_mix,2026-01-01,AM9BNWlrD1S1LEE43lL6HazMEQK9lyf9Mej8n,2026-01-01,759.68,GBP,DWP PIP REF:XXXXX-DISABLE
broad_income_mix,2026-01-01,AM9BNWlrD1S1LEE43lL6HazMEQK9lyf9Mej8n,2026-01-01,-132.06,GBP,D/D COUNCIL TAX BRISTOL
broad_income_mix,2026-01-01,AM9BNWlrD1S1LEE43lL6HazMEQK9lyf9Mej8n,2026-01-01,833.84,GBP,DWP UC REF:XXXXXX773X
broad_income_mix,2026-01-01,AM9BNWlrD1S1LEE43lL6HazMEQK9lyf9Mej8n,2026-01-01,978.15,GBP,BACS PAYROLL PRIMARY-ACC REF:SALARY
broad_income_mix,2026-01-01,AM9BNWlrD1S1LEE43lL6HazMEQK9lyf9Mej8n,2026-01-01,5.83,GBP,INT PAY REF:ANNUAL SUMMARY
broad_income_mix,2026-01-03,AM9BNWlrD1S1LEE43lL6HazMEQK9lyf9Mej8n,2026-01-03,-42.24,GBP,D/D THAMES WATER REF:XXXXX-H2O
broad_income_mix,2026-01-05,AM9BNWlrD1S1LEE43lL6HazMEQK9lyf9Mej8n,2026-01-05,724.02,GBP,DWP SP PENSION REF:XXXXX992
broad_income_mix,2026-01-05,AM9BNWlrD1S1LEE43lL6HazMEQK9lyf9Mej8n,2026-01-05,-77.41,GBP,ARGOS LTD LONDON
broad_income_mix,2026-01-05,AM9BNWlrD1S1LEE43lL6HazMEQK9lyf9Mej8n,2026-01-05,-63.07,GBP,D/D BRITISH GAS REF:XXXXX-GAS
broad_income_mix,2026-01-08,AM9BNWlrD1S1LEE43lL6HazMEQK9lyf9Mej8n,2026-01-08,1424.3,GBP,AIRBNB PAYMENTS GB REF:INV-901
broad_income_mix,2026-01-08,AM9BNWlrD1S1LEE43lL6HazMEQK9lyf9Mej8n,2026-01-08,-19.42,GBP,D/D O2 MOBILE REF:XXXXX-99
broad_income_mix,2026-01-08,AM9BNWlrD1S1LEE43lL6HazMEQK9lyf9Mej8n,2026-01-08,511.33,GBP,DWP JSA REF:XXXXX-JSA01
broad_income_mix,2026-01-08,AM9BNWlrD1S1LEE43lL6HazMEQK9lyf9Mej8n,2026-01-08,116.81,GBP,HMRC CHB REF:CHB12345678
broad_income_mix,2026-01-10,AM9BNWlrD1S1LEE43lL6HazMEQK9lyf9Mej8n,2026-01-10,-73.78,GBP,ARGOS LTD LONDON
broad_income_mix,2026-01-10,AM9BNWlrD1S1LEE43lL6HazMEQK9lyf9Mej8n,2026-01-10,148.27,GBP,DELIVEROO COURIER EARNINGS
broad_income_mix,2026-01-11,AM9BNWlrD1S1LEE43lL6HazMEQK9lyf9Mej8n,2026-01-11,-30.08,GBP,ARGOS LTD LONDON
broad_income_mix,2026-01-11,AM9BNWlrD1S1LEE43lL6HazMEQK9lyf9Mej8n,2026-01-11,-56.08,GBP,SAINSBURYS S/MKT LONDON SE1
broad_income_mix,2026-01-13,AM9BNWlrD1S1LEE43lL6HazMEQK9lyf9Mej8n,2026-01-13,-77.9,GBP,ARGOS LTD LONDON
broad_income_mix,2026-01-15,AM9BNWlrD1S1LEE43lL6HazMEQK9lyf9Mej8n,2026-01-15,1037.74,GBP,BACS PAYROLL PRIMARY-ACC REF:SALARY
broad_income_mix,2026-01-15,AM9BNWlrD1S1LEE43lL6HazMEQK9lyf9Mej8n,2026-01-15,-61.06,GBP,SAINSBURYS S/MKT LONDON SE1
broad_income_mix,2026-01-15,AM9BNWlrD1S1LEE43lL6HazMEQK9lyf9Mej8n,2026-01-15,809.23,GBP,DWP UC REF:XXXXXX773X
broad_income_mix,2026-01-17,AM9BNWlrD1S1LEE43lL6HazMEQK9lyf9Mej8n,2026-01-17,-40.31,GBP,SAINSBURYS S/MKT LONDON SE1
broad_income_mix,2026-01-17,AM9BNWlrD1S1LEE43lL6HazMEQK9lyf9Mej8n,2026-01-17,-57.16,GBP,SAINSBURYS S/MKT LONDON SE1
broad_income_mix,2026-01-20,AM9BNWlrD1S1LEE43lL6HazMEQK9lyf9Mej8n,2026-01-20,-13.17,GBP,BOOTS THE CHEMIST NOTTINGHAM
broad_income_mix,2026-01-21,AM9BNWlrD1S1LEE43lL6HazMEQK9lyf9Mej8n,2026-01-21,-18.07,GBP,SAINSBURYS S/MKT LONDON SE1
broad_income_mix,2026-01-22,AM9BNWlrD1S1LEE43lL6HazMEQK9lyf9Mej8n,2026-01-22,496.93,GBP,DWP JSA REF:XXXXX-JSA01
broad_income_mix,2026-01-25,AM9BNWlrD1S1LEE43lL6HazMEQK9lyf9Mej8n,2026-01-25,136.66,GBP,DELIVEROO COURIER EARNINGS
broad_income_mix,2026-01-25,AM9BNWlrD1S1LEE43lL6HazMEQK9lyf9Mej8n,2026-01-25,120.71,GBP,HMRC CHB REF:CHB12345678
broad_income_mix,2026-01-25,AM9BNWlrD1S1LEE43lL6HazMEQK9lyf9Mej8n,2026-01-25,-32.08,GBP,BOOTS THE CHEMIST NOTTINGHAM
broad_income_mix,2026-01-28,AM9BNWlrD1S1LEE43lL6HazMEQK9lyf9Mej8n,2026-01-28,-42.99,GBP,ARGOS LTD LONDON
broad_income_mix,2026-01-30,AM9BNWlrD1S1LEE43lL6HazMEQK9lyf9Mej8n,2026-01-30,-24.75,GBP,SAINSBURYS S/MKT LONDON SE1
broad_income_mix,2026-02-01,AM9BNWlrD1S1LEE43lL6HazMEQK9lyf9Mej8n,2026-02-01,-120.71,GBP,D/D COUNCIL TAX BRISTOL
broad_income_mix,2026-02-01,AM9BNWlrD1S1LEE43lL6HazMEQK9lyf9Mej8n,2026-02-01,717.75,GBP,DWP PIP REF:XXXXX-DISABLE
broad_income_mix,2026-02-01,AM9BNWlrD1S1LEE43lL6HazMEQK9lyf9Mej8n,2026-02-01,843.8,GBP,DWP UC REF:XXXXXX773X
broad_income_mix,2026-02-01,AM9BNWlrD1S1LEE43lL6HazMEQK9lyf9Mej8n,2026-02-01,975.36,GBP,BACS PAYROLL PRIMARY-ACC REF:SALARY
broad_income_mix,2026-02-01,AM9BNWlrD1S1LEE43lL6HazMEQK9lyf9Mej8n,2026-02-01,4.83,GBP,INT PAY REF:ANNUAL SUMMARY
broad_income_mix,2026-02-03,AM9BNWlrD1S1LEE43lL6HazMEQK9lyf9Mej8n,2026-02-03,-46.58,GBP,D/D THAMES WATER REF:XXXXX-H2O
broad_income_mix,2026-02-03,AM9BNWlrD1S1LEE43lL6HazMEQK9lyf9Mej8n,2026-02-03,-59.79,GBP,SAINSBURYS S/MKT LONDON SE1
broad_income_mix,2026-02-05,AM9BNWlrD1S1LEE43lL6HazMEQK9lyf9Mej8n,2026-02-05,705.1,GBP,DWP SP PENSION REF:XXXXX992
broad_income_mix,2026-02-05,AM9BNWlrD1S1LEE43lL6HazMEQK9lyf9Mej8n,2026-02-05,-66.19,GBP,D/D BRITISH GAS REF:XXXXX-GAS
broad_income_mix,2026-02-07,AM9BNWlrD1S1LEE43lL6HazMEQK9lyf9Mej8n,2026-02-07,-57.33,GBP,SAINSBURYS S/MKT LONDON SE1
broad_income_mix,2026-02-08,AM9BNWlrD1S1LEE43lL6HazMEQK9lyf9Mej8n,2026-02-08,115.79,GBP,HMRC CHB REF:CHB12345678
broad_income_mix,2026-02-08,AM9BNWlrD1S1LEE43lL6HazMEQK9lyf9Mej8n,2026-02-08,1448.04,GBP,AIRBNB PAYMENTS GB REF:INV-901
broad_income_mix,2026-02-08,AM9BNWlrD1S1LEE43lL6HazMEQK9lyf9Mej8n,2026-02-08,-28.28,GBP,D/D O2 MOBILE REF:XXXXX-99
broad_income_mix,2026-02-08,AM9BNWlrD1S1LEE43lL6HazMEQK9lyf9Mej8n,2026-02-08,517.41,GBP,DWP JSA REF:XXXXX-JSA01
broad_income_mix,2026-02-09,AM9BNWlrD1S1LEE43lL6HazMEQK9lyf9Mej8n,2026-02-09,-17.96,GBP,BOOTS THE CHEMIST NOTTINGHAM
broad_income_mix,2026-02-10,AM9BNWlrD1S1LEE43lL6HazMEQK9lyf9Mej8n,2026-02-10,154.36,GBP,DELIVEROO COURIER EARNINGS
broad_income_mix,2026-02-12,AM9BNWlrD1S1LEE43lL6HazMEQK9lyf9Mej8n,2026-02-12,-51.52,GBP,SAINSBURYS S/MKT LONDON SE1
broad_income_mix,2026-02-13,AM9BNWlrD1S1LEE43lL6HazMEQK9lyf9Mej8n,2026-02-13,-48.8,GBP,SAINSBURYS S/MKT LONDON SE1
broad_income_mix,2026-02-13,AM9BNWlrD1S1LEE43lL6HazMEQK9lyf9Mej8n,2026-02-13,-52.94,GBP,SAINSBURYS S/MKT LONDON SE1
broad_income_mix,2026-02-14,AM9BNWlrD1S1LEE43lL6HazMEQK9lyf9Mej8n,2026-02-14,-17.32,GBP,SAINSBURYS S/MKT LONDON SE1
broad_income_mix,2026-02-15,AM9BNWlrD1S1LEE43lL6HazMEQK9lyf9Mej8n,2026-02-15,832.01,GBP,DWP UC REF:XXXXXX773X
broad_income_mix,2026-02-15,AM9BNWlrD1S1LEE43lL6HazMEQK9lyf9Mej8n,2026-02-15,-40.27,GBP,ARGOS LTD LONDON
broad_income_mix,2026-02-15,AM9BNWlrD1S1LEE43lL6HazMEQK9lyf9Mej8n,2026-02-15,1020.56,GBP,BACS PAYROLL PRIMARY-ACC REF:SALARY
broad_income_mix,2026-02-17,AM9BNWlrD1S1LEE43lL6HazMEQK9lyf9Mej8n,2026-02-17,-14.62,GBP,SAINSBURYS S/MKT LONDON SE1
broad_income_mix,2026-02-18,AM9BNWlrD1S1LEE43lL6HazMEQK9lyf9Mej8n,2026-02-18,-19.82,GBP,BOOTS THE CHEMIST NOTTINGHAM
broad_income_mix,2026-02-21,AM9BNWlrD1S1LEE43lL6HazMEQK9lyf9Mej8n,2026-02-21,-32.78,GBP,SAINSBURYS S/MKT LONDON SE1
broad_income_mix,2026-02-22,AM9BNWlrD1S1LEE43lL6HazMEQK9lyf9Mej8n,2026-02-22,509.13,GBP,DWP JSA REF:XXXXX-JSA01
broad_income_mix,2026-02-25,AM9BNWlrD1S1LEE43lL6HazMEQK9lyf9Mej8n,2026-02-25,135.03,GBP,DELIVEROO COURIER EARNINGS
broad_income_mix,2026-02-25,AM9BNWlrD1S1LEE43lL6HazMEQK9lyf9Mej8n,2026-02-25,121.51,GBP,HMRC CHB REF:CHB12345678
broad_income_mix,2026-02-25,AM9BNWlrD1S1LEE43lL6HazMEQK9lyf9Mej8n,2026-02-25,-21.83,GBP,ARGOS LTD LONDON
broad_income_mix,2026-02-26,AM9BNWlrD1S1LEE43lL6HazMEQK9lyf9Mej8n,2026-02-26,-18.51,GBP,SAINSBURYS S/MKT LONDON SE1
broad_income_mix,2026-03-23,AM9BNWlrD1S1LEE43lL6HazMEQK9lyf9Mej8n,2026-03-23,500.0,GBP,DWP JSA REF:XXXXXX123
broad_income_mix,2026-03-23,E4jZ5xZq6qIW9Eqk8RX5FR9XpyN1rjfgmXdjp,2026-03-23,500.0,GBP,DWP JSA REF:XXXXXX123
broad_income_mix,2026-03-25,AM9BNWlrD1S1LEE43lL6HazMEQK9lyf9Mej8n,2026-03-25,120.12,GBP,HMCTS FAMILY PAYMENT REF:CHILD
broad_income_mix,2026-03-25,E4jZ5xZq6qIW9Eqk8RX5FR9XpyN1rjfgmXdjp,2026-03-25,120.12,GBP,HMCTS FAMILY PAYMENT REF:CHILD
broad_income_mix,2026-03-26,AM9BNWlrD1S1LEE43lL6HazMEQK9lyf9Mej8n,2026-03-26,142.63,GBP,DELIVEROO PARTNER PAY BACS REF:FOOD
broad_income_mix,2026-03-27,E4jZ5xZq6qIW9Eqk8RX5FR9XpyN1rjfgmXdjp,2026-03-27,142.63,GBP,DELIVEROO PARTNER PAY BACS REF:FOOD
broad_income_mix,2026-03-30,E4jZ5xZq6qIW9Eqk8RX5FR9XpyN1rjfgmXdjp,2026-03-30,500.0,GBP,DWP JSA REF:XXXXXX123
broad_income_mix,2026-03-30,AM9BNWlrD1S1LEE43lL6HazMEQK9lyf9Mej8n,2026-03-30,500.0,GBP,DWP JSA REF:XXXXXX123
broad_income_mix,2026-04-01,E4jZ5xZq6qIW9Eqk8RX5FR9XpyN1rjfgmXdjp,2026-04-01,5.1,GBP,INT PAY REF:ANNUAL SUMMARY
broad_income_mix,2026-04-01,AM9BNWlrD1S1LEE43lL6HazMEQK9lyf9Mej8n,2026-04-01,750.0,GBP,MOD VETERANS UK REF:XXXXXX
broad_income_mix,2026-04-01,E4jZ5xZq6qIW9Eqk8RX5FR9XpyN1rjfgmXdjp,2026-04-01,1000.7,GBP,BACS PAYROLL PRIMARY-ACC REF:SALARY
broad_income_mix,2026-04-01,AM9BNWlrD1S1LEE43lL6HazMEQK9lyf9Mej8n,2026-04-01,5.1,GBP,INT PAY REF:ANNUAL SUMMARY
broad_income_mix,2026-04-01,E4jZ5xZq6qIW9Eqk8RX5FR9XpyN1rjfgmXdjp,2026-04-01,750.0,GBP,MOD VETERANS UK REF:XXXXXX
broad_income_mix,2026-04-01,AM9BNWlrD1S1LEE43lL6HazMEQK9lyf9Mej8n,2026-04-01,1000.7,GBP,BACS PAYROLL PRIMARY-ACC REF:SALARY
broad_income_mix,2026-04-04,AM9BNWlrD1S1LEE43lL6HazMEQK9lyf9Mej8n,2026-04-04,893.25,GBP,HMRC SA TAX REFUND REF:UTR-XXX
broad_income_mix,2026-04-05,E4jZ5xZq6qIW9Eqk8RX5FR9XpyN1rjfgmXdjp,2026-04-05,720.12,GBP,DWP PIP REF:XXXXX-DISABLE
broad_income_mix,2026-04-05,AM9BNWlrD1S1LEE43lL6HazMEQK9lyf9Mej8n,2026-04-05,720.12,GBP,DWP PIP REF:XXXXX-DISABLE
broad_income_mix,2026-04-06,AM9BNWlrD1S1LEE43lL6HazMEQK9lyf9Mej8n,2026-04-06,500.0,GBP,DWP JSA REF:XXXXXX123
broad_income_mix,2026-04-06,E4jZ5xZq6qIW9Eqk8RX5FR9XpyN1rjfgmXdjp,2026-04-06,500.0,GBP,DWP JSA REF:XXXXXX123
broad_income_mix,2026-04-08,AM9BNWlrD1S1LEE43lL6HazMEQK9lyf9Mej8n,2026-04-08,1525.0,GBP,AIRBNB PAYMENTS BACS REF:RENT
broad_income_mix,2026-04-08,E4jZ5xZq6qIW9Eqk8RX5FR9XpyN1rjfgmXdjp,2026-04-08,120.12,GBP,HMCTS FAMILY PAYMENT REF:CHILD
broad_income_mix,2026-04-08,E4jZ5xZq6qIW9Eqk8RX5FR9XpyN1rjfgmXdjp,2026-04-08,1525.0,GBP,AIRBNB PAYMENTS BACS REF:RENT
broad_income_mix,2026-04-08,AM9BNWlrD1S1LEE43lL6HazMEQK9lyf9Mej8n,2026-04-08,120.12,GBP,HMCTS FAMILY PAYMENT REF:CHILD
broad_income_mix,2026-04-10,AM9BNWlrD1S1LEE43lL6HazMEQK9lyf9Mej8n,2026-04-10,142.63,GBP,DELIVEROO PARTNER PAY BACS REF:FOOD
broad_income_mix,2026-04-13,E4jZ5xZq6qIW9Eqk8RX5FR9XpyN1rjfgmXdjp,2026-04-13,500.0,GBP,DWP JSA REF:XXXXXX123
broad_income_mix,2026-04-15,AM9BNWlrD1S1LEE43lL6HazMEQK9lyf9Mej8n,2026-04-15,824.2,GBP,DWP UC REF:XXXXXX773X
broad_income_mix,2026-04-15,E4jZ5xZq6qIW9Eqk8RX5FR9XpyN1rjfgmXdjp,2026-04-15,1000.7,GBP,BACS PAYROLL PRIMARY-ACC REF:SALARY
broad_income_mix,2026-04-15,AM9BNWlrD1S1LEE43lL6HazMEQK9lyf9Mej8n,2026-04-15,1000.7,GBP,BACS PAYROLL PRIMARY-ACC REF:SALARY
broad_income_mix,2026-04-15,E4jZ5xZq6qIW9Eqk8RX5FR9XpyN1rjfgmXdjp,2026-04-15,824.2,GBP,DWP UC REF:XXXXXX773X
financially_stretched,2025-11-01,ZrjbpdxNZNH8QPgjayZNhKkyVVpxLAfezo97G,2025-11-01,-49.37,GBP,PIZZA HUT UK REF:ORDER-ONL
financially_stretched,2025-11-01,ZrjbpdxNZNH8QPgjayZNhKkyVVpxLAfezo97G,2025-11-01,-26.73,GBP,BET365 UK REF:DEPOSIT
financially_stretched,2025-11-01,ZrjbpdxNZNH8QPgjayZNhKkyVVpxLAfezo97G,2025-11-01,-37.06,GBP,BETFAIR UK REF:ACCOUNT
financially_stretched,2025-11-01,ZrjbpdxNZNH8QPgjayZNhKkyVVpxLAfezo97G,2025-11-01,987.02,GBP,FPS CASH IN REF:CASH-DEPOSIT
financially_stretched,2025-11-02,ZrjbpdxNZNH8QPgjayZNhKkyVVpxLAfezo97G,2025-11-02,-6.92,GBP,DELIVEROO UK REF:ORDER-APP
financially_stretched,2025-11-02,ZrjbpdxNZNH8QPgjayZNhKkyVVpxLAfezo97G,2025-11-02,-17.46,GBP,MORRISONS SUPERMARKET LONDON
financially_stretched,2025-11-03,ZrjbpdxNZNH8QPgjayZNhKkyVVpxLAfezo97G,2025-11-03,-42.9,GBP,CO-OP FOOD LONDON N1
financially_stretched,2025-11-04,ZrjbpdxNZNH8QPgjayZNhKkyVVpxLAfezo97G,2025-11-04,-26.08,GBP,TESCO METRO LONDON EC1
financially_stretched,2025-11-04,ZrjbpdxNZNH8QPgjayZNhKkyVVpxLAfezo97G,2025-11-04,-53.41,GBP,JUST EAT UK REF:ORDER-XXXX
financially_stretched,2025-11-05,ZrjbpdxNZNH8QPgjayZNhKkyVVpxLAfezo97G,2025-11-05,-65.47,GBP,SCREWFIX DIRECT LTD
financially_stretched,2025-11-06,ZrjbpdxNZNH8QPgjayZNhKkyVVpxLAfezo97G,2025-11-06,-50.0,GBP,COSTCO UK WATFORD
financially_stretched,2025-11-06,ZrjbpdxNZNH8QPgjayZNhKkyVVpxLAfezo97G,2025-11-06,-11.1,GBP,POUNDLAND STORE #4421
financially_stretched,2025-11-07,ZrjbpdxNZNH8QPgjayZNhKkyVVpxLAfezo97G,2025-11-07,975.83,GBP,FPS PEER TRANSFER REF:PERSONAL
financially_stretched,2025-11-07,ZrjbpdxNZNH8QPgjayZNhKkyVVpxLAfezo97G,2025-11-07,-50.75,GBP,SKYBET UK REF:DEPOSIT
financially_stretched,2025-11-07,ZrjbpdxNZNH8QPgjayZNhKkyVVpxLAfezo97G,2025-11-07,-21.95,GBP,LIDL UK GMBH PECKHAM
financially_stretched,2025-11-08,ZrjbpdxNZNH8QPgjayZNhKkyVVpxLAfezo97G,2025-11-08,-41.94,GBP,ITSU UK LTD LONDON SE1
financially_stretched,2025-11-08,ZrjbpdxNZNH8QPgjayZNhKkyVVpxLAfezo97G,2025-11-08,-48.98,GBP,MARKS AND SPENCER FOOD
financially_stretched,2025-11-09,ZrjbpdxNZNH8QPgjayZNhKkyVVpxLAfezo97G,2025-11-09,1081.82,GBP,BRIGIT APP DES:INSTANT CASH
financially_stretched,2025-11-09,ZrjbpdxNZNH8QPgjayZNhKkyVVpxLAfezo97G,2025-11-09,-16.89,GBP,THE COAL HOLE LONDON WC2
financially_stretched,2025-11-10,ZrjbpdxNZNH8QPgjayZNhKkyVVpxLAfezo97G,2025-11-10,-17.17,GBP,WAHACA RESTAURANT LONDON
financially_stretched,2025-11-11,ZrjbpdxNZNH8QPgjayZNhKkyVVpxLAfezo97G,2025-11-11,-55.49,GBP,MARKS AND SPENCER FOOD
financially_stretched,2025-11-11,ZrjbpdxNZNH8QPgjayZNhKkyVVpxLAfezo97G,2025-11-11,-31.09,GBP,BET365 UK REF:DEPOSIT
financially_stretched,2025-11-12,ZrjbpdxNZNH8QPgjayZNhKkyVVpxLAfezo97G,2025-11-12,-48.49,GBP,JD SPORTS FASHION PLC LONDON
financially_stretched,2025-11-12,ZrjbpdxNZNH8QPgjayZNhKkyVVpxLAfezo97G,2025-11-12,-15.79,GBP,NANDOS RESTAURANT LONDON
financially_stretched,2025-11-12,ZrjbpdxNZNH8QPgjayZNhKkyVVpxLAfezo97G,2025-11-12,-45.53,GBP,ITSU UK LTD LONDON SE1
financially_stretched,2025-11-13,ZrjbpdxNZNH8QPgjayZNhKkyVVpxLAfezo97G,2025-11-13,-26.58,GBP,TESCO METRO LONDON EC1
financially_stretched,2025-11-13,ZrjbpdxNZNH8QPgjayZNhKkyVVpxLAfezo97G,2025-11-13,-54.6,GBP,MARKS AND SPENCER FOOD
financially_stretched,2025-11-14,ZrjbpdxNZNH8QPgjayZNhKkyVVpxLAfezo97G,2025-11-14,-24.99,GBP,OCADO RETAIL LTD REF:ORDER
financially_stretched,2025-11-14,ZrjbpdxNZNH8QPgjayZNhKkyVVpxLAfezo97G,2025-11-14,1057.38,GBP,FPS CASH IN REF:CASH-DEPOSIT
financially_stretched,2025-11-15,ZrjbpdxNZNH8QPgjayZNhKkyVVpxLAfezo97G,2025-11-15,-16.12,GBP,MORRISONS SUPERMARKET LONDON
financially_stretched,2025-11-16,ZrjbpdxNZNH8QPgjayZNhKkyVVpxLAfezo97G,2025-11-16,-43.09,GBP,JUST EAT UK REF:ORDER-XXXX
financially_stretched,2025-11-16,ZrjbpdxNZNH8QPgjayZNhKkyVVpxLAfezo97G,2025-11-16,-25.76,GBP,ASDA SUPERSTORE LONDON
financially_stretched,2025-11-17,ZrjbpdxNZNH8QPgjayZNhKkyVVpxLAfezo97G,2025-11-17,-45.71,GBP,ITSU UK LTD LONDON SE1
financially_stretched,2025-11-17,ZrjbpdxNZNH8QPgjayZNhKkyVVpxLAfezo97G,2025-11-17,-342.91,GBP,FPS CASH APP BORROW ADVANCE
financially_stretched,2025-11-18,ZrjbpdxNZNH8QPgjayZNhKkyVVpxLAfezo97G,2025-11-18,-49.24,GBP,JD SPORTS FASHION PLC LONDON
financially_stretched,2025-11-18,ZrjbpdxNZNH8QPgjayZNhKkyVVpxLAfezo97G,2025-11-18,-5.48,GBP,DELIVEROO UK REF:ORDER-APP
financially_stretched,2025-11-18,ZrjbpdxNZNH8QPgjayZNhKkyVVpxLAfezo97G,2025-11-18,-20.0,GBP,THE COAL HOLE LONDON WC2
financially_stretched,2025-11-19,ZrjbpdxNZNH8QPgjayZNhKkyVVpxLAfezo97G,2025-11-19,-16.06,GBP,WAHACA RESTAURANT LONDON
financially_stretched,2025-11-20,ZrjbpdxNZNH8QPgjayZNhKkyVVpxLAfezo97G,2025-11-20,-37.68,GBP,BETFAIR UK REF:ACCOUNT
financially_stretched,2025-11-21,ZrjbpdxNZNH8QPgjayZNhKkyVVpxLAfezo97G,2025-11-21,955.5,GBP,FPS PEER TRANSFER REF:PERSONAL
financially_stretched,2025-11-21,ZrjbpdxNZNH8QPgjayZNhKkyVVpxLAfezo97G,2025-11-21,-15.39,GBP,NANDOS RESTAURANT LONDON
financially_stretched,2025-11-22,ZrjbpdxNZNH8QPgjayZNhKkyVVpxLAfezo97G,2025-11-22,-6.8,GBP,YO SUSHI UK LTD LONDON
financially_stretched,2025-11-23,ZrjbpdxNZNH8QPgjayZNhKkyVVpxLAfezo97G,2025-11-23,-24.31,GBP,TESCO METRO LONDON EC1
financially_stretched,2025-11-23,ZrjbpdxNZNH8QPgjayZNhKkyVVpxLAfezo97G,2025-11-23,-41.98,GBP,COSTCO UK WATFORD
financially_stretched,2025-11-23,ZrjbpdxNZNH8QPgjayZNhKkyVVpxLAfezo97G,2025-11-23,-17.69,GBP,THE COAL HOLE LONDON WC2
financially_stretched,2025-11-24,ZrjbpdxNZNH8QPgjayZNhKkyVVpxLAfezo97G,2025-11-24,1026.2,GBP,BRIGIT APP DES:INSTANT CASH
financially_stretched,2025-11-24,ZrjbpdxNZNH8QPgjayZNhKkyVVpxLAfezo97G,2025-11-24,-32.0,GBP,IKEA UK WEMBLEY
financially_stretched,2025-11-25,ZrjbpdxNZNH8QPgjayZNhKkyVVpxLAfezo97G,2025-11-25,-30.87,GBP,BET365 UK REF:DEPOSIT
financially_stretched,2025-11-25,ZrjbpdxNZNH8QPgjayZNhKkyVVpxLAfezo97G,2025-11-25,-8.57,GBP,YO SUSHI UK LTD LONDON
financially_stretched,2025-11-25,ZrjbpdxNZNH8QPgjayZNhKkyVVpxLAfezo97G,2025-11-25,-35.71,GBP,IKEA UK WEMBLEY
financially_stretched,2025-11-26,ZrjbpdxNZNH8QPgjayZNhKkyVVpxLAfezo97G,2025-11-26,-25.94,GBP,ASDA SUPERSTORE LONDON
financially_stretched,2025-11-27,ZrjbpdxNZNH8QPgjayZNhKkyVVpxLAfezo97G,2025-11-27,-24.98,GBP,OCADO RETAIL LTD REF:ORDER
financially_stretched,2025-11-28,ZrjbpdxNZNH8QPgjayZNhKkyVVpxLAfezo97G,2025-11-28,1033.93,GBP,FPS CASH IN REF:CASH-DEPOSIT
financially_stretched,2025-11-28,ZrjbpdxNZNH8QPgjayZNhKkyVVpxLAfezo97G,2025-11-28,-39.98,GBP,ITSU UK LTD LONDON SE1
financially_stretched,2025-11-29,ZrjbpdxNZNH8QPgjayZNhKkyVVpxLAfezo97G,2025-11-29,-33.59,GBP,BETFAIR UK REF:ACCOUNT
financially_stretched,2025-11-30,ZrjbpdxNZNH8QPgjayZNhKkyVVpxLAfezo97G,2025-11-30,-47.93,GBP,UNPAID TRANSACTION FEE
financially_stretched,2025-11-30,ZrjbpdxNZNH8QPgjayZNhKkyVVpxLAfezo97G,2025-11-30,-16.62,GBP,NANDOS RESTAURANT LONDON
financially_stretched,2025-11-30,ZrjbpdxNZNH8QPgjayZNhKkyVVpxLAfezo97G,2025-11-30,-37.63,GBP,COSTCO UK WATFORD
financially_stretched,2025-11-30,ZrjbpdxNZNH8QPgjayZNhKkyVVpxLAfezo97G,2025-11-30,-41.89,GBP,CO-OP FOOD LONDON N1
financially_stretched,2025-12-01,ZrjbpdxNZNH8QPgjayZNhKkyVVpxLAfezo97G,2025-12-01,-26.87,GBP,BET365 UK REF:DEPOSIT
financially_stretched,2025-12-01,ZrjbpdxNZNH8QPgjayZNhKkyVVpxLAfezo97G,2025-12-01,975.81,GBP,FPS PEER TRANSFER REF:PERSONAL
financially_stretched,2025-12-02,ZrjbpdxNZNH8QPgjayZNhKkyVVpxLAfezo97G,2025-12-02,-46.85,GBP,SKYBET UK REF:DEPOSIT
financially_stretched,2025-12-03,ZrjbpdxNZNH8QPgjayZNhKkyVVpxLAfezo97G,2025-12-03,-37.43,GBP,COSTCO UK WATFORD
financially_stretched,2025-12-03,ZrjbpdxNZNH8QPgjayZNhKkyVVpxLAfezo97G,2025-12-03,-361.89,GBP,FPS MONZO FLEX ADVANCE
financially_stretched,2025-12-04,ZrjbpdxNZNH8QPgjayZNhKkyVVpxLAfezo97G,2025-12-04,-52.65,GBP,PIZZA HUT UK REF:ORDER-ONL
financially_stretched,2025-12-05,ZrjbpdxNZNH8QPgjayZNhKkyVVpxLAfezo97G,2025-12-05,-52.62,GBP,UNPAID TRANSACTION FEE
financially_stretched,2025-12-05,ZrjbpdxNZNH8QPgjayZNhKkyVVpxLAfezo97G,2025-12-05,-29.86,GBP,TESCO METRO LONDON EC1
financially_stretched,2025-12-06,ZrjbpdxNZNH8QPgjayZNhKkyVVpxLAfezo97G,2025-12-06,-21.39,GBP,ASDA SUPERSTORE LONDON
financially_stretched,2025-12-06,ZrjbpdxNZNH8QPgjayZNhKkyVVpxLAfezo97G,2025-12-06,-27.04,GBP,LIDL UK GMBH PECKHAM
financially_stretched,2025-12-07,ZrjbpdxNZNH8QPgjayZNhKkyVVpxLAfezo97G,2025-12-07,-44.31,GBP,SKYBET UK REF:DEPOSIT
financially_stretched,2025-12-07,ZrjbpdxNZNH8QPgjayZNhKkyVVpxLAfezo97G,2025-12-07,-31.18,GBP,IKEA UK WEMBLEY
financially_stretched,2025-12-07,ZrjbpdxNZNH8QPgjayZNhKkyVVpxLAfezo97G,2025-12-07,966.2,GBP,FPS CASH IN REF:CASH-DEPOSIT
financially_stretched,2025-12-08,ZrjbpdxNZNH8QPgjayZNhKkyVVpxLAfezo97G,2025-12-08,-18.18,GBP,THE COAL HOLE LONDON WC2
financially_stretched,2025-12-09,ZrjbpdxNZNH8QPgjayZNhKkyVVpxLAfezo97G,2025-12-09,1052.39,GBP,BRIGIT APP DES:INSTANT CASH
financially_stretched,2025-12-09,ZrjbpdxNZNH8QPgjayZNhKkyVVpxLAfezo97G,2025-12-09,-34.82,GBP,BETFAIR UK REF:ACCOUNT
financially_stretched,2025-12-10,ZrjbpdxNZNH8QPgjayZNhKkyVVpxLAfezo97G,2025-12-10,-41.57,GBP,COSTCO UK WATFORD
financially_stretched,2025-12-10,ZrjbpdxNZNH8QPgjayZNhKkyVVpxLAfezo97G,2025-12-10,-47.78,GBP,SKYBET UK REF:DEPOSIT
financially_stretched,2025-12-11,ZrjbpdxNZNH8QPgjayZNhKkyVVpxLAfezo97G,2025-12-11,-14.93,GBP,POUNDLAND STORE #4421
financially_stretched,2025-12-11,ZrjbpdxNZNH8QPgjayZNhKkyVVpxLAfezo97G,2025-12-11,-41.58,GBP,SKYBET UK REF:DEPOSIT
financially_stretched,2025-12-12,ZrjbpdxNZNH8QPgjayZNhKkyVVpxLAfezo97G,2025-12-12,-32.03,GBP,UNARRANGED OVERDRAFT INTEREST
financially_stretched,2025-12-12,ZrjbpdxNZNH8QPgjayZNhKkyVVpxLAfezo97G,2025-12-12,-16.43,GBP,MORRISONS SUPERMARKET LONDON
financially_stretched,2025-12-13,ZrjbpdxNZNH8QPgjayZNhKkyVVpxLAfezo97G,2025-12-13,-6.57,GBP,YO SUSHI UK LTD LONDON
financially_stretched,2025-12-13,ZrjbpdxNZNH8QPgjayZNhKkyVVpxLAfezo97G,2025-12-13,-57.84,GBP,SCREWFIX DIRECT LTD
financially_stretched,2025-12-14,ZrjbpdxNZNH8QPgjayZNhKkyVVpxLAfezo97G,2025-12-14,-13.23,GBP,WAHACA RESTAURANT LONDON
financially_stretched,2025-12-14,ZrjbpdxNZNH8QPgjayZNhKkyVVpxLAfezo97G,2025-12-14,952.24,GBP,FPS PEER TRANSFER REF:PERSONAL
financially_stretched,2025-12-15,ZrjbpdxNZNH8QPgjayZNhKkyVVpxLAfezo97G,2025-12-15,-16.08,GBP,NANDOS RESTAURANT LONDON
financially_stretched,2025-12-15,ZrjbpdxNZNH8QPgjayZNhKkyVVpxLAfezo97G,2025-12-15,-40.18,GBP,MARKS AND SPENCER FOOD
financially_stretched,2025-12-16,ZrjbpdxNZNH8QPgjayZNhKkyVVpxLAfezo97G,2025-12-16,-18.25,GBP,THE COAL HOLE LONDON WC2
financially_stretched,2025-12-16,ZrjbpdxNZNH8QPgjayZNhKkyVVpxLAfezo97G,2025-12-16,-23.22,GBP,TESCO METRO LONDON EC1
financially_stretched,2025-12-17,ZrjbpdxNZNH8QPgjayZNhKkyVVpxLAfezo97G,2025-12-17,-46.92,GBP,PIZZA HUT UK REF:ORDER-ONL
financially_stretched,2025-12-18,ZrjbpdxNZNH8QPgjayZNhKkyVVpxLAfezo97G,2025-12-18,-48.98,GBP,SCREWFIX DIRECT LTD
financially_stretched,2025-12-18,ZrjbpdxNZNH8QPgjayZNhKkyVVpxLAfezo97G,2025-12-18,-46.48,GBP,SKYBET UK REF:DEPOSIT
financially_stretched,2025-12-18,ZrjbpdxNZNH8QPgjayZNhKkyVVpxLAfezo97G,2025-12-18,-38.01,GBP,CO-OP FOOD LONDON N1
financially_stretched,2025-12-19,ZrjbpdxNZNH8QPgjayZNhKkyVVpxLAfezo97G,2025-12-19,-51.55,GBP,PIZZA HUT UK REF:ORDER-ONL
financially_stretched,2025-12-20,ZrjbpdxNZNH8QPgjayZNhKkyVVpxLAfezo97G,2025-12-20,-24.94,GBP,BET365 UK REF:DEPOSIT
financially_stretched,2025-12-21,ZrjbpdxNZNH8QPgjayZNhKkyVVpxLAfezo97G,2025-12-21,-14.98,GBP,POUNDLAND STORE #4421
financially_stretched,2025-12-21,ZrjbpdxNZNH8QPgjayZNhKkyVVpxLAfezo97G,2025-12-21,1074.72,GBP,FPS CASH IN REF:CASH-DEPOSIT
financially_stretched,2025-12-22,ZrjbpdxNZNH8QPgjayZNhKkyVVpxLAfezo97G,2025-12-22,-26.62,GBP,BET365 UK REF:DEPOSIT
financially_stretched,2025-12-23,ZrjbpdxNZNH8QPgjayZNhKkyVVpxLAfezo97G,2025-12-23,-8.77,GBP,YO SUSHI UK LTD LONDON
financially_stretched,2025-12-23,ZrjbpdxNZNH8QPgjayZNhKkyVVpxLAfezo97G,2025-12-23,-14.44,GBP,WAHACA RESTAURANT LONDON
financially_stretched,2025-12-24,ZrjbpdxNZNH8QPgjayZNhKkyVVpxLAfezo97G,2025-12-24,-44.25,GBP,SKYBET UK REF:DEPOSIT
financially_stretched,2025-12-24,ZrjbpdxNZNH8QPgjayZNhKkyVVpxLAfezo97G,2025-12-24,1006.29,GBP,BRIGIT APP DES:INSTANT CASH
financially_stretched,2025-12-24,ZrjbpdxNZNH8QPgjayZNhKkyVVpxLAfezo97G,2025-12-24,-12.91,GBP,POUNDLAND STORE #4421
financially_stretched,2025-12-24,ZrjbpdxNZNH8QPgjayZNhKkyVVpxLAfezo97G,2025-12-24,-12.39,GBP,WAHACA RESTAURANT LONDON
financially_stretched,2025-12-25,ZrjbpdxNZNH8QPgjayZNhKkyVVpxLAfezo97G,2025-12-25,-46.03,GBP,MARKS AND SPENCER FOOD
financially_stretched,2025-12-25,ZrjbpdxNZNH8QPgjayZNhKkyVVpxLAfezo97G,2025-12-25,-5.18,GBP,DELIVEROO UK REF:ORDER-APP
financially_stretched,2025-12-26,ZrjbpdxNZNH8QPgjayZNhKkyVVpxLAfezo97G,2025-12-26,-16.84,GBP,WAHACA RESTAURANT LONDON
financially_stretched,2025-12-27,ZrjbpdxNZNH8QPgjayZNhKkyVVpxLAfezo97G,2025-12-27,-35.63,GBP,BETFAIR UK REF:ACCOUNT
financially_stretched,2025-12-28,ZrjbpdxNZNH8QPgjayZNhKkyVVpxLAfezo97G,2025-12-28,-43.7,GBP,SKYBET UK REF:DEPOSIT
financially_stretched,2025-12-28,ZrjbpdxNZNH8QPgjayZNhKkyVVpxLAfezo97G,2025-12-28,-57.83,GBP,JUST EAT UK REF:ORDER-XXXX
financially_stretched,2025-12-28,ZrjbpdxNZNH8QPgjayZNhKkyVVpxLAfezo97G,2025-12-28,1034.47,GBP,FPS PEER TRANSFER REF:PERSONAL
financially_stretched,2025-12-28,ZrjbpdxNZNH8QPgjayZNhKkyVVpxLAfezo97G,2025-12-28,-24.56,GBP,BET365 UK REF:DEPOSIT
financially_stretched,2025-12-29,ZrjbpdxNZNH8QPgjayZNhKkyVVpxLAfezo97G,2025-12-29,-15.3,GBP,WAHACA RESTAURANT LONDON
financially_stretched,2025-12-29,ZrjbpdxNZNH8QPgjayZNhKkyVVpxLAfezo97G,2025-12-29,-22.19,GBP,THE COAL HOLE LONDON WC2
financially_stretched,2025-12-30,ZrjbpdxNZNH8QPgjayZNhKkyVVpxLAfezo97G,2025-12-30,-16.73,GBP,NANDOS RESTAURANT LONDON
financially_stretched,2025-12-30,ZrjbpdxNZNH8QPgjayZNhKkyVVpxLAfezo97G,2025-12-30,-21.04,GBP,ASDA SUPERSTORE LONDON
financially_stretched,2025-12-31,ZrjbpdxNZNH8QPgjayZNhKkyVVpxLAfezo97G,2025-12-31,-22.81,GBP,OCADO RETAIL LTD REF:ORDER
financially_stretched,2025-12-31,ZrjbpdxNZNH8QPgjayZNhKkyVVpxLAfezo97G,2025-12-31,-12.39,GBP,POUNDLAND STORE #4421
financially_stretched,2026-01-01,ZrjbpdxNZNH8QPgjayZNhKkyVVpxLAfezo97G,2026-01-01,1006.79,GBP,FPS CASH IN REF:CASH-DEPOSIT
financially_stretched,2026-01-01,ZrjbpdxNZNH8QPgjayZNhKkyVVpxLAfezo97G,2026-01-01,-62.78,GBP,SCREWFIX DIRECT LTD
financially_stretched,2026-01-02,ZrjbpdxNZNH8QPgjayZNhKkyVVpxLAfezo97G,2026-01-02,-6.49,GBP,DELIVEROO UK REF:ORDER-APP
financially_stretched,2026-01-03,ZrjbpdxNZNH8QPgjayZNhKkyVVpxLAfezo97G,2026-01-03,-54.52,GBP,SCREWFIX DIRECT LTD
financially_stretched,2026-01-04,ZrjbpdxNZNH8QPgjayZNhKkyVVpxLAfezo97G,2026-01-04,-8.61,GBP,YO SUSHI UK LTD LONDON
financially_stretched,2026-01-05,ZrjbpdxNZNH8QPgjayZNhKkyVVpxLAfezo97G,2026-01-05,-17.14,GBP,WAHACA RESTAURANT LONDON
financially_stretched,2026-01-05,ZrjbpdxNZNH8QPgjayZNhKkyVVpxLAfezo97G,2026-01-05,-57.48,GBP,JUST EAT UK REF:ORDER-XXXX
financially_stretched,2026-01-06,ZrjbpdxNZNH8QPgjayZNhKkyVVpxLAfezo97G,2026-01-06,-20.3,GBP,MORRISONS SUPERMARKET LONDON
financially_stretched,2026-01-06,ZrjbpdxNZNH8QPgjayZNhKkyVVpxLAfezo97G,2026-01-06,-26.77,GBP,LIDL UK GMBH PECKHAM
financially_stretched,2026-01-07,ZrjbpdxNZNH8QPgjayZNhKkyVVpxLAfezo97G,2026-01-07,1061.07,GBP,FPS PEER TRANSFER REF:PERSONAL
financially_stretched,2026-01-07,ZrjbpdxNZNH8QPgjayZNhKkyVVpxLAfezo97G,2026-01-07,-22.59,GBP,THE COAL HOLE LONDON WC2
financially_stretched,2026-01-07,ZrjbpdxNZNH8QPgjayZNhKkyVVpxLAfezo97G,2026-01-07,-38.42,GBP,COSTCO UK WATFORD
financially_stretched,2026-01-08,ZrjbpdxNZNH8QPgjayZNhKkyVVpxLAfezo97G,2026-01-08,-22.83,GBP,THE COAL HOLE LONDON WC2
financially_stretched,2026-01-08,ZrjbpdxNZNH8QPgjayZNhKkyVVpxLAfezo97G,2026-01-08,-61.35,GBP,JD SPORTS FASHION PLC LONDON
financially_stretched,2026-01-09,ZrjbpdxNZNH8QPgjayZNhKkyVVpxLAfezo97G,2026-01-09,-5.18,GBP,DELIVEROO UK REF:ORDER-APP
financially_stretched,2026-01-09,ZrjbpdxNZNH8QPgjayZNhKkyVVpxLAfezo97G,2026-01-09,1024.04,GBP,BRIGIT APP DES:INSTANT CASH
financially_stretched,2026-01-09,ZrjbpdxNZNH8QPgjayZNhKkyVVpxLAfezo97G,2026-01-09,-28.02,GBP,ASDA SUPERSTORE LONDON
financially_stretched,2026-01-10,ZrjbpdxNZNH8QPgjayZNhKkyVVpxLAfezo97G,2026-01-10,-25.72,GBP,LIDL UK GMBH PECKHAM
financially_stretched,2026-01-10,ZrjbpdxNZNH8QPgjayZNhKkyVVpxLAfezo97G,2026-01-10,-33.6,GBP,BET365 UK REF:DEPOSIT
financially_stretched,2026-01-11,ZrjbpdxNZNH8QPgjayZNhKkyVVpxLAfezo97G,2026-01-11,-44.34,GBP,ITSU UK LTD LONDON SE1
financially_stretched,2026-01-11,ZrjbpdxNZNH8QPgjayZNhKkyVVpxLAfezo97G,2026-01-11,-14.53,GBP,POUNDLAND STORE #4421
financially_stretched,2026-01-11,ZrjbpdxNZNH8QPgjayZNhKkyVVpxLAfezo97G,2026-01-11,-31.59,GBP,BETFAIR UK REF:ACCOUNT
financially_stretched,2026-01-11,ZrjbpdxNZNH8QPgjayZNhKkyVVpxLAfezo97G,2026-01-11,-362.04,GBP,FPS CASH APP BORROW ADVANCE
financially_stretched,2026-01-12,ZrjbpdxNZNH8QPgjayZNhKkyVVpxLAfezo97G,2026-01-12,-59.69,GBP,SCREWFIX DIRECT LTD
financially_stretched,2026-01-12,ZrjbpdxNZNH8QPgjayZNhKkyVVpxLAfezo97G,2026-01-12,-38.26,GBP,COSTCO UK WATFORD
financially_stretched,2026-01-13,ZrjbpdxNZNH8QPgjayZNhKkyVVpxLAfezo97G,2026-01-13,-22.07,GBP,MORRISONS SUPERMARKET LONDON
financially_stretched,2026-01-13,ZrjbpdxNZNH8QPgjayZNhKkyVVpxLAfezo97G,2026-01-13,-33.32,GBP,IKEA UK WEMBLEY
financially_stretched,2026-01-13,ZrjbpdxNZNH8QPgjayZNhKkyVVpxLAfezo97G,2026-01-13,-12.01,GBP,POUNDLAND STORE #4421
financially_stretched,2026-01-14,ZrjbpdxNZNH8QPgjayZNhKkyVVpxLAfezo97G,2026-01-14,-63.38,GBP,SCREWFIX DIRECT LTD
financially_stretched,2026-01-14,ZrjbpdxNZNH8QPgjayZNhKkyVVpxLAfezo97G,2026-01-14,990.14,GBP,FPS CASH IN REF:CASH-DEPOSIT
financially_stretched,2026-01-14,ZrjbpdxNZNH8QPgjayZNhKkyVVpxLAfezo97G,2026-01-14,-24.75,GBP,ASDA SUPERSTORE LONDON
financially_stretched,2026-01-15,ZrjbpdxNZNH8QPgjayZNhKkyVVpxLAfezo97G,2026-01-15,-21.35,GBP,OCADO RETAIL LTD REF:ORDER
financially_stretched,2026-01-16,ZrjbpdxNZNH8QPgjayZNhKkyVVpxLAfezo97G,2026-01-16,-34.64,GBP,IKEA UK WEMBLEY
financially_stretched,2026-01-16,ZrjbpdxNZNH8QPgjayZNhKkyVVpxLAfezo97G,2026-01-16,-8.85,GBP,YO SUSHI UK LTD LONDON
financially_stretched,2026-01-16,ZrjbpdxNZNH8QPgjayZNhKkyVVpxLAfezo97G,2026-01-16,-23.17,GBP,OCADO RETAIL LTD REF:ORDER
financially_stretched,2026-01-17,ZrjbpdxNZNH8QPgjayZNhKkyVVpxLAfezo97G,2026-01-17,-58.42,GBP,PIZZA HUT UK REF:ORDER-ONL
financially_stretched,2026-01-17,ZrjbpdxNZNH8QPgjayZNhKkyVVpxLAfezo97G,2026-01-17,-5.49,GBP,DELIVEROO UK REF:ORDER-APP
financially_stretched,2026-01-18,ZrjbpdxNZNH8QPgjayZNhKkyVVpxLAfezo97G,2026-01-18,-43.36,GBP,SKYBET UK REF:DEPOSIT
financially_stretched,2026-01-19,ZrjbpdxNZNH8QPgjayZNhKkyVVpxLAfezo97G,2026-01-19,-40.96,GBP,IKEA UK WEMBLEY
financially_stretched,2026-01-19,ZrjbpdxNZNH8QPgjayZNhKkyVVpxLAfezo97G,2026-01-19,-30.56,GBP,TESCO METRO LONDON EC1
financially_stretched,2026-01-20,ZrjbpdxNZNH8QPgjayZNhKkyVVpxLAfezo97G,2026-01-20,-20.13,GBP,MORRISONS SUPERMARKET LONDON
financially_stretched,2026-01-20,ZrjbpdxNZNH8QPgjayZNhKkyVVpxLAfezo97G,2026-01-20,-12.36,GBP,POUNDLAND STORE #4421
financially_stretched,2026-01-21,ZrjbpdxNZNH8QPgjayZNhKkyVVpxLAfezo97G,2026-01-21,-38.55,GBP,CO-OP FOOD LONDON N1
financially_stretched,2026-01-21,ZrjbpdxNZNH8QPgjayZNhKkyVVpxLAfezo97G,2026-01-21,1061.36,GBP,FPS PEER TRANSFER REF:PERSONAL
financially_stretched,2026-01-22,ZrjbpdxNZNH8QPgjayZNhKkyVVpxLAfezo97G,2026-01-22,-26.05,GBP,LIDL UK GMBH PECKHAM
financially_stretched,2026-01-22,ZrjbpdxNZNH8QPgjayZNhKkyVVpxLAfezo97G,2026-01-22,-36.34,GBP,IKEA UK WEMBLEY
financially_stretched,2026-01-22,ZrjbpdxNZNH8QPgjayZNhKkyVVpxLAfezo97G,2026-01-22,-25.44,GBP,OCADO RETAIL LTD REF:ORDER
financially_stretched,2026-01-23,ZrjbpdxNZNH8QPgjayZNhKkyVVpxLAfezo97G,2026-01-23,-362.13,GBP,FPS MONZO FLEX ADVANCE
financially_stretched,2026-01-23,ZrjbpdxNZNH8QPgjayZNhKkyVVpxLAfezo97G,2026-01-23,-24.43,GBP,OCADO RETAIL LTD REF:ORDER
financially_stretched,2026-01-24,ZrjbpdxNZNH8QPgjayZNhKkyVVpxLAfezo97G,2026-01-24,-60.15,GBP,JD SPORTS FASHION PLC LONDON
financially_stretched,2026-01-24,ZrjbpdxNZNH8QPgjayZNhKkyVVpxLAfezo97G,2026-01-24,1001.07,GBP,BRIGIT APP DES:INSTANT CASH
financially_stretched,2026-01-25,ZrjbpdxNZNH8QPgjayZNhKkyVVpxLAfezo97G,2026-01-25,-14.4,GBP,POUNDLAND STORE #4421
financially_stretched,2026-01-26,ZrjbpdxNZNH8QPgjayZNhKkyVVpxLAfezo97G,2026-01-26,-24.88,GBP,BET365 UK REF:DEPOSIT
financially_stretched,2026-01-27,ZrjbpdxNZNH8QPgjayZNhKkyVVpxLAfezo97G,2026-01-27,-56.12,GBP,MARKS AND SPENCER FOOD
financially_stretched,2026-01-28,ZrjbpdxNZNH8QPgjayZNhKkyVVpxLAfezo97G,2026-01-28,-34.33,GBP,ITSU UK LTD LONDON SE1
financially_stretched,2026-01-28,ZrjbpdxNZNH8QPgjayZNhKkyVVpxLAfezo97G,2026-01-28,-53.46,GBP,SCREWFIX DIRECT LTD
financially_stretched,2026-01-28,ZrjbpdxNZNH8QPgjayZNhKkyVVpxLAfezo97G,2026-01-28,1013.72,GBP,FPS CASH IN REF:CASH-DEPOSIT
financially_stretched,2026-01-29,ZrjbpdxNZNH8QPgjayZNhKkyVVpxLAfezo97G,2026-01-29,-6.33,GBP,DELIVEROO UK REF:ORDER-APP
financially_stretched,2026-01-30,ZrjbpdxNZNH8QPgjayZNhKkyVVpxLAfezo97G,2026-01-30,-5.24,GBP,DELIVEROO UK REF:ORDER-APP
financially_stretched,2026-01-30,ZrjbpdxNZNH8QPgjayZNhKkyVVpxLAfezo97G,2026-01-30,-18.99,GBP,LIDL UK GMBH PECKHAM
financially_stretched,2026-01-31,ZrjbpdxNZNH8QPgjayZNhKkyVVpxLAfezo97G,2026-01-31,-15.9,GBP,WAHACA RESTAURANT LONDON
financially_stretched,2026-02-01,ZrjbpdxNZNH8QPgjayZNhKkyVVpxLAfezo97G,2026-02-01,-48.93,GBP,PIZZA HUT UK REF:ORDER-ONL
financially_stretched,2026-02-01,ZrjbpdxNZNH8QPgjayZNhKkyVVpxLAfezo97G,2026-02-01,-16.86,GBP,NANDOS RESTAURANT LONDON
financially_stretched,2026-02-01,ZrjbpdxNZNH8QPgjayZNhKkyVVpxLAfezo97G,2026-02-01,1023.86,GBP,FPS PEER TRANSFER REF:PERSONAL
financially_stretched,2026-02-02,ZrjbpdxNZNH8QPgjayZNhKkyVVpxLAfezo97G,2026-02-02,-63.53,GBP,JD SPORTS FASHION PLC LONDON
financially_stretched,2026-02-02,ZrjbpdxNZNH8QPgjayZNhKkyVVpxLAfezo97G,2026-02-02,-54.76,GBP,JUST EAT UK REF:ORDER-XXXX
financially_stretched,2026-02-02,ZrjbpdxNZNH8QPgjayZNhKkyVVpxLAfezo97G,2026-02-02,-41.42,GBP,CO-OP FOOD LONDON N1
financially_stretched,2026-02-03,ZrjbpdxNZNH8QPgjayZNhKkyVVpxLAfezo97G,2026-02-03,-51.89,GBP,JD SPORTS FASHION PLC LONDON
financially_stretched,2026-02-04,ZrjbpdxNZNH8QPgjayZNhKkyVVpxLAfezo97G,2026-02-04,-14.51,GBP,POUNDLAND STORE #4421
financially_stretched,2026-02-04,ZrjbpdxNZNH8QPgjayZNhKkyVVpxLAfezo97G,2026-02-04,-21.37,GBP,LIDL UK GMBH PECKHAM
financially_stretched,2026-02-05,ZrjbpdxNZNH8QPgjayZNhKkyVVpxLAfezo97G,2026-02-05,-37.27,GBP,SKYBET UK REF:DEPOSIT
financially_stretched,2026-02-06,ZrjbpdxNZNH8QPgjayZNhKkyVVpxLAfezo97G,2026-02-06,-30.97,GBP,BET365 UK REF:DEPOSIT
financially_stretched,2026-02-06,ZrjbpdxNZNH8QPgjayZNhKkyVVpxLAfezo97G,2026-02-06,-39.79,GBP,MARKS AND SPENCER FOOD
financially_stretched,2026-02-07,ZrjbpdxNZNH8QPgjayZNhKkyVVpxLAfezo97G,2026-02-07,-16.26,GBP,WAHACA RESTAURANT LONDON
financially_stretched,2026-02-07,ZrjbpdxNZNH8QPgjayZNhKkyVVpxLAfezo97G,2026-02-07,1041.94,GBP,FPS CASH IN REF:CASH-DEPOSIT
financially_stretched,2026-02-08,ZrjbpdxNZNH8QPgjayZNhKkyVVpxLAfezo97G,2026-02-08,-22.09,GBP,ASDA SUPERSTORE LONDON
financially_stretched,2026-02-09,ZrjbpdxNZNH8QPgjayZNhKkyVVpxLAfezo97G,2026-02-09,1054.56,GBP,BRIGIT APP DES:INSTANT CASH
financially_stretched,2026-02-09,ZrjbpdxNZNH8QPgjayZNhKkyVVpxLAfezo97G,2026-02-09,-44.25,GBP,SKYBET UK REF:DEPOSIT
financially_stretched,2026-02-10,ZrjbpdxNZNH8QPgjayZNhKkyVVpxLAfezo97G,2026-02-10,-19.65,GBP,NANDOS RESTAURANT LONDON
financially_stretched,2026-02-11,ZrjbpdxNZNH8QPgjayZNhKkyVVpxLAfezo97G,2026-02-11,-54.4,GBP,PIZZA HUT UK REF:ORDER-ONL
financially_stretched,2026-02-11,ZrjbpdxNZNH8QPgjayZNhKkyVVpxLAfezo97G,2026-02-11,-33.34,GBP,BETFAIR UK REF:ACCOUNT
financially_stretched,2026-02-12,ZrjbpdxNZNH8QPgjayZNhKkyVVpxLAfezo97G,2026-02-12,-36.76,GBP,CO-OP FOOD LONDON N1
financially_stretched,2026-02-13,ZrjbpdxNZNH8QPgjayZNhKkyVVpxLAfezo97G,2026-02-13,-49.47,GBP,COSTCO UK WATFORD
financially_stretched,2026-02-14,ZrjbpdxNZNH8QPgjayZNhKkyVVpxLAfezo97G,2026-02-14,-7.16,GBP,YO SUSHI UK LTD LONDON
financially_stretched,2026-02-14,ZrjbpdxNZNH8QPgjayZNhKkyVVpxLAfezo97G,2026-02-14,953.23,GBP,FPS PEER TRANSFER REF:PERSONAL
financially_stretched,2026-02-14,ZrjbpdxNZNH8QPgjayZNhKkyVVpxLAfezo97G,2026-02-14,-27.72,GBP,OCADO RETAIL LTD REF:ORDER
financially_stretched,2026-02-15,ZrjbpdxNZNH8QPgjayZNhKkyVVpxLAfezo97G,2026-02-15,-22.07,GBP,MORRISONS SUPERMARKET LONDON
financially_stretched,2026-02-16,ZrjbpdxNZNH8QPgjayZNhKkyVVpxLAfezo97G,2026-02-16,-363.14,GBP,FPS CASH APP BORROW ADVANCE
financially_stretched,2026-02-16,ZrjbpdxNZNH8QPgjayZNhKkyVVpxLAfezo97G,2026-02-16,-6.07,GBP,DELIVEROO UK REF:ORDER-APP
financially_stretched,2026-02-16,ZrjbpdxNZNH8QPgjayZNhKkyVVpxLAfezo97G,2026-02-16,-49.44,GBP,SCREWFIX DIRECT LTD
financially_stretched,2026-02-16,ZrjbpdxNZNH8QPgjayZNhKkyVVpxLAfezo97G,2026-02-16,-26.45,GBP,ASDA SUPERSTORE LONDON
financially_stretched,2026-02-17,ZrjbpdxNZNH8QPgjayZNhKkyVVpxLAfezo97G,2026-02-17,-13.23,GBP,POUNDLAND STORE #4421
financially_stretched,2026-02-17,ZrjbpdxNZNH8QPgjayZNhKkyVVpxLAfezo97G,2026-02-17,-27.55,GBP,OCADO RETAIL LTD REF:ORDER
financially_stretched,2026-02-18,ZrjbpdxNZNH8QPgjayZNhKkyVVpxLAfezo97G,2026-02-18,-58.0,GBP,PIZZA HUT UK REF:ORDER-ONL
financially_stretched,2026-02-18,ZrjbpdxNZNH8QPgjayZNhKkyVVpxLAfezo97G,2026-02-18,-28.33,GBP,TESCO METRO LONDON EC1
financially_stretched,2026-02-18,ZrjbpdxNZNH8QPgjayZNhKkyVVpxLAfezo97G,2026-02-18,-21.82,GBP,OCADO RETAIL LTD REF:ORDER
financially_stretched,2026-02-19,ZrjbpdxNZNH8QPgjayZNhKkyVVpxLAfezo97G,2026-02-19,-23.51,GBP,TESCO METRO LONDON EC1
financially_stretched,2026-02-19,ZrjbpdxNZNH8QPgjayZNhKkyVVpxLAfezo97G,2026-02-19,-64.26,GBP,JD SPORTS FASHION PLC LONDON
financially_stretched,2026-02-20,ZrjbpdxNZNH8QPgjayZNhKkyVVpxLAfezo97G,2026-02-20,-20.59,GBP,THE COAL HOLE LONDON WC2
financially_stretched,2026-02-20,ZrjbpdxNZNH8QPgjayZNhKkyVVpxLAfezo97G,2026-02-20,-48.22,GBP,JUST EAT UK REF:ORDER-XXXX
financially_stretched,2026-02-21,ZrjbpdxNZNH8QPgjayZNhKkyVVpxLAfezo97G,2026-02-21,-46.13,GBP,UNPAID TRANSACTION FEE
financially_stretched,2026-02-21,ZrjbpdxNZNH8QPgjayZNhKkyVVpxLAfezo97G,2026-02-21,997.02,GBP,FPS CASH IN REF:CASH-DEPOSIT
financially_stretched,2026-02-21,ZrjbpdxNZNH8QPgjayZNhKkyVVpxLAfezo97G,2026-02-21,-10.66,GBP,POUNDLAND STORE #4421
financially_stretched,2026-02-22,ZrjbpdxNZNH8QPgjayZNhKkyVVpxLAfezo97G,2026-02-22,-21.96,GBP,OCADO RETAIL LTD REF:ORDER
financially_stretched,2026-02-22,ZrjbpdxNZNH8QPgjayZNhKkyVVpxLAfezo97G,2026-02-22,-7.6,GBP,YO SUSHI UK LTD LONDON
financially_stretched,2026-02-23,ZrjbpdxNZNH8QPgjayZNhKkyVVpxLAfezo97G,2026-02-23,-22.14,GBP,THE COAL HOLE LONDON WC2
financially_stretched,2026-02-23,ZrjbpdxNZNH8QPgjayZNhKkyVVpxLAfezo97G,2026-02-23,-35.5,GBP,BETFAIR UK REF:ACCOUNT
financially_stretched,2026-02-23,ZrjbpdxNZNH8QPgjayZNhKkyVVpxLAfezo97G,2026-02-23,-60.48,GBP,JD SPORTS FASHION PLC LONDON
financially_stretched,2026-02-24,ZrjbpdxNZNH8QPgjayZNhKkyVVpxLAfezo97G,2026-02-24,1061.15,GBP,BRIGIT APP DES:INSTANT CASH
financially_stretched,2026-02-24,ZrjbpdxNZNH8QPgjayZNhKkyVVpxLAfezo97G,2026-02-24,-24.85,GBP,OCADO RETAIL LTD REF:ORDER
financially_stretched,2026-02-25,ZrjbpdxNZNH8QPgjayZNhKkyVVpxLAfezo97G,2026-02-25,-13.43,GBP,WAHACA RESTAURANT LONDON
financially_stretched,2026-02-26,ZrjbpdxNZNH8QPgjayZNhKkyVVpxLAfezo97G,2026-02-26,-365.05,GBP,FPS MONZO FLEX ADVANCE
financially_stretched,2026-02-26,ZrjbpdxNZNH8QPgjayZNhKkyVVpxLAfezo97G,2026-02-26,-18.43,GBP,THE COAL HOLE LONDON WC2
financially_stretched,2026-02-26,ZrjbpdxNZNH8QPgjayZNhKkyVVpxLAfezo97G,2026-02-26,-43.99,GBP,JUST EAT UK REF:ORDER-XXXX
financially_stretched,2026-02-27,ZrjbpdxNZNH8QPgjayZNhKkyVVpxLAfezo97G,2026-02-27,-50.42,GBP,JD SPORTS FASHION PLC LONDON
financially_stretched,2026-02-28,ZrjbpdxNZNH8QPgjayZNhKkyVVpxLAfezo97G,2026-02-28,-41.58,GBP,MARKS AND SPENCER FOOD
financially_stretched,2026-02-28,ZrjbpdxNZNH8QPgjayZNhKkyVVpxLAfezo97G,2026-02-28,961.2,GBP,FPS PEER TRANSFER REF:PERSONAL
financially_stretched,2026-02-28,ZrjbpdxNZNH8QPgjayZNhKkyVVpxLAfezo97G,2026-02-28,-18.39,GBP,THE COAL HOLE LONDON WC2
financially_stretched,2026-02-28,ZrjbpdxNZNH8QPgjayZNhKkyVVpxLAfezo97G,2026-02-28,-7.11,GBP,YO SUSHI UK LTD LONDON
financially_stretched,2026-03-22,ZrjbpdxNZNH8QPgjayZNhKkyVVpxLAfezo97G,2026-03-22,998.14,GBP,ATM CASH DEPOSIT
financially_stretched,2026-03-22,ZrjbpdxNZNH8QPgjayZNhKkyVVpxLAfezo97G,2026-03-22,-26.76,GBP,OCADO RETAIL LTD REF:ORDER
financially_stretched,2026-03-22,ZrjbpdxNZNH8QPgjayZNhKkyVVpxLAfezo97G,2026-03-22,-36.06,GBP,IKEA UK LTD WEMBLEY
financially_stretched,2026-03-23,ZrjbpdxNZNH8QPgjayZNhKkyVVpxLAfezo97G,2026-03-23,-32.29,GBP,B&Q RETAIL LTD LONDON
financially_stretched,2026-03-23,ZrjbpdxNZNH8QPgjayZNhKkyVVpxLAfezo97G,2026-03-23,-36.17,GBP,BET365 UK REF:DEPOSIT
financially_stretched,2026-03-23,AZVW41zEmlhwyx9mKwLkCn5gpeEMggF94WW7r,2026-03-23,-26.76,GBP,OCADO RETAIL LTD REF:ORDER
financially_stretched,2026-03-23,AZVW41zEmlhwyx9mKwLkCn5gpeEMggF94WW7r,2026-03-23,-36.06,GBP,IKEA UK LTD WEMBLEY
financially_stretched,2026-03-23,AZVW41zEmlhwyx9mKwLkCn5gpeEMggF94WW7r,2026-03-23,998.14,GBP,ATM CASH DEPOSIT
financially_stretched,2026-03-23,ZrjbpdxNZNH8QPgjayZNhKkyVVpxLAfezo97G,2026-03-23,-9.1,GBP,SAINSBURYS SUPERMARKETS LONDON
financially_stretched,2026-03-23,ZrjbpdxNZNH8QPgjayZNhKkyVVpxLAfezo97G,2026-03-23,-39.8,GBP,LEON RESTAURANTS LONDON
financially_stretched,2026-03-24,ZrjbpdxNZNH8QPgjayZNhKkyVVpxLAfezo97G,2026-03-24,-26.51,GBP,DELIVEROO UK REF:ORDER-APP
financially_stretched,2026-03-24,ZrjbpdxNZNH8QPgjayZNhKkyVVpxLAfezo97G,2026-03-24,-49.51,GBP,DELIVEROO UK REF:ORDER-APP
financially_stretched,2026-03-24,ZrjbpdxNZNH8QPgjayZNhKkyVVpxLAfezo97G,2026-03-24,-5.03,GBP,OCADO RETAIL LTD REF:ORDER
financially_stretched,2026-03-24,ZrjbpdxNZNH8QPgjayZNhKkyVVpxLAfezo97G,2026-03-24,-18.44,GBP,OCADO RETAIL LTD REF:ORDER
financially_stretched,2026-03-24,AZVW41zEmlhwyx9mKwLkCn5gpeEMggF94WW7r,2026-03-24,-39.8,GBP,LEON RESTAURANTS LONDON
financially_stretched,2026-03-24,ZrjbpdxNZNH8QPgjayZNhKkyVVpxLAfezo97G,2026-03-24,-40.15,GBP,OCADO RETAIL LTD REF:ORDER
financially_stretched,2026-03-24,ZrjbpdxNZNH8QPgjayZNhKkyVVpxLAfezo97G,2026-03-24,-5.2,GBP,MARKS AND SPENCER FOOD
financially_stretched,2026-03-24,AZVW41zEmlhwyx9mKwLkCn5gpeEMggF94WW7r,2026-03-24,-32.29,GBP,B&Q RETAIL LTD LONDON
financially_stretched,2026-03-24,ZrjbpdxNZNH8QPgjayZNhKkyVVpxLAfezo97G,2026-03-24,-26.92,GBP,THE COAL HOLE LONDON WC2
financially_stretched,2026-03-24,AZVW41zEmlhwyx9mKwLkCn5gpeEMggF94WW7r,2026-03-24,-36.17,GBP,BET365 UK REF:DEPOSIT
financially_stretched,2026-03-24,AZVW41zEmlhwyx9mKwLkCn5gpeEMggF94WW7r,2026-03-24,-9.1,GBP,SAINSBURYS SUPERMARKETS LONDON
financially_stretched,2026-03-25,AZVW41zEmlhwyx9mKwLkCn5gpeEMggF94WW7r,2026-03-25,-5.03,GBP,OCADO RETAIL LTD REF:ORDER
financially_stretched,2026-03-25,AZVW41zEmlhwyx9mKwLkCn5gpeEMggF94WW7r,2026-03-25,-26.92,GBP,THE COAL HOLE LONDON WC2
financially_stretched,2026-03-25,AZVW41zEmlhwyx9mKwLkCn5gpeEMggF94WW7r,2026-03-25,-26.51,GBP,DELIVEROO UK REF:ORDER-APP
financially_stretched,2026-03-25,AZVW41zEmlhwyx9mKwLkCn5gpeEMggF94WW7r,2026-03-25,-18.44,GBP,OCADO RETAIL LTD REF:ORDER
financially_stretched,2026-03-25,ZrjbpdxNZNH8QPgjayZNhKkyVVpxLAfezo97G,2026-03-25,-48.1,GBP,CO-OP FOOD LONDON N1
financially_stretched,2026-03-25,AZVW41zEmlhwyx9mKwLkCn5gpeEMggF94WW7r,2026-03-25,-49.51,GBP,DELIVEROO UK REF:ORDER-APP
financially_stretched,2026-03-25,ZrjbpdxNZNH8QPgjayZNhKkyVVpxLAfezo97G,2026-03-25,-50.79,GBP,IKEA UK LTD WEMBLEY
financially_stretched,2026-03-25,AZVW41zEmlhwyx9mKwLkCn5gpeEMggF94WW7r,2026-03-25,-40.15,GBP,OCADO RETAIL LTD REF:ORDER
financially_stretched,2026-03-25,ZrjbpdxNZNH8QPgjayZNhKkyVVpxLAfezo97G,2026-03-25,-31.1,GBP,BETFAIR UK REF:ACCOUNT
financially_stretched,2026-03-25,AZVW41zEmlhwyx9mKwLkCn5gpeEMggF94WW7r,2026-03-25,-5.2,GBP,MARKS AND SPENCER FOOD
financially_stretched,2026-03-26,ZrjbpdxNZNH8QPgjayZNhKkyVVpxLAfezo97G,2026-03-26,-18.06,GBP,MORRISONS SUPERMARKET LONDON
financially_stretched,2026-03-26,ZrjbpdxNZNH8QPgjayZNhKkyVVpxLAfezo97G,2026-03-26,-42.18,GBP,MARKS AND SPENCER FOOD
financially_stretched,2026-03-26,AZVW41zEmlhwyx9mKwLkCn5gpeEMggF94WW7r,2026-03-26,-48.1,GBP,CO-OP FOOD LONDON N1
financially_stretched,2026-03-26,AZVW41zEmlhwyx9mKwLkCn5gpeEMggF94WW7r,2026-03-26,-50.79,GBP,IKEA UK LTD WEMBLEY
financially_stretched,2026-03-26,ZrjbpdxNZNH8QPgjayZNhKkyVVpxLAfezo97G,2026-03-26,-37.92,GBP,DELIVEROO UK REF:ORDER-APP
financially_stretched,2026-03-26,ZrjbpdxNZNH8QPgjayZNhKkyVVpxLAfezo97G,2026-03-26,-47.29,GBP,LIDL UK LTD LONDON
financially_stretched,2026-03-26,AZVW41zEmlhwyx9mKwLkCn5gpeEMggF94WW7r,2026-03-26,-31.1,GBP,BETFAIR UK REF:ACCOUNT
financially_stretched,2026-03-26,ZrjbpdxNZNH8QPgjayZNhKkyVVpxLAfezo97G,2026-03-26,-29.85,GBP,OCADO RETAIL LTD REF:ORDER
financially_stretched,2026-03-27,ZrjbpdxNZNH8QPgjayZNhKkyVVpxLAfezo97G,2026-03-27,-42.37,GBP,LIDL UK LTD LONDON
financially_stretched,2026-03-27,AZVW41zEmlhwyx9mKwLkCn5gpeEMggF94WW7r,2026-03-27,-42.18,GBP,MARKS AND SPENCER FOOD
financially_stretched,2026-03-27,ZrjbpdxNZNH8QPgjayZNhKkyVVpxLAfezo97G,2026-03-27,-27.5,GBP,NANDOS RESTAURANT LONDON
financially_stretched,2026-03-27,ZrjbpdxNZNH8QPgjayZNhKkyVVpxLAfezo97G,2026-03-27,-56.04,GBP,OCADO RETAIL LTD REF:ORDER
financially_stretched,2026-03-27,ZrjbpdxNZNH8QPgjayZNhKkyVVpxLAfezo97G,2026-03-27,-25.01,GBP,LEON RESTAURANTS LONDON
financially_stretched,2026-03-27,AZVW41zEmlhwyx9mKwLkCn5gpeEMggF94WW7r,2026-03-27,-47.29,GBP,LIDL UK LTD LONDON
financially_stretched,2026-03-27,AZVW41zEmlhwyx9mKwLkCn5gpeEMggF94WW7r,2026-03-27,-37.92,GBP,DELIVEROO UK REF:ORDER-APP
financially_stretched,2026-03-27,ZrjbpdxNZNH8QPgjayZNhKkyVVpxLAfezo97G,2026-03-27,-39.16,GBP,BETFAIR UK REF:ACCOUNT
financially_stretched,2026-03-27,AZVW41zEmlhwyx9mKwLkCn5gpeEMggF94WW7r,2026-03-27,-18.06,GBP,MORRISONS SUPERMARKET LONDON
financially_stretched,2026-03-27,AZVW41zEmlhwyx9mKwLkCn5gpeEMggF94WW7r,2026-03-27,-29.85,GBP,OCADO RETAIL LTD REF:ORDER
financially_stretched,2026-03-27,ZrjbpdxNZNH8QPgjayZNhKkyVVpxLAfezo97G,2026-03-27,-50.7,GBP,PRIMARK STORES LTD LONDON
financially_stretched,2026-03-27,ZrjbpdxNZNH8QPgjayZNhKkyVVpxLAfezo97G,2026-03-27,-20.9,GBP,LIDL UK LTD LONDON
financially_stretched,2026-03-27,ZrjbpdxNZNH8QPgjayZNhKkyVVpxLAfezo97G,2026-03-27,-22.62,GBP,NIKE UK ONLINE STORE
financially_stretched,2026-03-27,ZrjbpdxNZNH8QPgjayZNhKkyVVpxLAfezo97G,2026-03-27,1080.9,GBP,WONGA COM LTD REF:LOAN-REPAY
financially_stretched,2026-03-27,ZrjbpdxNZNH8QPgjayZNhKkyVVpxLAfezo97G,2026-03-27,-23.14,GBP,OCADO RETAIL LTD REF:ORDER
financially_stretched,2026-03-28,AZVW41zEmlhwyx9mKwLkCn5gpeEMggF94WW7r,2026-03-28,-27.5,GBP,NANDOS RESTAURANT LONDON
financially_stretched,2026-03-28,AZVW41zEmlhwyx9mKwLkCn5gpeEMggF94WW7r,2026-03-28,-50.7,GBP,PRIMARK STORES LTD LONDON
financially_stretched,2026-03-28,AZVW41zEmlhwyx9mKwLkCn5gpeEMggF94WW7r,2026-03-28,-25.01,GBP,LEON RESTAURANTS LONDON
financially_stretched,2026-03-28,ZrjbpdxNZNH8QPgjayZNhKkyVVpxLAfezo97G,2026-03-28,-47.1,GBP,OCADO RETAIL LTD REF:ORDER
financially_stretched,2026-03-28,AZVW41zEmlhwyx9mKwLkCn5gpeEMggF94WW7r,2026-03-28,-20.9,GBP,LIDL UK LTD LONDON
financially_stretched,2026-03-28,AZVW41zEmlhwyx9mKwLkCn5gpeEMggF94WW7r,2026-03-28,1080.9,GBP,WONGA COM LTD REF:LOAN-REPAY
financially_stretched,2026-03-28,AZVW41zEmlhwyx9mKwLkCn5gpeEMggF94WW7r,2026-03-28,-39.16,GBP,BETFAIR UK REF:ACCOUNT
financially_stretched,2026-03-28,AZVW41zEmlhwyx9mKwLkCn5gpeEMggF94WW7r,2026-03-28,-22.62,GBP,NIKE UK ONLINE STORE
financially_stretched,2026-03-28,AZVW41zEmlhwyx9mKwLkCn5gpeEMggF94WW7r,2026-03-28,-56.04,GBP,OCADO RETAIL LTD REF:ORDER
financially_stretched,2026-03-28,AZVW41zEmlhwyx9mKwLkCn5gpeEMggF94WW7r,2026-03-28,-42.37,GBP,LIDL UK LTD LONDON
financially_stretched,2026-03-28,AZVW41zEmlhwyx9mKwLkCn5gpeEMggF94WW7r,2026-03-28,-23.14,GBP,OCADO RETAIL LTD REF:ORDER
financially_stretched,2026-03-28,ZrjbpdxNZNH8QPgjayZNhKkyVVpxLAfezo97G,2026-03-28,-7.77,GBP,ASDA SUPERSTORE LONDON
financially_stretched,2026-03-29,ZrjbpdxNZNH8QPgjayZNhKkyVVpxLAfezo97G,2026-03-29,-34.34,GBP,IKEA UK LTD WEMBLEY
financially_stretched,2026-03-29,ZrjbpdxNZNH8QPgjayZNhKkyVVpxLAfezo97G,2026-03-29,-6.84,GBP,DOMINOS PIZZA UK LTD
financially_stretched,2026-03-29,ZrjbpdxNZNH8QPgjayZNhKkyVVpxLAfezo97G,2026-03-29,-36.56,GBP,BETFAIR UK REF:ACCOUNT
financially_stretched,2026-03-29,AZVW41zEmlhwyx9mKwLkCn5gpeEMggF94WW7r,2026-03-29,-47.1,GBP,OCADO RETAIL LTD REF:ORDER
financially_stretched,2026-03-29,ZrjbpdxNZNH8QPgjayZNhKkyVVpxLAfezo97G,2026-03-29,-57.33,GBP,CO-OP FOOD LONDON N1
financially_stretched,2026-03-29,AZVW41zEmlhwyx9mKwLkCn5gpeEMggF94WW7r,2026-03-29,-7.77,GBP,ASDA SUPERSTORE LONDON
financially_stretched,2026-03-29,ZrjbpdxNZNH8QPgjayZNhKkyVVpxLAfezo97G,2026-03-29,-38.24,GBP,OCADO RETAIL LTD REF:ORDER
financially_stretched,2026-03-30,ZrjbpdxNZNH8QPgjayZNhKkyVVpxLAfezo97G,2026-03-30,-12.36,GBP,BETFAIR UK REF:ACCOUNT
financially_stretched,2026-03-30,AZVW41zEmlhwyx9mKwLkCn5gpeEMggF94WW7r,2026-03-30,-57.33,GBP,CO-OP FOOD LONDON N1
financially_stretched,2026-03-30,ZrjbpdxNZNH8QPgjayZNhKkyVVpxLAfezo97G,2026-03-30,-20.32,GBP,ASDA SUPERSTORE LONDON
financially_stretched,2026-03-30,ZrjbpdxNZNH8QPgjayZNhKkyVVpxLAfezo97G,2026-03-30,-18.88,GBP,NANDOS RESTAURANT LONDON
financially_stretched,2026-03-30,AZVW41zEmlhwyx9mKwLkCn5gpeEMggF94WW7r,2026-03-30,-6.84,GBP,DOMINOS PIZZA UK LTD
financially_stretched,2026-03-30,ZrjbpdxNZNH8QPgjayZNhKkyVVpxLAfezo97G,2026-03-30,-29.17,GBP,BETFAIR UK REF:ACCOUNT
financially_stretched,2026-03-30,ZrjbpdxNZNH8QPgjayZNhKkyVVpxLAfezo97G,2026-03-30,-54.22,GBP,DOMINOS PIZZA UK LTD
financially_stretched,2026-03-30,AZVW41zEmlhwyx9mKwLkCn5gpeEMggF94WW7r,2026-03-30,-34.34,GBP,IKEA UK LTD WEMBLEY
financially_stretched,2026-03-30,AZVW41zEmlhwyx9mKwLkCn5gpeEMggF94WW7r,2026-03-30,-36.56,GBP,BETFAIR UK REF:ACCOUNT
financially_stretched,2026-03-30,AZVW41zEmlhwyx9mKwLkCn5gpeEMggF94WW7r,2026-03-30,-38.24,GBP,OCADO RETAIL LTD REF:ORDER
financially_stretched,2026-03-31,ZrjbpdxNZNH8QPgjayZNhKkyVVpxLAfezo97G,2026-03-31,-8.59,GBP,BETFAIR UK REF:ACCOUNT
financially_stretched,2026-03-31,AZVW41zEmlhwyx9mKwLkCn5gpeEMggF94WW7r,2026-03-31,-20.32,GBP,ASDA SUPERSTORE LONDON
financially_stretched,2026-03-31,AZVW41zEmlhwyx9mKwLkCn5gpeEMggF94WW7r,2026-03-31,-54.22,GBP,DOMINOS PIZZA UK LTD
financially_stretched,2026-03-31,ZrjbpdxNZNH8QPgjayZNhKkyVVpxLAfezo97G,2026-03-31,-34.29,GBP,SAINSBURYS SUPERMARKETS LONDON
financially_stretched,2026-03-31,ZrjbpdxNZNH8QPgjayZNhKkyVVpxLAfezo97G,2026-03-31,-31.28,GBP,OCADO RETAIL LTD REF:ORDER
financially_stretched,2026-03-31,AZVW41zEmlhwyx9mKwLkCn5gpeEMggF94WW7r,2026-03-31,-12.36,GBP,BETFAIR UK REF:ACCOUNT
financially_stretched,2026-03-31,AZVW41zEmlhwyx9mKwLkCn5gpeEMggF94WW7r,2026-03-31,-18.88,GBP,NANDOS RESTAURANT LONDON
financially_stretched,2026-03-31,ZrjbpdxNZNH8QPgjayZNhKkyVVpxLAfezo97G,2026-03-31,-41.69,GBP,NIKE UK ONLINE STORE
financially_stretched,2026-03-31,AZVW41zEmlhwyx9mKwLkCn5gpeEMggF94WW7r,2026-03-31,-29.17,GBP,BETFAIR UK REF:ACCOUNT
financially_stretched,2026-04-01,AZVW41zEmlhwyx9mKwLkCn5gpeEMggF94WW7r,2026-04-01,-31.28,GBP,OCADO RETAIL LTD REF:ORDER
financially_stretched,2026-04-01,AZVW41zEmlhwyx9mKwLkCn5gpeEMggF94WW7r,2026-04-01,-41.69,GBP,NIKE UK ONLINE STORE
financially_stretched,2026-04-01,ZrjbpdxNZNH8QPgjayZNhKkyVVpxLAfezo97G,2026-04-01,-27.51,GBP,BETFAIR UK REF:ACCOUNT
financially_stretched,2026-04-01,ZrjbpdxNZNH8QPgjayZNhKkyVVpxLAfezo97G,2026-04-01,-47.8,GBP,OVERDRAFT FEE
financially_stretched,2026-04-01,AZVW41zEmlhwyx9mKwLkCn5gpeEMggF94WW7r,2026-04-01,-34.29,GBP,SAINSBURYS SUPERMARKETS LONDON
financially_stretched,2026-04-01,AZVW41zEmlhwyx9mKwLkCn5gpeEMggF94WW7r,2026-04-01,-8.59,GBP,BETFAIR UK REF:ACCOUNT
financially_stretched,2026-04-01,ZrjbpdxNZNH8QPgjayZNhKkyVVpxLAfezo97G,2026-04-01,-24.95,GBP,IKEA UK LTD WEMBLEY
financially_stretched,2026-04-01,ZrjbpdxNZNH8QPgjayZNhKkyVVpxLAfezo97G,2026-04-01,-16.58,GBP,THE COAL HOLE LONDON WC2
financially_stretched,2026-04-02,ZrjbpdxNZNH8QPgjayZNhKkyVVpxLAfezo97G,2026-04-02,-55.46,GBP,NANDOS RESTAURANT LONDON
financially_stretched,2026-04-02,ZrjbpdxNZNH8QPgjayZNhKkyVVpxLAfezo97G,2026-04-02,-37.15,GBP,SAINSBURYS SUPERMARKETS LONDON
financially_stretched,2026-04-02,ZrjbpdxNZNH8QPgjayZNhKkyVVpxLAfezo97G,2026-04-02,-27.38,GBP,NIKE UK ONLINE STORE
financially_stretched,2026-04-02,ZrjbpdxNZNH8QPgjayZNhKkyVVpxLAfezo97G,2026-04-02,-20.63,GBP,DELIVEROO UK REF:ORDER-APP
financially_stretched,2026-04-02,AZVW41zEmlhwyx9mKwLkCn5gpeEMggF94WW7r,2026-04-02,-16.58,GBP,THE COAL HOLE LONDON WC2
financially_stretched,2026-04-02,ZrjbpdxNZNH8QPgjayZNhKkyVVpxLAfezo97G,2026-04-02,-22.59,GBP,POUNDLAND LTD LONDON
financially_stretched,2026-04-02,ZrjbpdxNZNH8QPgjayZNhKkyVVpxLAfezo97G,2026-04-02,-57.36,GBP,B&Q RETAIL LTD LONDON
financially_stretched,2026-04-02,ZrjbpdxNZNH8QPgjayZNhKkyVVpxLAfezo97G,2026-04-02,-49.92,GBP,DELIVEROO UK REF:ORDER-APP
financially_stretched,2026-04-02,ZrjbpdxNZNH8QPgjayZNhKkyVVpxLAfezo97G,2026-04-02,-52.52,GBP,SAINSBURYS SUPERMARKETS LONDON
financially_stretched,2026-04-02,AZVW41zEmlhwyx9mKwLkCn5gpeEMggF94WW7r,2026-04-02,-27.51,GBP,BETFAIR UK REF:ACCOUNT
financially_stretched,2026-04-02,AZVW41zEmlhwyx9mKwLkCn5gpeEMggF94WW7r,2026-04-02,-24.95,GBP,IKEA UK LTD WEMBLEY
financially_stretched,2026-04-02,AZVW41zEmlhwyx9mKwLkCn5gpeEMggF94WW7r,2026-04-02,-47.8,GBP,OVERDRAFT FEE
financially_stretched,2026-04-03,AZVW41zEmlhwyx9mKwLkCn5gpeEMggF94WW7r,2026-04-03,-27.38,GBP,NIKE UK ONLINE STORE
financially_stretched,2026-04-03,AZVW41zEmlhwyx9mKwLkCn5gpeEMggF94WW7r,2026-04-03,-52.52,GBP,SAINSBURYS SUPERMARKETS LONDON
financially_stretched,2026-04-03,AZVW41zEmlhwyx9mKwLkCn5gpeEMggF94WW7r,2026-04-03,-55.46,GBP,NANDOS RESTAURANT LONDON
financially_stretched,2026-04-03,AZVW41zEmlhwyx9mKwLkCn5gpeEMggF94WW7r,2026-04-03,-57.36,GBP,B&Q RETAIL LTD LONDON
financially_stretched,2026-04-03,AZVW41zEmlhwyx9mKwLkCn5gpeEMggF94WW7r,2026-04-03,-49.92,GBP,DELIVEROO UK REF:ORDER-APP
financially_stretched,2026-04-03,AZVW41zEmlhwyx9mKwLkCn5gpeEMggF94WW7r,2026-04-03,-20.63,GBP,DELIVEROO UK REF:ORDER-APP
financially_stretched,2026-04-03,AZVW41zEmlhwyx9mKwLkCn5gpeEMggF94WW7r,2026-04-03,-37.15,GBP,SAINSBURYS SUPERMARKETS LONDON
financially_stretched,2026-04-03,AZVW41zEmlhwyx9mKwLkCn5gpeEMggF94WW7r,2026-04-03,-22.59,GBP,POUNDLAND LTD LONDON
financially_stretched,2026-04-03,ZrjbpdxNZNH8QPgjayZNhKkyVVpxLAfezo97G,2026-04-03,-10.3,GBP,POUNDLAND LTD LONDON
financially_stretched,2026-04-04,AZVW41zEmlhwyx9mKwLkCn5gpeEMggF94WW7r,2026-04-04,-10.3,GBP,POUNDLAND LTD LONDON
financially_stretched,2026-04-05,ZrjbpdxNZNH8QPgjayZNhKkyVVpxLAfezo97G,2026-04-05,-27.98,GBP,SAINSBURYS SUPERMARKETS LONDON
financially_stretched,2026-04-05,ZrjbpdxNZNH8QPgjayZNhKkyVVpxLAfezo97G,2026-04-05,-56.82,GBP,NIKE UK ONLINE STORE
financially_stretched,2026-04-05,ZrjbpdxNZNH8QPgjayZNhKkyVVpxLAfezo97G,2026-04-05,-50.94,GBP,BETFAIR UK REF:ACCOUNT
financially_stretched,2026-04-05,ZrjbpdxNZNH8QPgjayZNhKkyVVpxLAfezo97G,2026-04-05,978.21,GBP,FPS TRANSFER REF:P2P-SEND
financially_stretched,2026-04-05,ZrjbpdxNZNH8QPgjayZNhKkyVVpxLAfezo97G,2026-04-05,-39.34,GBP,SAINSBURYS SUPERMARKETS LONDON
financially_stretched,2026-04-06,ZrjbpdxNZNH8QPgjayZNhKkyVVpxLAfezo97G,2026-04-06,1004.18,GBP,FPS TRANSFER REF:P2P-SEND
financially_stretched,2026-04-06,AZVW41zEmlhwyx9mKwLkCn5gpeEMggF94WW7r,2026-04-06,-56.82,GBP,NIKE UK ONLINE STORE
financially_stretched,2026-04-06,ZrjbpdxNZNH8QPgjayZNhKkyVVpxLAfezo97G,2026-04-06,-20.64,GBP,THE COAL HOLE LONDON WC2
financially_stretched,2026-04-06,AZVW41zEmlhwyx9mKwLkCn5gpeEMggF94WW7r,2026-04-06,978.21,GBP,FPS TRANSFER REF:P2P-SEND
financially_stretched,2026-04-06,AZVW41zEmlhwyx9mKwLkCn5gpeEMggF94WW7r,2026-04-06,-50.94,GBP,BETFAIR UK REF:ACCOUNT
financially_stretched,2026-04-06,ZrjbpdxNZNH8QPgjayZNhKkyVVpxLAfezo97G,2026-04-06,-51.34,GBP,POUNDLAND LTD LONDON
financially_stretched,2026-04-06,AZVW41zEmlhwyx9mKwLkCn5gpeEMggF94WW7r,2026-04-06,-27.98,GBP,SAINSBURYS SUPERMARKETS LONDON
financially_stretched,2026-04-06,AZVW41zEmlhwyx9mKwLkCn5gpeEMggF94WW7r,2026-04-06,-39.34,GBP,SAINSBURYS SUPERMARKETS LONDON
financially_stretched,2026-04-06,ZrjbpdxNZNH8QPgjayZNhKkyVVpxLAfezo97G,2026-04-06,-59.84,GBP,MORRISONS SUPERMARKET LONDON
financially_stretched,2026-04-07,AZVW41zEmlhwyx9mKwLkCn5gpeEMggF94WW7r,2026-04-07,-20.64,GBP,THE COAL HOLE LONDON WC2
financially_stretched,2026-04-07,AZVW41zEmlhwyx9mKwLkCn5gpeEMggF94WW7r,2026-04-07,-51.34,GBP,POUNDLAND LTD LONDON
financially_stretched,2026-04-07,AZVW41zEmlhwyx9mKwLkCn5gpeEMggF94WW7r,2026-04-07,1004.18,GBP,FPS TRANSFER REF:P2P-SEND
financially_stretched,2026-04-07,AZVW41zEmlhwyx9mKwLkCn5gpeEMggF94WW7r,2026-04-07,-59.84,GBP,MORRISONS SUPERMARKET LONDON
financially_stretched,2026-04-08,ZrjbpdxNZNH8QPgjayZNhKkyVVpxLAfezo97G,2026-04-08,-17.06,GBP,NANDOS RESTAURANT LONDON
financially_stretched,2026-04-08,ZrjbpdxNZNH8QPgjayZNhKkyVVpxLAfezo97G,2026-04-08,-49.01,GBP,BETFAIR UK REF:ACCOUNT
financially_stretched,2026-04-09,AZVW41zEmlhwyx9mKwLkCn5gpeEMggF94WW7r,2026-04-09,-49.01,GBP,BETFAIR UK REF:ACCOUNT
financially_stretched,2026-04-09,AZVW41zEmlhwyx9mKwLkCn5gpeEMggF94WW7r,2026-04-09,-17.06,GBP,NANDOS RESTAURANT LONDON
financially_stretched,2026-04-10,ZrjbpdxNZNH8QPgjayZNhKkyVVpxLAfezo97G,2026-04-10,-52.33,GBP,BET365 UK REF:DEPOSIT
financially_stretched,2026-04-10,ZrjbpdxNZNH8QPgjayZNhKkyVVpxLAfezo97G,2026-04-10,-14.15,GBP,GREGGS BAKERY LONDON
financially_stretched,2026-04-10,ZrjbpdxNZNH8QPgjayZNhKkyVVpxLAfezo97G,2026-04-10,-13.28,GBP,POUNDLAND LTD LONDON
financially_stretched,2026-04-10,ZrjbpdxNZNH8QPgjayZNhKkyVVpxLAfezo97G,2026-04-10,-15.45,GBP,NANDOS RESTAURANT LONDON
financially_stretched,2026-04-11,AZVW41zEmlhwyx9mKwLkCn5gpeEMggF94WW7r,2026-04-11,-52.33,GBP,BET365 UK REF:DEPOSIT
financially_stretched,2026-04-11,ZrjbpdxNZNH8QPgjayZNhKkyVVpxLAfezo97G,2026-04-11,-387.97,GBP,WONGA COM LTD REF:LOAN-REPAY
financially_stretched,2026-04-11,AZVW41zEmlhwyx9mKwLkCn5gpeEMggF94WW7r,2026-04-11,-14.15,GBP,GREGGS BAKERY LONDON
financially_stretched,2026-04-11,AZVW41zEmlhwyx9mKwLkCn5gpeEMggF94WW7r,2026-04-11,-15.45,GBP,NANDOS RESTAURANT LONDON
financially_stretched,2026-04-11,AZVW41zEmlhwyx9mKwLkCn5gpeEMggF94WW7r,2026-04-11,-13.28,GBP,POUNDLAND LTD LONDON
financially_stretched,2026-04-11,ZrjbpdxNZNH8QPgjayZNhKkyVVpxLAfezo97G,2026-04-11,-19.53,GBP,CO-OP FOOD LONDON N1
financially_stretched,2026-04-12,ZrjbpdxNZNH8QPgjayZNhKkyVVpxLAfezo97G,2026-04-12,-22.82,GBP,PRIMARK STORES LTD LONDON
financially_stretched,2026-04-12,AZVW41zEmlhwyx9mKwLkCn5gpeEMggF94WW7r,2026-04-12,-387.97,GBP,WONGA COM LTD REF:LOAN-REPAY
financially_stretched,2026-04-12,AZVW41zEmlhwyx9mKwLkCn5gpeEMggF94WW7r,2026-04-12,-19.53,GBP,CO-OP FOOD LONDON N1
financially_stretched,2026-04-12,ZrjbpdxNZNH8QPgjayZNhKkyVVpxLAfezo97G,2026-04-12,-36.5,GBP,INSUFFICIENT FUNDS FEE
financially_stretched,2026-04-13,ZrjbpdxNZNH8QPgjayZNhKkyVVpxLAfezo97G,2026-04-13,-13.63,GBP,CO-OP FOOD LONDON N1
financially_stretched,2026-04-13,ZrjbpdxNZNH8QPgjayZNhKkyVVpxLAfezo97G,2026-04-13,-45.63,GBP,BET365 UK REF:DEPOSIT
financially_stretched,2026-04-13,AZVW41zEmlhwyx9mKwLkCn5gpeEMggF94WW7r,2026-04-13,-22.82,GBP,PRIMARK STORES LTD LONDON
financially_stretched,2026-04-13,AZVW41zEmlhwyx9mKwLkCn5gpeEMggF94WW7r,2026-04-13,-36.5,GBP,INSUFFICIENT FUNDS FEE
financially_stretched,2026-04-14,ZrjbpdxNZNH8QPgjayZNhKkyVVpxLAfezo97G,2026-04-14,-42.32,GBP,CO-OP FOOD LONDON N1
financially_stretched,2026-04-14,AZVW41zEmlhwyx9mKwLkCn5gpeEMggF94WW7r,2026-04-14,-45.63,GBP,BET365 UK REF:DEPOSIT
financially_stretched,2026-04-14,ZrjbpdxNZNH8QPgjayZNhKkyVVpxLAfezo97G,2026-04-14,-14.59,GBP,MORRISONS SUPERMARKET LONDON
financially_stretched,2026-04-14,ZrjbpdxNZNH8QPgjayZNhKkyVVpxLAfezo97G,2026-04-14,-334.68,GBP,WONGA COM LTD REF:LOAN-REPAY
financially_stretched,2026-04-14,AZVW41zEmlhwyx9mKwLkCn5gpeEMggF94WW7r,2026-04-14,-13.63,GBP,CO-OP FOOD LONDON N1
financially_stretched,2026-04-15,AZVW41zEmlhwyx9mKwLkCn5gpeEMggF94WW7r,2026-04-15,-14.59,GBP,MORRISONS SUPERMARKET LONDON
financially_stretched,2026-04-15,ZrjbpdxNZNH8QPgjayZNhKkyVVpxLAfezo97G,2026-04-15,-36.32,GBP,BET365 UK REF:DEPOSIT
financially_stretched,2026-04-15,ZrjbpdxNZNH8QPgjayZNhKkyVVpxLAfezo97G,2026-04-15,-6.49,GBP,LIDL UK LTD LONDON
financially_stretched,2026-04-15,ZrjbpdxNZNH8QPgjayZNhKkyVVpxLAfezo97G,2026-04-15,-15.02,GBP,BET365 UK REF:DEPOSIT
financially_stretched,2026-04-15,AZVW41zEmlhwyx9mKwLkCn5gpeEMggF94WW7r,2026-04-15,-42.32,GBP,CO-OP FOOD LONDON N1
financially_stretched,2026-04-15,AZVW41zEmlhwyx9mKwLkCn5gpeEMggF94WW7r,2026-04-15,-334.68,GBP,WONGA COM LTD REF:LOAN-REPAY
financially_stretched,2026-04-15,ZrjbpdxNZNH8QPgjayZNhKkyVVpxLAfezo97G,2026-04-15,-7.09,GBP,GREGGS BAKERY LONDON
financially_stretched,2026-04-15,ZrjbpdxNZNH8QPgjayZNhKkyVVpxLAfezo97G,2026-04-15,-18.51,GBP,MARKS AND SPENCER FOOD
financially_stretched,2026-04-15,ZrjbpdxNZNH8QPgjayZNhKkyVVpxLAfezo97G,2026-04-15,-12.32,GBP,BETFAIR UK REF:ACCOUNT
financially_stretched,2026-04-16,ZrjbpdxNZNH8QPgjayZNhKkyVVpxLAfezo97G,2026-04-16,-22.76,GBP,SAINSBURYS SUPERMARKETS LONDON
financially_stretched,2026-04-16,ZrjbpdxNZNH8QPgjayZNhKkyVVpxLAfezo97G,2026-04-16,-50.76,GBP,DOMINOS PIZZA UK LTD
financially_stretched,2026-04-16,AZVW41zEmlhwyx9mKwLkCn5gpeEMggF94WW7r,2026-04-16,-15.02,GBP,BET365 UK REF:DEPOSIT
financially_stretched,2026-04-16,ZrjbpdxNZNH8QPgjayZNhKkyVVpxLAfezo97G,2026-04-16,-6.29,GBP,CO-OP FOOD LONDON N1
financially_stretched,2026-04-16,AZVW41zEmlhwyx9mKwLkCn5gpeEMggF94WW7r,2026-04-16,-12.32,GBP,BETFAIR UK REF:ACCOUNT
financially_stretched,2026-04-16,AZVW41zEmlhwyx9mKwLkCn5gpeEMggF94WW7r,2026-04-16,-7.09,GBP,GREGGS BAKERY LONDON
financially_stretched,2026-04-16,AZVW41zEmlhwyx9mKwLkCn5gpeEMggF94WW7r,2026-04-16,-36.32,GBP,BET365 UK REF:DEPOSIT
financially_stretched,2026-04-16,ZrjbpdxNZNH8QPgjayZNhKkyVVpxLAfezo97G,2026-04-16,-355.5,GBP,WONGA COM LTD REF:LOAN-REPAY
financially_stretched,2026-04-16,AZVW41zEmlhwyx9mKwLkCn5gpeEMggF94WW7r,2026-04-16,-6.49,GBP,LIDL UK LTD LONDON
financially_stretched,2026-04-16,AZVW41zEmlhwyx9mKwLkCn5gpeEMggF94WW7r,2026-04-16,-18.51,GBP,MARKS AND SPENCER FOOD
financially_stretched,2026-04-16,ZrjbpdxNZNH8QPgjayZNhKkyVVpxLAfezo97G,2026-04-16,-7.71,GBP,OCADO RETAIL LTD REF:ORDER
financially_stretched,2026-04-17,ZrjbpdxNZNH8QPgjayZNhKkyVVpxLAfezo97G,2026-04-17,-59.85,GBP,GREGGS BAKERY LONDON
financially_stretched,2026-04-17,AZVW41zEmlhwyx9mKwLkCn5gpeEMggF94WW7r,2026-04-17,-50.76,GBP,DOMINOS PIZZA UK LTD
financially_stretched,2026-04-17,ZrjbpdxNZNH8QPgjayZNhKkyVVpxLAfezo97G,2026-04-17,-23.65,GBP,ASDA SUPERSTORE LONDON
financially_stretched,2026-04-17,ZrjbpdxNZNH8QPgjayZNhKkyVVpxLAfezo97G,2026-04-17,-23.1,GBP,MORRISONS SUPERMARKET LONDON
financially_stretched,2026-04-17,AZVW41zEmlhwyx9mKwLkCn5gpeEMggF94WW7r,2026-04-17,-22.76,GBP,SAINSBURYS SUPERMARKETS LONDON
financially_stretched,2026-04-17,AZVW41zEmlhwyx9mKwLkCn5gpeEMggF94WW7r,2026-04-17,-6.29,GBP,CO-OP FOOD LONDON N1
financially_stretched,2026-04-17,AZVW41zEmlhwyx9mKwLkCn5gpeEMggF94WW7r,2026-04-17,-7.71,GBP,OCADO RETAIL LTD REF:ORDER
financially_stretched,2026-04-17,AZVW41zEmlhwyx9mKwLkCn5gpeEMggF94WW7r,2026-04-17,-355.5,GBP,WONGA COM LTD REF:LOAN-REPAY
financially_stretched,2026-04-18,AZVW41zEmlhwyx9mKwLkCn5gpeEMggF94WW7r,2026-04-18,-59.85,GBP,GREGGS BAKERY LONDON
financially_stretched,2026-04-18,AZVW41zEmlhwyx9mKwLkCn5gpeEMggF94WW7r,2026-04-18,-23.1,GBP,MORRISONS SUPERMARKET LONDON
financially_stretched,2026-04-18,ZrjbpdxNZNH8QPgjayZNhKkyVVpxLAfezo97G,2026-04-18,-6.03,GBP,DELIVEROO UK REF:ORDER-APP
financially_stretched,2026-04-18,AZVW41zEmlhwyx9mKwLkCn5gpeEMggF94WW7r,2026-04-18,-23.65,GBP,ASDA SUPERSTORE LONDON
gig_worker,2025-11-01,xbWVKP9aG8TmlzqAJzrpHXBDzPxLgQu6AMedA,2025-11-01,-18.34,GBP,COSTCO UK WATFORD
gig_worker,2025-11-01,xbWVKP9aG8TmlzqAJzrpHXBDzPxLgQu6AMedA,2025-11-01,877.53,GBP,UBER EATS PAYMENTS BACS REF:XXXXX332
gig_worker,2025-11-02,xbWVKP9aG8TmlzqAJzrpHXBDzPxLgQu6AMedA,2025-11-02,-20.82,GBP,SCREWFIX DIRECT LTD
gig_worker,2025-11-03,xbWVKP9aG8TmlzqAJzrpHXBDzPxLgQu6AMedA,2025-11-03,-62.91,GBP,ITSU UK LTD LONDON SE1
gig_worker,2025-11-03,xbWVKP9aG8TmlzqAJzrpHXBDzPxLgQu6AMedA,2025-11-03,-44.73,GBP,NANDOS RESTAURANT LONDON
gig_worker,2025-11-04,xbWVKP9aG8TmlzqAJzrpHXBDzPxLgQu6AMedA,2025-11-04,-57.76,GBP,THE COAL HOLE LONDON WC2
gig_worker,2025-11-05,xbWVKP9aG8TmlzqAJzrpHXBDzPxLgQu6AMedA,2025-11-05,-30.12,GBP,PIZZA HUT UK REF:ORDER-ONL
gig_worker,2025-11-06,xbWVKP9aG8TmlzqAJzrpHXBDzPxLgQu6AMedA,2025-11-06,-34.26,GBP,WAHACA RESTAURANT LONDON
gig_worker,2025-11-07,xbWVKP9aG8TmlzqAJzrpHXBDzPxLgQu6AMedA,2025-11-07,-39.85,GBP,OCADO RETAIL LTD REF:ORDER
gig_worker,2025-11-08,xbWVKP9aG8TmlzqAJzrpHXBDzPxLgQu6AMedA,2025-11-08,-46.1,GBP,POUNDLAND STORE #4421
gig_worker,2025-11-08,xbWVKP9aG8TmlzqAJzrpHXBDzPxLgQu6AMedA,2025-11-08,-39.9,GBP,POUNDLAND STORE #4421
gig_worker,2025-11-08,xbWVKP9aG8TmlzqAJzrpHXBDzPxLgQu6AMedA,2025-11-08,-30.14,GBP,WETHERSPOONS PUB LONDON
gig_worker,2025-11-09,xbWVKP9aG8TmlzqAJzrpHXBDzPxLgQu6AMedA,2025-11-09,-50.15,GBP,CO-OP FOOD LONDON N1
gig_worker,2025-11-09,xbWVKP9aG8TmlzqAJzrpHXBDzPxLgQu6AMedA,2025-11-09,-6.27,GBP,DELIVEROO UK REF:ORDER-APP
gig_worker,2025-11-10,xbWVKP9aG8TmlzqAJzrpHXBDzPxLgQu6AMedA,2025-11-10,-29.06,GBP,SCREWFIX DIRECT LTD
gig_worker,2025-11-10,xbWVKP9aG8TmlzqAJzrpHXBDzPxLgQu6AMedA,2025-11-10,-38.15,GBP,JD SPORTS FASHION PLC LONDON
gig_worker,2025-11-11,xbWVKP9aG8TmlzqAJzrpHXBDzPxLgQu6AMedA,2025-11-11,-23.81,GBP,PIZZA HUT UK REF:ORDER-ONL
gig_worker,2025-11-11,xbWVKP9aG8TmlzqAJzrpHXBDzPxLgQu6AMedA,2025-11-11,-47.02,GBP,TESCO METRO LONDON EC1
gig_worker,2025-11-12,xbWVKP9aG8TmlzqAJzrpHXBDzPxLgQu6AMedA,2025-11-12,-48.06,GBP,THE COAL HOLE LONDON WC2
gig_worker,2025-11-12,xbWVKP9aG8TmlzqAJzrpHXBDzPxLgQu6AMedA,2025-11-12,-36.29,GBP,POUNDLAND STORE #4421
gig_worker,2025-11-13,xbWVKP9aG8TmlzqAJzrpHXBDzPxLgQu6AMedA,2025-11-13,735.84,GBP,UBER EATS PAYMENTS BACS REF:XXXXX332
gig_worker,2025-11-13,xbWVKP9aG8TmlzqAJzrpHXBDzPxLgQu6AMedA,2025-11-13,-26.21,GBP,ASDA SUPERSTORE LONDON
gig_worker,2025-11-14,xbWVKP9aG8TmlzqAJzrpHXBDzPxLgQu6AMedA,2025-11-14,-67.76,GBP,ITSU UK LTD LONDON SE1
gig_worker,2025-11-15,xbWVKP9aG8TmlzqAJzrpHXBDzPxLgQu6AMedA,2025-11-15,-46.69,GBP,THE COAL HOLE LONDON WC2
gig_worker,2025-11-15,xbWVKP9aG8TmlzqAJzrpHXBDzPxLgQu6AMedA,2025-11-15,-57.45,GBP,TESCO METRO LONDON EC1
gig_worker,2025-11-16,xbWVKP9aG8TmlzqAJzrpHXBDzPxLgQu6AMedA,2025-11-16,-53.62,GBP,TESCO METRO LONDON EC1
gig_worker,2025-11-17,xbWVKP9aG8TmlzqAJzrpHXBDzPxLgQu6AMedA,2025-11-17,-14.09,GBP,IKEA UK WEMBLEY
gig_worker,2025-11-18,xbWVKP9aG8TmlzqAJzrpHXBDzPxLgQu6AMedA,2025-11-18,-43.68,GBP,YO SUSHI UK LTD LONDON
gig_worker,2025-11-19,xbWVKP9aG8TmlzqAJzrpHXBDzPxLgQu6AMedA,2025-11-19,-46.64,GBP,CO-OP FOOD LONDON N1
gig_worker,2025-11-19,xbWVKP9aG8TmlzqAJzrpHXBDzPxLgQu6AMedA,2025-11-19,-22.62,GBP,PIZZA HUT UK REF:ORDER-ONL
gig_worker,2025-11-20,xbWVKP9aG8TmlzqAJzrpHXBDzPxLgQu6AMedA,2025-11-20,-58.11,GBP,ITSU UK LTD LONDON SE1
gig_worker,2025-11-20,xbWVKP9aG8TmlzqAJzrpHXBDzPxLgQu6AMedA,2025-11-20,-18.57,GBP,COSTCO UK WATFORD
gig_worker,2025-11-21,xbWVKP9aG8TmlzqAJzrpHXBDzPxLgQu6AMedA,2025-11-21,-20.83,GBP,COSTCO UK WATFORD
gig_worker,2025-11-22,xbWVKP9aG8TmlzqAJzrpHXBDzPxLgQu6AMedA,2025-11-22,-43.39,GBP,NANDOS RESTAURANT LONDON
gig_worker,2025-11-23,xbWVKP9aG8TmlzqAJzrpHXBDzPxLgQu6AMedA,2025-11-23,-24.2,GBP,PIZZA HUT UK REF:ORDER-ONL
gig_worker,2025-11-23,xbWVKP9aG8TmlzqAJzrpHXBDzPxLgQu6AMedA,2025-11-23,-41.15,GBP,POUNDLAND STORE #4421
gig_worker,2025-11-24,xbWVKP9aG8TmlzqAJzrpHXBDzPxLgQu6AMedA,2025-11-24,-49.93,GBP,TESCO METRO LONDON EC1
gig_worker,2025-11-25,xbWVKP9aG8TmlzqAJzrpHXBDzPxLgQu6AMedA,2025-11-25,-67.43,GBP,ITSU UK LTD LONDON SE1
gig_worker,2025-11-26,xbWVKP9aG8TmlzqAJzrpHXBDzPxLgQu6AMedA,2025-11-26,-31.89,GBP,WETHERSPOONS PUB LONDON
gig_worker,2025-11-26,xbWVKP9aG8TmlzqAJzrpHXBDzPxLgQu6AMedA,2025-11-26,-13.33,GBP,IKEA UK WEMBLEY
gig_worker,2025-11-26,xbWVKP9aG8TmlzqAJzrpHXBDzPxLgQu6AMedA,2025-11-26,-34.07,GBP,AMAZON UK MARKETPLACE
gig_worker,2025-11-27,xbWVKP9aG8TmlzqAJzrpHXBDzPxLgQu6AMedA,2025-11-27,-23.27,GBP,ASDA SUPERSTORE LONDON
gig_worker,2025-11-28,xbWVKP9aG8TmlzqAJzrpHXBDzPxLgQu6AMedA,2025-11-28,-67.85,GBP,ITSU UK LTD LONDON SE1
gig_worker,2025-11-29,xbWVKP9aG8TmlzqAJzrpHXBDzPxLgQu6AMedA,2025-11-29,-53.24,GBP,THE COAL HOLE LONDON WC2
gig_worker,2025-11-30,xbWVKP9aG8TmlzqAJzrpHXBDzPxLgQu6AMedA,2025-11-30,-38.74,GBP,CO-OP FOOD LONDON N1
gig_worker,2025-11-30,xbWVKP9aG8TmlzqAJzrpHXBDzPxLgQu6AMedA,2025-11-30,-24.87,GBP,PIZZA HUT UK REF:ORDER-ONL
gig_worker,2025-12-01,xbWVKP9aG8TmlzqAJzrpHXBDzPxLgQu6AMedA,2025-12-01,-11.62,GBP,IKEA UK WEMBLEY
gig_worker,2025-12-02,xbWVKP9aG8TmlzqAJzrpHXBDzPxLgQu6AMedA,2025-12-02,-24.04,GBP,MARKS AND SPENCER FOOD
gig_worker,2025-12-03,xbWVKP9aG8TmlzqAJzrpHXBDzPxLgQu6AMedA,2025-12-03,-30.71,GBP,LIDL UK GMBH PECKHAM
gig_worker,2025-12-03,xbWVKP9aG8TmlzqAJzrpHXBDzPxLgQu6AMedA,2025-12-03,-34.52,GBP,WAHACA RESTAURANT LONDON
gig_worker,2025-12-03,xbWVKP9aG8TmlzqAJzrpHXBDzPxLgQu6AMedA,2025-12-03,-36.01,GBP,NANDOS RESTAURANT LONDON
gig_worker,2025-12-04,xbWVKP9aG8TmlzqAJzrpHXBDzPxLgQu6AMedA,2025-12-04,-36.01,GBP,WAHACA RESTAURANT LONDON
gig_worker,2025-12-04,xbWVKP9aG8TmlzqAJzrpHXBDzPxLgQu6AMedA,2025-12-04,-46.84,GBP,CO-OP FOOD LONDON N1
gig_worker,2025-12-04,xbWVKP9aG8TmlzqAJzrpHXBDzPxLgQu6AMedA,2025-12-04,-38.48,GBP,YO SUSHI UK LTD LONDON
gig_worker,2025-12-05,xbWVKP9aG8TmlzqAJzrpHXBDzPxLgQu6AMedA,2025-12-05,-53.83,GBP,TESCO METRO LONDON EC1
gig_worker,2025-12-06,xbWVKP9aG8TmlzqAJzrpHXBDzPxLgQu6AMedA,2025-12-06,-25.85,GBP,MARKS AND SPENCER FOOD
gig_worker,2025-12-07,xbWVKP9aG8TmlzqAJzrpHXBDzPxLgQu6AMedA,2025-12-07,-39.51,GBP,JUST EAT UK REF:ORDER-XXXX
gig_worker,2025-12-07,xbWVKP9aG8TmlzqAJzrpHXBDzPxLgQu6AMedA,2025-12-07,-32.94,GBP,LIDL UK GMBH PECKHAM
gig_worker,2025-12-08,xbWVKP9aG8TmlzqAJzrpHXBDzPxLgQu6AMedA,2025-12-08,692.48,GBP,UBER EATS PAYMENTS BACS REF:XXXXX332
gig_worker,2025-12-08,xbWVKP9aG8TmlzqAJzrpHXBDzPxLgQu6AMedA,2025-12-08,-11.04,GBP,IKEA UK WEMBLEY
gig_worker,2025-12-08,xbWVKP9aG8TmlzqAJzrpHXBDzPxLgQu6AMedA,2025-12-08,-41.25,GBP,CO-OP FOOD LONDON N1
gig_worker,2025-12-09,xbWVKP9aG8TmlzqAJzrpHXBDzPxLgQu6AMedA,2025-12-09,-29.44,GBP,ASDA SUPERSTORE LONDON
gig_worker,2025-12-10,xbWVKP9aG8TmlzqAJzrpHXBDzPxLgQu6AMedA,2025-12-10,-33.23,GBP,JUST EAT UK REF:ORDER-XXXX
gig_worker,2025-12-11,xbWVKP9aG8TmlzqAJzrpHXBDzPxLgQu6AMedA,2025-12-11,-45.21,GBP,NANDOS RESTAURANT LONDON
gig_worker,2025-12-11,xbWVKP9aG8TmlzqAJzrpHXBDzPxLgQu6AMedA,2025-12-11,-8.12,GBP,DELIVEROO UK REF:ORDER-APP
gig_worker,2025-12-12,xbWVKP9aG8TmlzqAJzrpHXBDzPxLgQu6AMedA,2025-12-12,-36.66,GBP,WAHACA RESTAURANT LONDON
gig_worker,2025-12-13,xbWVKP9aG8TmlzqAJzrpHXBDzPxLgQu6AMedA,2025-12-13,-6.13,GBP,DELIVEROO UK REF:ORDER-APP
gig_worker,2025-12-14,xbWVKP9aG8TmlzqAJzrpHXBDzPxLgQu6AMedA,2025-12-14,707.41,GBP,UBER EATS PAYMENTS BACS REF:XXXXX332
gig_worker,2025-12-14,xbWVKP9aG8TmlzqAJzrpHXBDzPxLgQu6AMedA,2025-12-14,-64.22,GBP,ITSU UK LTD LONDON SE1
gig_worker,2025-12-15,xbWVKP9aG8TmlzqAJzrpHXBDzPxLgQu6AMedA,2025-12-15,-20.95,GBP,SCREWFIX DIRECT LTD
gig_worker,2025-12-16,xbWVKP9aG8TmlzqAJzrpHXBDzPxLgQu6AMedA,2025-12-16,-44.92,GBP,CO-OP FOOD LONDON N1
gig_worker,2025-12-17,xbWVKP9aG8TmlzqAJzrpHXBDzPxLgQu6AMedA,2025-12-17,-24.09,GBP,SCREWFIX DIRECT LTD
gig_worker,2025-12-18,xbWVKP9aG8TmlzqAJzrpHXBDzPxLgQu6AMedA,2025-12-18,-29.35,GBP,OCADO RETAIL LTD REF:ORDER
gig_worker,2025-12-18,xbWVKP9aG8TmlzqAJzrpHXBDzPxLgQu6AMedA,2025-12-18,-36.28,GBP,YO SUSHI UK LTD LONDON
gig_worker,2025-12-19,xbWVKP9aG8TmlzqAJzrpHXBDzPxLgQu6AMedA,2025-12-19,-36.55,GBP,AMAZON UK MARKETPLACE
gig_worker,2025-12-20,xbWVKP9aG8TmlzqAJzrpHXBDzPxLgQu6AMedA,2025-12-20,-27.6,GBP,WETHERSPOONS PUB LONDON
gig_worker,2025-12-21,xbWVKP9aG8TmlzqAJzrpHXBDzPxLgQu6AMedA,2025-12-21,-34.66,GBP,JUST EAT UK REF:ORDER-XXXX
gig_worker,2025-12-21,xbWVKP9aG8TmlzqAJzrpHXBDzPxLgQu6AMedA,2025-12-21,-43.79,GBP,POUNDLAND STORE #4421
gig_worker,2025-12-22,xbWVKP9aG8TmlzqAJzrpHXBDzPxLgQu6AMedA,2025-12-22,-22.98,GBP,PIZZA HUT UK REF:ORDER-ONL
gig_worker,2025-12-23,xbWVKP9aG8TmlzqAJzrpHXBDzPxLgQu6AMedA,2025-12-23,-14.48,GBP,IKEA UK WEMBLEY
gig_worker,2025-12-23,xbWVKP9aG8TmlzqAJzrpHXBDzPxLgQu6AMedA,2025-12-23,-7.28,GBP,DELIVEROO UK REF:ORDER-APP
gig_worker,2025-12-24,xbWVKP9aG8TmlzqAJzrpHXBDzPxLgQu6AMedA,2025-12-24,-62.21,GBP,ITSU UK LTD LONDON SE1
gig_worker,2025-12-25,xbWVKP9aG8TmlzqAJzrpHXBDzPxLgQu6AMedA,2025-12-25,-52.08,GBP,TESCO METRO LONDON EC1
gig_worker,2025-12-26,xbWVKP9aG8TmlzqAJzrpHXBDzPxLgQu6AMedA,2025-12-26,-34.9,GBP,JD SPORTS FASHION PLC LONDON
gig_worker,2025-12-27,xbWVKP9aG8TmlzqAJzrpHXBDzPxLgQu6AMedA,2025-12-27,-25.24,GBP,MARKS AND SPENCER FOOD
gig_worker,2025-12-27,xbWVKP9aG8TmlzqAJzrpHXBDzPxLgQu6AMedA,2025-12-27,-30.17,GBP,JUST EAT UK REF:ORDER-XXXX
gig_worker,2025-12-27,xbWVKP9aG8TmlzqAJzrpHXBDzPxLgQu6AMedA,2025-12-27,-30.0,GBP,JUST EAT UK REF:ORDER-XXXX
gig_worker,2025-12-28,xbWVKP9aG8TmlzqAJzrpHXBDzPxLgQu6AMedA,2025-12-28,-52.23,GBP,TESCO METRO LONDON EC1
gig_worker,2025-12-29,xbWVKP9aG8TmlzqAJzrpHXBDzPxLgQu6AMedA,2025-12-29,-22.0,GBP,PIZZA HUT UK REF:ORDER-ONL
gig_worker,2025-12-29,xbWVKP9aG8TmlzqAJzrpHXBDzPxLgQu6AMedA,2025-12-29,-29.32,GBP,ASDA SUPERSTORE LONDON
gig_worker,2025-12-30,xbWVKP9aG8TmlzqAJzrpHXBDzPxLgQu6AMedA,2025-12-30,-22.57,GBP,COSTCO UK WATFORD
gig_worker,2025-12-30,xbWVKP9aG8TmlzqAJzrpHXBDzPxLgQu6AMedA,2025-12-30,-6.58,GBP,DELIVEROO UK REF:ORDER-APP
gig_worker,2025-12-30,xbWVKP9aG8TmlzqAJzrpHXBDzPxLgQu6AMedA,2025-12-30,-20.75,GBP,SCREWFIX DIRECT LTD
gig_worker,2025-12-31,xbWVKP9aG8TmlzqAJzrpHXBDzPxLgQu6AMedA,2025-12-31,-15.09,GBP,IKEA UK WEMBLEY
gig_worker,2025-12-31,xbWVKP9aG8TmlzqAJzrpHXBDzPxLgQu6AMedA,2025-12-31,-48.16,GBP,TESCO METRO LONDON EC1
gig_worker,2026-01-01,xbWVKP9aG8TmlzqAJzrpHXBDzPxLgQu6AMedA,2026-01-01,-45.48,GBP,YO SUSHI UK LTD LONDON
gig_worker,2026-01-02,xbWVKP9aG8TmlzqAJzrpHXBDzPxLgQu6AMedA,2026-01-02,-23.71,GBP,ASDA SUPERSTORE LONDON
gig_worker,2026-01-02,xbWVKP9aG8TmlzqAJzrpHXBDzPxLgQu6AMedA,2026-01-02,-43.95,GBP,THE COAL HOLE LONDON WC2
gig_worker,2026-01-03,xbWVKP9aG8TmlzqAJzrpHXBDzPxLgQu6AMedA,2026-01-03,-43.4,GBP,WAHACA RESTAURANT LONDON
gig_worker,2026-01-03,xbWVKP9aG8TmlzqAJzrpHXBDzPxLgQu6AMedA,2026-01-03,-36.24,GBP,NANDOS RESTAURANT LONDON
gig_worker,2026-01-04,xbWVKP9aG8TmlzqAJzrpHXBDzPxLgQu6AMedA,2026-01-04,-42.18,GBP,POUNDLAND STORE #4421
gig_worker,2026-01-05,xbWVKP9aG8TmlzqAJzrpHXBDzPxLgQu6AMedA,2026-01-05,-51.51,GBP,YO SUSHI UK LTD LONDON
gig_worker,2026-01-05,xbWVKP9aG8TmlzqAJzrpHXBDzPxLgQu6AMedA,2026-01-05,-37.06,GBP,POUNDLAND STORE #4421
gig_worker,2026-01-06,xbWVKP9aG8TmlzqAJzrpHXBDzPxLgQu6AMedA,2026-01-06,-42.02,GBP,NANDOS RESTAURANT LONDON
gig_worker,2026-01-07,xbWVKP9aG8TmlzqAJzrpHXBDzPxLgQu6AMedA,2026-01-07,-7.61,GBP,DELIVEROO UK REF:ORDER-APP
gig_worker,2026-01-07,xbWVKP9aG8TmlzqAJzrpHXBDzPxLgQu6AMedA,2026-01-07,1059.63,GBP,UBER EATS PAYMENTS BACS REF:XXXXX332
gig_worker,2026-01-08,xbWVKP9aG8TmlzqAJzrpHXBDzPxLgQu6AMedA,2026-01-08,-42.93,GBP,CO-OP FOOD LONDON N1
gig_worker,2026-01-08,xbWVKP9aG8TmlzqAJzrpHXBDzPxLgQu6AMedA,2026-01-08,-59.74,GBP,ITSU UK LTD LONDON SE1
gig_worker,2026-01-08,xbWVKP9aG8TmlzqAJzrpHXBDzPxLgQu6AMedA,2026-01-08,-36.22,GBP,POUNDLAND STORE #4421
gig_worker,2026-01-09,xbWVKP9aG8TmlzqAJzrpHXBDzPxLgQu6AMedA,2026-01-09,-26.21,GBP,PIZZA HUT UK REF:ORDER-ONL
gig_worker,2026-01-10,xbWVKP9aG8TmlzqAJzrpHXBDzPxLgQu6AMedA,2026-01-10,-53.02,GBP,THE COAL HOLE LONDON WC2
gig_worker,2026-01-10,xbWVKP9aG8TmlzqAJzrpHXBDzPxLgQu6AMedA,2026-01-10,-36.9,GBP,OCADO RETAIL LTD REF:ORDER
gig_worker,2026-01-11,xbWVKP9aG8TmlzqAJzrpHXBDzPxLgQu6AMedA,2026-01-11,-44.83,GBP,NANDOS RESTAURANT LONDON
gig_worker,2026-01-12,xbWVKP9aG8TmlzqAJzrpHXBDzPxLgQu6AMedA,2026-01-12,-34.13,GBP,OCADO RETAIL LTD REF:ORDER
gig_worker,2026-01-13,xbWVKP9aG8TmlzqAJzrpHXBDzPxLgQu6AMedA,2026-01-13,-31.78,GBP,MARKS AND SPENCER FOOD
gig_worker,2026-01-14,xbWVKP9aG8TmlzqAJzrpHXBDzPxLgQu6AMedA,2026-01-14,-26.8,GBP,SCREWFIX DIRECT LTD
gig_worker,2026-01-15,xbWVKP9aG8TmlzqAJzrpHXBDzPxLgQu6AMedA,2026-01-15,-50.58,GBP,TESCO METRO LONDON EC1
gig_worker,2026-01-16,xbWVKP9aG8TmlzqAJzrpHXBDzPxLgQu6AMedA,2026-01-16,-23.56,GBP,WETHERSPOONS PUB LONDON
gig_worker,2026-01-17,xbWVKP9aG8TmlzqAJzrpHXBDzPxLgQu6AMedA,2026-01-17,-44.14,GBP,NANDOS RESTAURANT LONDON
gig_worker,2026-01-18,xbWVKP9aG8TmlzqAJzrpHXBDzPxLgQu6AMedA,2026-01-18,1864.34,GBP,UBER EATS PAYMENTS BACS REF:XXXXX332
gig_worker,2026-01-18,xbWVKP9aG8TmlzqAJzrpHXBDzPxLgQu6AMedA,2026-01-18,-36.48,GBP,AMAZON UK MARKETPLACE
gig_worker,2026-01-19,xbWVKP9aG8TmlzqAJzrpHXBDzPxLgQu6AMedA,2026-01-19,-24.57,GBP,COSTCO UK WATFORD
gig_worker,2026-01-20,xbWVKP9aG8TmlzqAJzrpHXBDzPxLgQu6AMedA,2026-01-20,-43.23,GBP,WAHACA RESTAURANT LONDON
gig_worker,2026-01-20,xbWVKP9aG8TmlzqAJzrpHXBDzPxLgQu6AMedA,2026-01-20,-25.75,GBP,PIZZA HUT UK REF:ORDER-ONL
gig_worker,2026-01-21,xbWVKP9aG8TmlzqAJzrpHXBDzPxLgQu6AMedA,2026-01-21,-20.08,GBP,COSTCO UK WATFORD
gig_worker,2026-01-21,xbWVKP9aG8TmlzqAJzrpHXBDzPxLgQu6AMedA,2026-01-21,1634.82,GBP,UBER EATS PAYMENTS BACS REF:XXXXX332
gig_worker,2026-01-22,xbWVKP9aG8TmlzqAJzrpHXBDzPxLgQu6AMedA,2026-01-22,-24.9,GBP,PIZZA HUT UK REF:ORDER-ONL
gig_worker,2026-01-23,xbWVKP9aG8TmlzqAJzrpHXBDzPxLgQu6AMedA,2026-01-23,-36.23,GBP,POUNDLAND STORE #4421
gig_worker,2026-01-23,xbWVKP9aG8TmlzqAJzrpHXBDzPxLgQu6AMedA,2026-01-23,-40.43,GBP,WAHACA RESTAURANT LONDON
gig_worker,2026-01-24,xbWVKP9aG8TmlzqAJzrpHXBDzPxLgQu6AMedA,2026-01-24,-29.95,GBP,ASDA SUPERSTORE LONDON
gig_worker,2026-01-25,xbWVKP9aG8TmlzqAJzrpHXBDzPxLgQu6AMedA,2026-01-25,-42.0,GBP,YO SUSHI UK LTD LONDON
gig_worker,2026-01-25,xbWVKP9aG8TmlzqAJzrpHXBDzPxLgQu6AMedA,2026-01-25,-11.35,GBP,IKEA UK WEMBLEY
gig_worker,2026-01-25,xbWVKP9aG8TmlzqAJzrpHXBDzPxLgQu6AMedA,2026-01-25,-37.9,GBP,NANDOS RESTAURANT LONDON
gig_worker,2026-01-26,xbWVKP9aG8TmlzqAJzrpHXBDzPxLgQu6AMedA,2026-01-26,-29.78,GBP,WETHERSPOONS PUB LONDON
gig_worker,2026-01-26,xbWVKP9aG8TmlzqAJzrpHXBDzPxLgQu6AMedA,2026-01-26,-22.53,GBP,COSTCO UK WATFORD
gig_worker,2026-01-27,xbWVKP9aG8TmlzqAJzrpHXBDzPxLgQu6AMedA,2026-01-27,-44.75,GBP,POUNDLAND STORE #4421
gig_worker,2026-01-28,xbWVKP9aG8TmlzqAJzrpHXBDzPxLgQu6AMedA,2026-01-28,-42.63,GBP,NANDOS RESTAURANT LONDON
gig_worker,2026-01-29,xbWVKP9aG8TmlzqAJzrpHXBDzPxLgQu6AMedA,2026-01-29,-48.39,GBP,THE COAL HOLE LONDON WC2
gig_worker,2026-01-29,xbWVKP9aG8TmlzqAJzrpHXBDzPxLgQu6AMedA,2026-01-29,-28.24,GBP,JD SPORTS FASHION PLC LONDON
gig_worker,2026-01-30,xbWVKP9aG8TmlzqAJzrpHXBDzPxLgQu6AMedA,2026-01-30,-40.91,GBP,NANDOS RESTAURANT LONDON
gig_worker,2026-01-31,xbWVKP9aG8TmlzqAJzrpHXBDzPxLgQu6AMedA,2026-01-31,-25.03,GBP,PIZZA HUT UK REF:ORDER-ONL
gig_worker,2026-02-01,xbWVKP9aG8TmlzqAJzrpHXBDzPxLgQu6AMedA,2026-02-01,-14.15,GBP,IKEA UK WEMBLEY
gig_worker,2026-02-02,xbWVKP9aG8TmlzqAJzrpHXBDzPxLgQu6AMedA,2026-02-02,-30.62,GBP,JD SPORTS FASHION PLC LONDON
gig_worker,2026-02-02,xbWVKP9aG8TmlzqAJzrpHXBDzPxLgQu6AMedA,2026-02-02,-42.52,GBP,TESCO METRO LONDON EC1
gig_worker,2026-02-03,xbWVKP9aG8TmlzqAJzrpHXBDzPxLgQu6AMedA,2026-02-03,-48.35,GBP,CO-OP FOOD LONDON N1
gig_worker,2026-02-03,xbWVKP9aG8TmlzqAJzrpHXBDzPxLgQu6AMedA,2026-02-03,-46.06,GBP,NANDOS RESTAURANT LONDON
gig_worker,2026-02-03,xbWVKP9aG8TmlzqAJzrpHXBDzPxLgQu6AMedA,2026-02-03,1604.45,GBP,UBER EATS PAYMENTS BACS REF:XXXXX332
gig_worker,2026-02-04,xbWVKP9aG8TmlzqAJzrpHXBDzPxLgQu6AMedA,2026-02-04,-39.78,GBP,OCADO RETAIL LTD REF:ORDER
gig_worker,2026-02-04,xbWVKP9aG8TmlzqAJzrpHXBDzPxLgQu6AMedA,2026-02-04,-30.06,GBP,PIZZA HUT UK REF:ORDER-ONL
gig_worker,2026-02-05,xbWVKP9aG8TmlzqAJzrpHXBDzPxLgQu6AMedA,2026-02-05,-24.24,GBP,COSTCO UK WATFORD
gig_worker,2026-02-05,xbWVKP9aG8TmlzqAJzrpHXBDzPxLgQu6AMedA,2026-02-05,1179.57,GBP,UBER EATS PAYMENTS BACS REF:XXXXX332
gig_worker,2026-02-06,xbWVKP9aG8TmlzqAJzrpHXBDzPxLgQu6AMedA,2026-02-06,-38.02,GBP,YO SUSHI UK LTD LONDON
gig_worker,2026-02-07,xbWVKP9aG8TmlzqAJzrpHXBDzPxLgQu6AMedA,2026-02-07,-43.47,GBP,YO SUSHI UK LTD LONDON
gig_worker,2026-02-07,xbWVKP9aG8TmlzqAJzrpHXBDzPxLgQu6AMedA,2026-02-07,-40.84,GBP,AMAZON UK MARKETPLACE
gig_worker,2026-02-08,xbWVKP9aG8TmlzqAJzrpHXBDzPxLgQu6AMedA,2026-02-08,-35.95,GBP,AMAZON UK MARKETPLACE
gig_worker,2026-02-09,xbWVKP9aG8TmlzqAJzrpHXBDzPxLgQu6AMedA,2026-02-09,-29.25,GBP,MARKS AND SPENCER FOOD
gig_worker,2026-02-10,xbWVKP9aG8TmlzqAJzrpHXBDzPxLgQu6AMedA,2026-02-10,-35.98,GBP,POUNDLAND STORE #4421
gig_worker,2026-02-11,xbWVKP9aG8TmlzqAJzrpHXBDzPxLgQu6AMedA,2026-02-11,-31.43,GBP,JUST EAT UK REF:ORDER-XXXX
gig_worker,2026-02-12,xbWVKP9aG8TmlzqAJzrpHXBDzPxLgQu6AMedA,2026-02-12,-57.77,GBP,ITSU UK LTD LONDON SE1
gig_worker,2026-02-13,xbWVKP9aG8TmlzqAJzrpHXBDzPxLgQu6AMedA,2026-02-13,-56.97,GBP,THE COAL HOLE LONDON WC2
gig_worker,2026-02-14,xbWVKP9aG8TmlzqAJzrpHXBDzPxLgQu6AMedA,2026-02-14,-43.99,GBP,WAHACA RESTAURANT LONDON
gig_worker,2026-02-15,xbWVKP9aG8TmlzqAJzrpHXBDzPxLgQu6AMedA,2026-02-15,-10.91,GBP,IKEA UK WEMBLEY
gig_worker,2026-02-15,xbWVKP9aG8TmlzqAJzrpHXBDzPxLgQu6AMedA,2026-02-15,1889.8,GBP,UBER EATS PAYMENTS BACS REF:XXXXX332
gig_worker,2026-02-16,xbWVKP9aG8TmlzqAJzrpHXBDzPxLgQu6AMedA,2026-02-16,-39.99,GBP,AMAZON UK MARKETPLACE
gig_worker,2026-02-16,xbWVKP9aG8TmlzqAJzrpHXBDzPxLgQu6AMedA,2026-02-16,-52.87,GBP,THE COAL HOLE LONDON WC2
gig_worker,2026-02-17,xbWVKP9aG8TmlzqAJzrpHXBDzPxLgQu6AMedA,2026-02-17,-34.2,GBP,JUST EAT UK REF:ORDER-XXXX
gig_worker,2026-02-17,xbWVKP9aG8TmlzqAJzrpHXBDzPxLgQu6AMedA,2026-02-17,1593.43,GBP,UBER EATS PAYMENTS BACS REF:XXXXX332
gig_worker,2026-02-17,xbWVKP9aG8TmlzqAJzrpHXBDzPxLgQu6AMedA,2026-02-17,-30.09,GBP,LIDL UK GMBH PECKHAM
gig_worker,2026-02-18,xbWVKP9aG8TmlzqAJzrpHXBDzPxLgQu6AMedA,2026-02-18,-47.96,GBP,THE COAL HOLE LONDON WC2
gig_worker,2026-02-19,xbWVKP9aG8TmlzqAJzrpHXBDzPxLgQu6AMedA,2026-02-19,-24.6,GBP,COSTCO UK WATFORD
gig_worker,2026-02-19,xbWVKP9aG8TmlzqAJzrpHXBDzPxLgQu6AMedA,2026-02-19,-24.84,GBP,MARKS AND SPENCER FOOD
gig_worker,2026-02-19,xbWVKP9aG8TmlzqAJzrpHXBDzPxLgQu6AMedA,2026-02-19,-42.79,GBP,AMAZON UK MARKETPLACE
gig_worker,2026-02-20,xbWVKP9aG8TmlzqAJzrpHXBDzPxLgQu6AMedA,2026-02-20,-13.35,GBP,IKEA UK WEMBLEY
gig_worker,2026-02-21,xbWVKP9aG8TmlzqAJzrpHXBDzPxLgQu6AMedA,2026-02-21,-25.61,GBP,COSTCO UK WATFORD
gig_worker,2026-02-21,xbWVKP9aG8TmlzqAJzrpHXBDzPxLgQu6AMedA,2026-02-21,-22.94,GBP,SCREWFIX DIRECT LTD
gig_worker,2026-02-22,xbWVKP9aG8TmlzqAJzrpHXBDzPxLgQu6AMedA,2026-02-22,-30.38,GBP,OCADO RETAIL LTD REF:ORDER
gig_worker,2026-02-23,xbWVKP9aG8TmlzqAJzrpHXBDzPxLgQu6AMedA,2026-02-23,-33.77,GBP,AMAZON UK MARKETPLACE
gig_worker,2026-02-24,xbWVKP9aG8TmlzqAJzrpHXBDzPxLgQu6AMedA,2026-02-24,-34.69,GBP,JUST EAT UK REF:ORDER-XXXX
gig_worker,2026-02-24,xbWVKP9aG8TmlzqAJzrpHXBDzPxLgQu6AMedA,2026-02-24,-37.77,GBP,YO SUSHI UK LTD LONDON
gig_worker,2026-02-25,xbWVKP9aG8TmlzqAJzrpHXBDzPxLgQu6AMedA,2026-02-25,-22.45,GBP,COSTCO UK WATFORD
gig_worker,2026-02-26,xbWVKP9aG8TmlzqAJzrpHXBDzPxLgQu6AMedA,2026-02-26,-28.62,GBP,PIZZA HUT UK REF:ORDER-ONL
gig_worker,2026-02-27,xbWVKP9aG8TmlzqAJzrpHXBDzPxLgQu6AMedA,2026-02-27,-24.15,GBP,ASDA SUPERSTORE LONDON
gig_worker,2026-02-27,xbWVKP9aG8TmlzqAJzrpHXBDzPxLgQu6AMedA,2026-02-27,1143.58,GBP,UBER EATS PAYMENTS BACS REF:XXXXX332
gig_worker,2026-02-28,xbWVKP9aG8TmlzqAJzrpHXBDzPxLgQu6AMedA,2026-02-28,-36.62,GBP,JUST EAT UK REF:ORDER-XXXX
gig_worker,2026-03-30,xbWVKP9aG8TmlzqAJzrpHXBDzPxLgQu6AMedA,2026-03-30,-24.94,GBP,WAHACA RESTAURANT LONDON
gig_worker,2026-03-30,xbWVKP9aG8TmlzqAJzrpHXBDzPxLgQu6AMedA,2026-03-30,-9.86,GBP,TESCO METRO LONDON EC1
gig_worker,2026-03-31,xbWVKP9aG8TmlzqAJzrpHXBDzPxLgQu6AMedA,2026-03-31,-41.66,GBP,ITSU UK LTD LONDON SE1
gig_worker,2026-03-31,xbWVKP9aG8TmlzqAJzrpHXBDzPxLgQu6AMedA,2026-03-31,-36.73,GBP,AMAZON UK MARKETPLACE
gig_worker,2026-03-31,nZrpoVbK8whWP58DnVwatqMpkjLB9DfAmgnaQ,2026-03-31,-9.86,GBP,TESCO METRO LONDON EC1
gig_worker,2026-03-31,xbWVKP9aG8TmlzqAJzrpHXBDzPxLgQu6AMedA,2026-03-31,-35.02,GBP,MARKS AND SPENCER FOOD
gig_worker,2026-03-31,xbWVKP9aG8TmlzqAJzrpHXBDzPxLgQu6AMedA,2026-03-31,-18.15,GBP,NIKE UK ONLINE STORE
gig_worker,2026-03-31,xbWVKP9aG8TmlzqAJzrpHXBDzPxLgQu6AMedA,2026-03-31,-44.51,GBP,ITSU UK LTD LONDON SE1
gig_worker,2026-03-31,nZrpoVbK8whWP58DnVwatqMpkjLB9DfAmgnaQ,2026-03-31,-24.94,GBP,WAHACA RESTAURANT LONDON
gig_worker,2026-03-31,xbWVKP9aG8TmlzqAJzrpHXBDzPxLgQu6AMedA,2026-03-31,-52.48,GBP,OCADO RETAIL LTD REF:ORDER
gig_worker,2026-03-31,xbWVKP9aG8TmlzqAJzrpHXBDzPxLgQu6AMedA,2026-03-31,-40.44,GBP,DOMINOS PIZZA UK LTD
gig_worker,2026-04-01,nZrpoVbK8whWP58DnVwatqMpkjLB9DfAmgnaQ,2026-04-01,-35.02,GBP,MARKS AND SPENCER FOOD
gig_worker,2026-04-01,xbWVKP9aG8TmlzqAJzrpHXBDzPxLgQu6AMedA,2026-04-01,-58.84,GBP,OCADO RETAIL LTD REF:ORDER
gig_worker,2026-04-01,nZrpoVbK8whWP58DnVwatqMpkjLB9DfAmgnaQ,2026-04-01,-52.48,GBP,OCADO RETAIL LTD REF:ORDER
gig_worker,2026-04-01,xbWVKP9aG8TmlzqAJzrpHXBDzPxLgQu6AMedA,2026-04-01,-43.22,GBP,IKEA UK LTD WEMBLEY
gig_worker,2026-04-01,nZrpoVbK8whWP58DnVwatqMpkjLB9DfAmgnaQ,2026-04-01,-41.66,GBP,ITSU UK LTD LONDON SE1
gig_worker,2026-04-01,nZrpoVbK8whWP58DnVwatqMpkjLB9DfAmgnaQ,2026-04-01,-36.73,GBP,AMAZON UK MARKETPLACE
gig_worker,2026-04-01,xbWVKP9aG8TmlzqAJzrpHXBDzPxLgQu6AMedA,2026-04-01,-28.45,GBP,SAINSBURYS SUPERMARKETS LONDON
gig_worker,2026-04-01,nZrpoVbK8whWP58DnVwatqMpkjLB9DfAmgnaQ,2026-04-01,-40.44,GBP,DOMINOS PIZZA UK LTD
gig_worker,2026-04-01,xbWVKP9aG8TmlzqAJzrpHXBDzPxLgQu6AMedA,2026-04-01,-29.5,GBP,POUNDLAND LTD LONDON
gig_worker,2026-04-01,xbWVKP9aG8TmlzqAJzrpHXBDzPxLgQu6AMedA,2026-04-01,-51.64,GBP,ALDI STORES LTD LONDON
gig_worker,2026-04-01,nZrpoVbK8whWP58DnVwatqMpkjLB9DfAmgnaQ,2026-04-01,-18.15,GBP,NIKE UK ONLINE STORE
gig_worker,2026-04-01,nZrpoVbK8whWP58DnVwatqMpkjLB9DfAmgnaQ,2026-04-01,-44.51,GBP,ITSU UK LTD LONDON SE1
gig_worker,2026-04-02,nZrpoVbK8whWP58DnVwatqMpkjLB9DfAmgnaQ,2026-04-02,-43.22,GBP,IKEA UK LTD WEMBLEY
gig_worker,2026-04-02,nZrpoVbK8whWP58DnVwatqMpkjLB9DfAmgnaQ,2026-04-02,-29.5,GBP,POUNDLAND LTD LONDON
gig_worker,2026-04-02,nZrpoVbK8whWP58DnVwatqMpkjLB9DfAmgnaQ,2026-04-02,-28.45,GBP,SAINSBURYS SUPERMARKETS LONDON
gig_worker,2026-04-02,xbWVKP9aG8TmlzqAJzrpHXBDzPxLgQu6AMedA,2026-04-02,-14.75,GBP,SAINSBURYS SUPERMARKETS LONDON
gig_worker,2026-04-02,nZrpoVbK8whWP58DnVwatqMpkjLB9DfAmgnaQ,2026-04-02,-51.64,GBP,ALDI STORES LTD LONDON
gig_worker,2026-04-02,nZrpoVbK8whWP58DnVwatqMpkjLB9DfAmgnaQ,2026-04-02,-58.84,GBP,OCADO RETAIL LTD REF:ORDER
gig_worker,2026-04-03,xbWVKP9aG8TmlzqAJzrpHXBDzPxLgQu6AMedA,2026-04-03,-23.42,GBP,DOMINOS PIZZA UK LTD
gig_worker,2026-04-03,xbWVKP9aG8TmlzqAJzrpHXBDzPxLgQu6AMedA,2026-04-03,-10.99,GBP,MARKS AND SPENCER FOOD
gig_worker,2026-04-03,nZrpoVbK8whWP58DnVwatqMpkjLB9DfAmgnaQ,2026-04-03,-14.75,GBP,SAINSBURYS SUPERMARKETS LONDON
gig_worker,2026-04-03,xbWVKP9aG8TmlzqAJzrpHXBDzPxLgQu6AMedA,2026-04-03,-23.41,GBP,The Press Club
gig_worker,2026-04-03,xbWVKP9aG8TmlzqAJzrpHXBDzPxLgQu6AMedA,2026-04-03,-6.88,GBP,ALDI STORES LTD LONDON
gig_worker,2026-04-03,xbWVKP9aG8TmlzqAJzrpHXBDzPxLgQu6AMedA,2026-04-03,-19.35,GBP,WAHACA RESTAURANT LONDON
gig_worker,2026-04-03,xbWVKP9aG8TmlzqAJzrpHXBDzPxLgQu6AMedA,2026-04-03,-46.63,GBP,SAINSBURYS SUPERMARKETS LONDON
gig_worker,2026-04-04,xbWVKP9aG8TmlzqAJzrpHXBDzPxLgQu6AMedA,2026-04-04,-43.67,GBP,DELIVEROO UK REF:ORDER-APP
gig_worker,2026-04-04,xbWVKP9aG8TmlzqAJzrpHXBDzPxLgQu6AMedA,2026-04-04,-15.12,GBP,SCREWFIX DIRECT LTD
gig_worker,2026-04-04,xbWVKP9aG8TmlzqAJzrpHXBDzPxLgQu6AMedA,2026-04-04,1554.94,GBP,UBER PAYOUT
gig_worker,2026-04-04,nZrpoVbK8whWP58DnVwatqMpkjLB9DfAmgnaQ,2026-04-04,-23.41,GBP,The Press Club
gig_worker,2026-04-04,xbWVKP9aG8TmlzqAJzrpHXBDzPxLgQu6AMedA,2026-04-04,-39.81,GBP,DELIVEROO UK REF:ORDER-APP
gig_worker,2026-04-04,xbWVKP9aG8TmlzqAJzrpHXBDzPxLgQu6AMedA,2026-04-04,-40.3,GBP,DELIVEROO UK REF:ORDER-APP
gig_worker,2026-04-04,nZrpoVbK8whWP58DnVwatqMpkjLB9DfAmgnaQ,2026-04-04,-23.42,GBP,DOMINOS PIZZA UK LTD
gig_worker,2026-04-04,nZrpoVbK8whWP58DnVwatqMpkjLB9DfAmgnaQ,2026-04-04,-10.99,GBP,MARKS AND SPENCER FOOD
gig_worker,2026-04-04,nZrpoVbK8whWP58DnVwatqMpkjLB9DfAmgnaQ,2026-04-04,-19.35,GBP,WAHACA RESTAURANT LONDON
gig_worker,2026-04-04,nZrpoVbK8whWP58DnVwatqMpkjLB9DfAmgnaQ,2026-04-04,-6.88,GBP,ALDI STORES LTD LONDON
gig_worker,2026-04-04,xbWVKP9aG8TmlzqAJzrpHXBDzPxLgQu6AMedA,2026-04-04,-27.16,GBP,MARKS AND SPENCER FOOD
gig_worker,2026-04-04,nZrpoVbK8whWP58DnVwatqMpkjLB9DfAmgnaQ,2026-04-04,-46.63,GBP,SAINSBURYS SUPERMARKETS LONDON
gig_worker,2026-04-05,nZrpoVbK8whWP58DnVwatqMpkjLB9DfAmgnaQ,2026-04-05,-27.16,GBP,MARKS AND SPENCER FOOD
gig_worker,2026-04-05,nZrpoVbK8whWP58DnVwatqMpkjLB9DfAmgnaQ,2026-04-05,1554.94,GBP,UBER PAYOUT
gig_worker,2026-04-05,xbWVKP9aG8TmlzqAJzrpHXBDzPxLgQu6AMedA,2026-04-05,-33.32,GBP,TESCO METRO LONDON EC1
gig_worker,2026-04-05,nZrpoVbK8whWP58DnVwatqMpkjLB9DfAmgnaQ,2026-04-05,-15.12,GBP,SCREWFIX DIRECT LTD
gig_worker,2026-04-05,xbWVKP9aG8TmlzqAJzrpHXBDzPxLgQu6AMedA,2026-04-05,-58.98,GBP,SAINSBURYS SUPERMARKETS LONDON
gig_worker,2026-04-05,xbWVKP9aG8TmlzqAJzrpHXBDzPxLgQu6AMedA,2026-04-05,-33.81,GBP,NIKE UK ONLINE STORE
gig_worker,2026-04-05,nZrpoVbK8whWP58DnVwatqMpkjLB9DfAmgnaQ,2026-04-05,-40.3,GBP,DELIVEROO UK REF:ORDER-APP
gig_worker,2026-04-05,nZrpoVbK8whWP58DnVwatqMpkjLB9DfAmgnaQ,2026-04-05,-43.67,GBP,DELIVEROO UK REF:ORDER-APP
gig_worker,2026-04-05,xbWVKP9aG8TmlzqAJzrpHXBDzPxLgQu6AMedA,2026-04-05,-23.63,GBP,PRET A MANGER LONDON EC1
gig_worker,2026-04-05,xbWVKP9aG8TmlzqAJzrpHXBDzPxLgQu6AMedA,2026-04-05,-15.48,GBP,TESCO METRO LONDON EC1
gig_worker,2026-04-05,xbWVKP9aG8TmlzqAJzrpHXBDzPxLgQu6AMedA,2026-04-05,-44.34,GBP,ITSU UK LTD LONDON SE1
gig_worker,2026-04-05,nZrpoVbK8whWP58DnVwatqMpkjLB9DfAmgnaQ,2026-04-05,-39.81,GBP,DELIVEROO UK REF:ORDER-APP
gig_worker,2026-04-06,nZrpoVbK8whWP58DnVwatqMpkjLB9DfAmgnaQ,2026-04-06,-58.98,GBP,SAINSBURYS SUPERMARKETS LONDON
gig_worker,2026-04-06,xbWVKP9aG8TmlzqAJzrpHXBDzPxLgQu6AMedA,2026-04-06,-16.22,GBP,WAITROSE & PARTNERS LONDON SW1
gig_worker,2026-04-06,xbWVKP9aG8TmlzqAJzrpHXBDzPxLgQu6AMedA,2026-04-06,-32.22,GBP,COSTCO UK WATFORD
gig_worker,2026-04-06,nZrpoVbK8whWP58DnVwatqMpkjLB9DfAmgnaQ,2026-04-06,-33.81,GBP,NIKE UK ONLINE STORE
gig_worker,2026-04-06,nZrpoVbK8whWP58DnVwatqMpkjLB9DfAmgnaQ,2026-04-06,-44.34,GBP,ITSU UK LTD LONDON SE1
gig_worker,2026-04-06,nZrpoVbK8whWP58DnVwatqMpkjLB9DfAmgnaQ,2026-04-06,-15.48,GBP,TESCO METRO LONDON EC1
gig_worker,2026-04-06,nZrpoVbK8whWP58DnVwatqMpkjLB9DfAmgnaQ,2026-04-06,-23.63,GBP,PRET A MANGER LONDON EC1
gig_worker,2026-04-06,nZrpoVbK8whWP58DnVwatqMpkjLB9DfAmgnaQ,2026-04-06,-33.32,GBP,TESCO METRO LONDON EC1
gig_worker,2026-04-06,xbWVKP9aG8TmlzqAJzrpHXBDzPxLgQu6AMedA,2026-04-06,-36.05,GBP,ITSU UK LTD LONDON SE1
gig_worker,2026-04-06,xbWVKP9aG8TmlzqAJzrpHXBDzPxLgQu6AMedA,2026-04-06,-13.08,GBP,MARKS AND SPENCER FOOD
gig_worker,2026-04-06,xbWVKP9aG8TmlzqAJzrpHXBDzPxLgQu6AMedA,2026-04-06,-53.92,GBP,ITSU UK LTD LONDON SE1
gig_worker,2026-04-07,nZrpoVbK8whWP58DnVwatqMpkjLB9DfAmgnaQ,2026-04-07,-13.08,GBP,MARKS AND SPENCER FOOD
gig_worker,2026-04-07,xbWVKP9aG8TmlzqAJzrpHXBDzPxLgQu6AMedA,2026-04-07,-11.12,GBP,SCREWFIX DIRECT LTD
gig_worker,2026-04-07,nZrpoVbK8whWP58DnVwatqMpkjLB9DfAmgnaQ,2026-04-07,-53.92,GBP,ITSU UK LTD LONDON SE1
gig_worker,2026-04-07,nZrpoVbK8whWP58DnVwatqMpkjLB9DfAmgnaQ,2026-04-07,-32.22,GBP,COSTCO UK WATFORD
gig_worker,2026-04-07,nZrpoVbK8whWP58DnVwatqMpkjLB9DfAmgnaQ,2026-04-07,-36.05,GBP,ITSU UK LTD LONDON SE1
gig_worker,2026-04-07,xbWVKP9aG8TmlzqAJzrpHXBDzPxLgQu6AMedA,2026-04-07,-53.68,GBP,SCREWFIX DIRECT LTD
gig_worker,2026-04-07,nZrpoVbK8whWP58DnVwatqMpkjLB9DfAmgnaQ,2026-04-07,-16.22,GBP,WAITROSE & PARTNERS LONDON SW1
gig_worker,2026-04-07,xbWVKP9aG8TmlzqAJzrpHXBDzPxLgQu6AMedA,2026-04-07,-40.98,GBP,IKEA UK LTD WEMBLEY
gig_worker,2026-04-08,xbWVKP9aG8TmlzqAJzrpHXBDzPxLgQu6AMedA,2026-04-08,-48.53,GBP,IKEA UK LTD WEMBLEY
gig_worker,2026-04-08,xbWVKP9aG8TmlzqAJzrpHXBDzPxLgQu6AMedA,2026-04-08,-33.62,GBP,ALDI STORES LTD LONDON
gig_worker,2026-04-08,nZrpoVbK8whWP58DnVwatqMpkjLB9DfAmgnaQ,2026-04-08,-53.68,GBP,SCREWFIX DIRECT LTD
gig_worker,2026-04-08,xbWVKP9aG8TmlzqAJzrpHXBDzPxLgQu6AMedA,2026-04-08,-33.05,GBP,POUNDLAND LTD LONDON
gig_worker,2026-04-08,xbWVKP9aG8TmlzqAJzrpHXBDzPxLgQu6AMedA,2026-04-08,-58.23,GBP,LEON RESTAURANTS LONDON
gig_worker,2026-04-08,xbWVKP9aG8TmlzqAJzrpHXBDzPxLgQu6AMedA,2026-04-08,-31.79,GBP,SCREWFIX DIRECT LTD
gig_worker,2026-04-08,nZrpoVbK8whWP58DnVwatqMpkjLB9DfAmgnaQ,2026-04-08,-40.98,GBP,IKEA UK LTD WEMBLEY
gig_worker,2026-04-08,xbWVKP9aG8TmlzqAJzrpHXBDzPxLgQu6AMedA,2026-04-08,-26.59,GBP,ASDA SUPERSTORE LONDON
gig_worker,2026-04-08,nZrpoVbK8whWP58DnVwatqMpkjLB9DfAmgnaQ,2026-04-08,-11.12,GBP,SCREWFIX DIRECT LTD
gig_worker,2026-04-09,nZrpoVbK8whWP58DnVwatqMpkjLB9DfAmgnaQ,2026-04-09,-33.05,GBP,POUNDLAND LTD LONDON
gig_worker,2026-04-09,nZrpoVbK8whWP58DnVwatqMpkjLB9DfAmgnaQ,2026-04-09,-31.79,GBP,SCREWFIX DIRECT LTD
gig_worker,2026-04-09,nZrpoVbK8whWP58DnVwatqMpkjLB9DfAmgnaQ,2026-04-09,-58.23,GBP,LEON RESTAURANTS LONDON
gig_worker,2026-04-09,xbWVKP9aG8TmlzqAJzrpHXBDzPxLgQu6AMedA,2026-04-09,-8.17,GBP,DELIVEROO UK REF:ORDER-APP
gig_worker,2026-04-09,nZrpoVbK8whWP58DnVwatqMpkjLB9DfAmgnaQ,2026-04-09,-48.53,GBP,IKEA UK LTD WEMBLEY
gig_worker,2026-04-09,xbWVKP9aG8TmlzqAJzrpHXBDzPxLgQu6AMedA,2026-04-09,-52.23,GBP,OCADO RETAIL LTD REF:ORDER
gig_worker,2026-04-09,nZrpoVbK8whWP58DnVwatqMpkjLB9DfAmgnaQ,2026-04-09,-33.62,GBP,ALDI STORES LTD LONDON
gig_worker,2026-04-09,xbWVKP9aG8TmlzqAJzrpHXBDzPxLgQu6AMedA,2026-04-09,-27.58,GBP,ALDI STORES LTD LONDON
gig_worker,2026-04-09,nZrpoVbK8whWP58DnVwatqMpkjLB9DfAmgnaQ,2026-04-09,-26.59,GBP,ASDA SUPERSTORE LONDON
gig_worker,2026-04-10,xbWVKP9aG8TmlzqAJzrpHXBDzPxLgQu6AMedA,2026-04-10,-14.5,GBP,DELIVEROO UK REF:ORDER-APP
gig_worker,2026-04-10,xbWVKP9aG8TmlzqAJzrpHXBDzPxLgQu6AMedA,2026-04-10,-24.67,GBP,COSTCO UK WATFORD
gig_worker,2026-04-10,nZrpoVbK8whWP58DnVwatqMpkjLB9DfAmgnaQ,2026-04-10,-52.23,GBP,OCADO RETAIL LTD REF:ORDER
gig_worker,2026-04-10,xbWVKP9aG8TmlzqAJzrpHXBDzPxLgQu6AMedA,2026-04-10,-48.22,GBP,ITSU UK LTD LONDON SE1
gig_worker,2026-04-10,xbWVKP9aG8TmlzqAJzrpHXBDzPxLgQu6AMedA,2026-04-10,-38.2,GBP,DELIVEROO UK REF:ORDER-APP
gig_worker,2026-04-10,xbWVKP9aG8TmlzqAJzrpHXBDzPxLgQu6AMedA,2026-04-10,-30.57,GBP,ALDI STORES LTD LONDON
gig_worker,2026-04-10,nZrpoVbK8whWP58DnVwatqMpkjLB9DfAmgnaQ,2026-04-10,-27.58,GBP,ALDI STORES LTD LONDON
gig_worker,2026-04-10,xbWVKP9aG8TmlzqAJzrpHXBDzPxLgQu6AMedA,2026-04-10,-34.06,GBP,DELIVEROO UK REF:ORDER-APP
gig_worker,2026-04-10,xbWVKP9aG8TmlzqAJzrpHXBDzPxLgQu6AMedA,2026-04-10,-34.63,GBP,ALDI STORES LTD LONDON
gig_worker,2026-04-10,nZrpoVbK8whWP58DnVwatqMpkjLB9DfAmgnaQ,2026-04-10,-8.17,GBP,DELIVEROO UK REF:ORDER-APP
gig_worker,2026-04-11,nZrpoVbK8whWP58DnVwatqMpkjLB9DfAmgnaQ,2026-04-11,-48.22,GBP,ITSU UK LTD LONDON SE1
gig_worker,2026-04-11,xbWVKP9aG8TmlzqAJzrpHXBDzPxLgQu6AMedA,2026-04-11,-6.2,GBP,DELIVEROO UK REF:ORDER-APP
gig_worker,2026-04-11,nZrpoVbK8whWP58DnVwatqMpkjLB9DfAmgnaQ,2026-04-11,-34.06,GBP,DELIVEROO UK REF:ORDER-APP
gig_worker,2026-04-11,xbWVKP9aG8TmlzqAJzrpHXBDzPxLgQu6AMedA,2026-04-11,-15.59,GBP,POUNDLAND LTD LONDON
gig_worker,2026-04-11,xbWVKP9aG8TmlzqAJzrpHXBDzPxLgQu6AMedA,2026-04-11,-43.71,GBP,ITSU UK LTD LONDON SE1
gig_worker,2026-04-11,nZrpoVbK8whWP58DnVwatqMpkjLB9DfAmgnaQ,2026-04-11,-14.5,GBP,DELIVEROO UK REF:ORDER-APP
gig_worker,2026-04-11,nZrpoVbK8whWP58DnVwatqMpkjLB9DfAmgnaQ,2026-04-11,-30.57,GBP,ALDI STORES LTD LONDON
gig_worker,2026-04-11,xbWVKP9aG8TmlzqAJzrpHXBDzPxLgQu6AMedA,2026-04-11,-44.84,GBP,THE COAL HOLE LONDON WC2
gig_worker,2026-04-11,nZrpoVbK8whWP58DnVwatqMpkjLB9DfAmgnaQ,2026-04-11,-34.63,GBP,ALDI STORES LTD LONDON
gig_worker,2026-04-11,xbWVKP9aG8TmlzqAJzrpHXBDzPxLgQu6AMedA,2026-04-11,-29.79,GBP,SAINSBURYS SUPERMARKETS LONDON
gig_worker,2026-04-11,nZrpoVbK8whWP58DnVwatqMpkjLB9DfAmgnaQ,2026-04-11,-38.2,GBP,DELIVEROO UK REF:ORDER-APP
gig_worker,2026-04-11,nZrpoVbK8whWP58DnVwatqMpkjLB9DfAmgnaQ,2026-04-11,-24.67,GBP,COSTCO UK WATFORD
gig_worker,2026-04-12,nZrpoVbK8whWP58DnVwatqMpkjLB9DfAmgnaQ,2026-04-12,-15.59,GBP,POUNDLAND LTD LONDON
gig_worker,2026-04-12,xbWVKP9aG8TmlzqAJzrpHXBDzPxLgQu6AMedA,2026-04-12,1735.77,GBP,Lyft
gig_worker,2026-04-12,xbWVKP9aG8TmlzqAJzrpHXBDzPxLgQu6AMedA,2026-04-12,-43.19,GBP,PRET A MANGER LONDON EC1
gig_worker,2026-04-12,nZrpoVbK8whWP58DnVwatqMpkjLB9DfAmgnaQ,2026-04-12,-44.84,GBP,THE COAL HOLE LONDON WC2
gig_worker,2026-04-12,xbWVKP9aG8TmlzqAJzrpHXBDzPxLgQu6AMedA,2026-04-12,-20.15,GBP,SCREWFIX DIRECT LTD
gig_worker,2026-04-12,xbWVKP9aG8TmlzqAJzrpHXBDzPxLgQu6AMedA,2026-04-12,-53.56,GBP,DOMINOS PIZZA UK LTD
gig_worker,2026-04-12,nZrpoVbK8whWP58DnVwatqMpkjLB9DfAmgnaQ,2026-04-12,-6.2,GBP,DELIVEROO UK REF:ORDER-APP
gig_worker,2026-04-12,nZrpoVbK8whWP58DnVwatqMpkjLB9DfAmgnaQ,2026-04-12,-43.71,GBP,ITSU UK LTD LONDON SE1
gig_worker,2026-04-12,xbWVKP9aG8TmlzqAJzrpHXBDzPxLgQu6AMedA,2026-04-12,-12.54,GBP,COSTCO UK WATFORD
gig_worker,2026-04-12,nZrpoVbK8whWP58DnVwatqMpkjLB9DfAmgnaQ,2026-04-12,-29.79,GBP,SAINSBURYS SUPERMARKETS LONDON
gig_worker,2026-04-12,xbWVKP9aG8TmlzqAJzrpHXBDzPxLgQu6AMedA,2026-04-12,-52.07,GBP,THE COAL HOLE LONDON WC2
gig_worker,2026-04-12,xbWVKP9aG8TmlzqAJzrpHXBDzPxLgQu6AMedA,2026-04-12,-40.65,GBP,IKEA UK LTD WEMBLEY
gig_worker,2026-04-13,nZrpoVbK8whWP58DnVwatqMpkjLB9DfAmgnaQ,2026-04-13,-52.07,GBP,THE COAL HOLE LONDON WC2
gig_worker,2026-04-13,nZrpoVbK8whWP58DnVwatqMpkjLB9DfAmgnaQ,2026-04-13,-43.19,GBP,PRET A MANGER LONDON EC1
gig_worker,2026-04-13,xbWVKP9aG8TmlzqAJzrpHXBDzPxLgQu6AMedA,2026-04-13,-11.41,GBP,SAINSBURYS SUPERMARKETS LONDON
gig_worker,2026-04-13,nZrpoVbK8whWP58DnVwatqMpkjLB9DfAmgnaQ,2026-04-13,-53.56,GBP,DOMINOS PIZZA UK LTD
gig_worker,2026-04-13,xbWVKP9aG8TmlzqAJzrpHXBDzPxLgQu6AMedA,2026-04-13,-7.18,GBP,SCREWFIX DIRECT LTD
gig_worker,2026-04-13,xbWVKP9aG8TmlzqAJzrpHXBDzPxLgQu6AMedA,2026-04-13,-58.77,GBP,DELIVEROO UK REF:ORDER-APP
gig_worker,2026-04-13,nZrpoVbK8whWP58DnVwatqMpkjLB9DfAmgnaQ,2026-04-13,1735.77,GBP,Lyft
gig_worker,2026-04-13,nZrpoVbK8whWP58DnVwatqMpkjLB9DfAmgnaQ,2026-04-13,-12.54,GBP,COSTCO UK WATFORD
gig_worker,2026-04-13,nZrpoVbK8whWP58DnVwatqMpkjLB9DfAmgnaQ,2026-04-13,-20.15,GBP,SCREWFIX DIRECT LTD
gig_worker,2026-04-13,nZrpoVbK8whWP58DnVwatqMpkjLB9DfAmgnaQ,2026-04-13,-40.65,GBP,IKEA UK LTD WEMBLEY
gig_worker,2026-04-14,nZrpoVbK8whWP58DnVwatqMpkjLB9DfAmgnaQ,2026-04-14,-11.41,GBP,SAINSBURYS SUPERMARKETS LONDON
gig_worker,2026-04-14,xbWVKP9aG8TmlzqAJzrpHXBDzPxLgQu6AMedA,2026-04-14,-37.07,GBP,AMAZON UK MARKETPLACE
gig_worker,2026-04-14,xbWVKP9aG8TmlzqAJzrpHXBDzPxLgQu6AMedA,2026-04-14,-44.21,GBP,ITSU UK LTD LONDON SE1
gig_worker,2026-04-14,xbWVKP9aG8TmlzqAJzrpHXBDzPxLgQu6AMedA,2026-04-14,-12.87,GBP,NIKE UK ONLINE STORE
gig_worker,2026-04-14,nZrpoVbK8whWP58DnVwatqMpkjLB9DfAmgnaQ,2026-04-14,-7.18,GBP,SCREWFIX DIRECT LTD
gig_worker,2026-04-14,xbWVKP9aG8TmlzqAJzrpHXBDzPxLgQu6AMedA,2026-04-14,-7.55,GBP,IKEA UK LTD WEMBLEY
gig_worker,2026-04-14,nZrpoVbK8whWP58DnVwatqMpkjLB9DfAmgnaQ,2026-04-14,-58.77,GBP,DELIVEROO UK REF:ORDER-APP
gig_worker,2026-04-14,xbWVKP9aG8TmlzqAJzrpHXBDzPxLgQu6AMedA,2026-04-14,-51.61,GBP,DOMINOS PIZZA UK LTD
gig_worker,2026-04-15,nZrpoVbK8whWP58DnVwatqMpkjLB9DfAmgnaQ,2026-04-15,-37.07,GBP,AMAZON UK MARKETPLACE
gig_worker,2026-04-15,xbWVKP9aG8TmlzqAJzrpHXBDzPxLgQu6AMedA,2026-04-15,-36.03,GBP,ITSU UK LTD LONDON SE1
gig_worker,2026-04-15,nZrpoVbK8whWP58DnVwatqMpkjLB9DfAmgnaQ,2026-04-15,-44.21,GBP,ITSU UK LTD LONDON SE1
gig_worker,2026-04-15,nZrpoVbK8whWP58DnVwatqMpkjLB9DfAmgnaQ,2026-04-15,-51.61,GBP,DOMINOS PIZZA UK LTD
gig_worker,2026-04-15,xbWVKP9aG8TmlzqAJzrpHXBDzPxLgQu6AMedA,2026-04-15,-37.5,GBP,WAHACA RESTAURANT LONDON
gig_worker,2026-04-15,nZrpoVbK8whWP58DnVwatqMpkjLB9DfAmgnaQ,2026-04-15,-12.87,GBP,NIKE UK ONLINE STORE
gig_worker,2026-04-15,nZrpoVbK8whWP58DnVwatqMpkjLB9DfAmgnaQ,2026-04-15,-7.55,GBP,IKEA UK LTD WEMBLEY
gig_worker,2026-04-15,xbWVKP9aG8TmlzqAJzrpHXBDzPxLgQu6AMedA,2026-04-15,-36.82,GBP,POUNDLAND LTD LONDON
gig_worker,2026-04-15,xbWVKP9aG8TmlzqAJzrpHXBDzPxLgQu6AMedA,2026-04-15,-54.74,GBP,SAINSBURYS SUPERMARKETS LONDON
gig_worker,2026-04-15,xbWVKP9aG8TmlzqAJzrpHXBDzPxLgQu6AMedA,2026-04-15,-13.27,GBP,OCADO RETAIL LTD REF:ORDER
gig_worker,2026-04-16,nZrpoVbK8whWP58DnVwatqMpkjLB9DfAmgnaQ,2026-04-16,-13.27,GBP,OCADO RETAIL LTD REF:ORDER
gig_worker,2026-04-16,xbWVKP9aG8TmlzqAJzrpHXBDzPxLgQu6AMedA,2026-04-16,-44.18,GBP,TESCO METRO LONDON EC1
gig_worker,2026-04-16,xbWVKP9aG8TmlzqAJzrpHXBDzPxLgQu6AMedA,2026-04-16,-12.37,GBP,SAINSBURYS SUPERMARKETS LONDON
gig_worker,2026-04-16,nZrpoVbK8whWP58DnVwatqMpkjLB9DfAmgnaQ,2026-04-16,-36.03,GBP,ITSU UK LTD LONDON SE1
gig_worker,2026-04-16,nZrpoVbK8whWP58DnVwatqMpkjLB9DfAmgnaQ,2026-04-16,-36.82,GBP,POUNDLAND LTD LONDON
gig_worker,2026-04-16,xbWVKP9aG8TmlzqAJzrpHXBDzPxLgQu6AMedA,2026-04-16,-45.37,GBP,DELIVEROO UK REF:ORDER-APP
gig_worker,2026-04-16,xbWVKP9aG8TmlzqAJzrpHXBDzPxLgQu6AMedA,2026-04-16,-41.42,GBP,AMAZON UK MARKETPLACE
gig_worker,2026-04-16,xbWVKP9aG8TmlzqAJzrpHXBDzPxLgQu6AMedA,2026-04-16,-47.17,GBP,SAINSBURYS SUPERMARKETS LONDON
gig_worker,2026-04-16,nZrpoVbK8whWP58DnVwatqMpkjLB9DfAmgnaQ,2026-04-16,-37.5,GBP,WAHACA RESTAURANT LONDON
gig_worker,2026-04-16,nZrpoVbK8whWP58DnVwatqMpkjLB9DfAmgnaQ,2026-04-16,-54.74,GBP,SAINSBURYS SUPERMARKETS LONDON
gig_worker,2026-04-16,xbWVKP9aG8TmlzqAJzrpHXBDzPxLgQu6AMedA,2026-04-16,1077.93,GBP,Lyft
gig_worker,2026-04-17,xbWVKP9aG8TmlzqAJzrpHXBDzPxLgQu6AMedA,2026-04-17,-26.33,GBP,DOMINOS PIZZA UK LTD
gig_worker,2026-04-17,nZrpoVbK8whWP58DnVwatqMpkjLB9DfAmgnaQ,2026-04-17,-47.17,GBP,SAINSBURYS SUPERMARKETS LONDON
gig_worker,2026-04-17,nZrpoVbK8whWP58DnVwatqMpkjLB9DfAmgnaQ,2026-04-17,1077.93,GBP,Lyft
gig_worker,2026-04-17,nZrpoVbK8whWP58DnVwatqMpkjLB9DfAmgnaQ,2026-04-17,-12.37,GBP,SAINSBURYS SUPERMARKETS LONDON
gig_worker,2026-04-17,xbWVKP9aG8TmlzqAJzrpHXBDzPxLgQu6AMedA,2026-04-17,-39.8,GBP,POUNDLAND LTD LONDON
gig_worker,2026-04-17,xbWVKP9aG8TmlzqAJzrpHXBDzPxLgQu6AMedA,2026-04-17,-54.24,GBP,TESCO METRO LONDON EC1
gig_worker,2026-04-17,nZrpoVbK8whWP58DnVwatqMpkjLB9DfAmgnaQ,2026-04-17,-41.42,GBP,AMAZON UK MARKETPLACE
gig_worker,2026-04-17,nZrpoVbK8whWP58DnVwatqMpkjLB9DfAmgnaQ,2026-04-17,-44.18,GBP,TESCO METRO LONDON EC1
gig_worker,2026-04-17,xbWVKP9aG8TmlzqAJzrpHXBDzPxLgQu6AMedA,2026-04-17,-49.78,GBP,TESCO METRO LONDON EC1
gig_worker,2026-04-17,xbWVKP9aG8TmlzqAJzrpHXBDzPxLgQu6AMedA,2026-04-17,-45.06,GBP,OCADO RETAIL LTD REF:ORDER
gig_worker,2026-04-17,nZrpoVbK8whWP58DnVwatqMpkjLB9DfAmgnaQ,2026-04-17,-45.37,GBP,DELIVEROO UK REF:ORDER-APP
gig_worker,2026-04-17,xbWVKP9aG8TmlzqAJzrpHXBDzPxLgQu6AMedA,2026-04-17,-15.22,GBP,AMAZON UK MARKETPLACE
gig_worker,2026-04-17,xbWVKP9aG8TmlzqAJzrpHXBDzPxLgQu6AMedA,2026-04-17,-34.91,GBP,SAINSBURYS SUPERMARKETS LONDON
gig_worker,2026-04-18,nZrpoVbK8whWP58DnVwatqMpkjLB9DfAmgnaQ,2026-04-18,-34.91,GBP,SAINSBURYS SUPERMARKETS LONDON
gig_worker,2026-04-18,xbWVKP9aG8TmlzqAJzrpHXBDzPxLgQu6AMedA,2026-04-18,-25.94,GBP,SCREWFIX DIRECT LTD
gig_worker,2026-04-18,xbWVKP9aG8TmlzqAJzrpHXBDzPxLgQu6AMedA,2026-04-18,-27.08,GBP,ITSU UK LTD LONDON SE1
gig_worker,2026-04-18,nZrpoVbK8whWP58DnVwatqMpkjLB9DfAmgnaQ,2026-04-18,-26.33,GBP,DOMINOS PIZZA UK LTD
gig_worker,2026-04-18,nZrpoVbK8whWP58DnVwatqMpkjLB9DfAmgnaQ,2026-04-18,-54.24,GBP,TESCO METRO LONDON EC1
gig_worker,2026-04-18,nZrpoVbK8whWP58DnVwatqMpkjLB9DfAmgnaQ,2026-04-18,-45.06,GBP,OCADO RETAIL LTD REF:ORDER
gig_worker,2026-04-18,nZrpoVbK8whWP58DnVwatqMpkjLB9DfAmgnaQ,2026-04-18,-15.22,GBP,AMAZON UK MARKETPLACE
gig_worker,2026-04-18,nZrpoVbK8whWP58DnVwatqMpkjLB9DfAmgnaQ,2026-04-18,-49.78,GBP,TESCO METRO LONDON EC1
gig_worker,2026-04-18,xbWVKP9aG8TmlzqAJzrpHXBDzPxLgQu6AMedA,2026-04-18,-33.86,GBP,OCADO RETAIL LTD REF:ORDER
gig_worker,2026-04-18,nZrpoVbK8whWP58DnVwatqMpkjLB9DfAmgnaQ,2026-04-18,-39.8,GBP,POUNDLAND LTD LONDON
gig_worker,2026-04-18,xbWVKP9aG8TmlzqAJzrpHXBDzPxLgQu6AMedA,2026-04-18,-27.57,GBP,The Press Club
gig_worker,2026-04-18,xbWVKP9aG8TmlzqAJzrpHXBDzPxLgQu6AMedA,2026-04-18,-41.79,GBP,AMAZON UK MARKETPLACE
joint_borrower,2025-11-01,3gN9w6WrGWTEVom8r983InxlNpKG3dCm9xq1l,2025-11-01,-161.82,GBP,D/D COUNCIL TAX REF:XXXXXX12
joint_borrower,2025-11-01,3gN9w6WrGWTEVom8r983InxlNpKG3dCm9xq1l,2025-11-01,-1267.53,GBP,D/D NATIONWIDE JOINT MORTGAGE
joint_borrower,2025-11-05,3gN9w6WrGWTEVom8r983InxlNpKG3dCm9xq1l,2025-11-05,1491.36,GBP,BACS PAYROLL SECONDARY-ACC REF:SALARY
joint_borrower,2025-11-05,3gN9w6WrGWTEVom8r983InxlNpKG3dCm9xq1l,2025-11-05,-107.38,GBP,D/D BRITISH GAS JOINT DDA
joint_borrower,2025-11-05,3gN9w6WrGWTEVom8r983InxlNpKG3dCm9xq1l,2025-11-05,749.83,GBP,BACS PAYROLL PRIMARY-ACC REF:SALARY
joint_borrower,2025-11-07,3gN9w6WrGWTEVom8r983InxlNpKG3dCm9xq1l,2025-11-07,-115.45,GBP,SAINSBURYS JOINT CARD LONDON
joint_borrower,2025-11-07,3gN9w6WrGWTEVom8r983InxlNpKG3dCm9xq1l,2025-11-07,-88.41,GBP,SAINSBURYS JOINT CARD LONDON
joint_borrower,2025-11-07,3gN9w6WrGWTEVom8r983InxlNpKG3dCm9xq1l,2025-11-07,-51.62,GBP,D/D THAMES WATER REF:H2O-JOINT
joint_borrower,2025-11-09,3gN9w6WrGWTEVom8r983InxlNpKG3dCm9xq1l,2025-11-09,-52.45,GBP,SAINSBURYS JOINT CARD LONDON
joint_borrower,2025-11-10,3gN9w6WrGWTEVom8r983InxlNpKG3dCm9xq1l,2025-11-10,-65.41,GBP,D/D OCTOPUS ENERGY JOINT
joint_borrower,2025-11-12,3gN9w6WrGWTEVom8r983InxlNpKG3dCm9xq1l,2025-11-12,570.03,GBP,BACS PAYROLL PRIMARY-ACC REF:SALARY
joint_borrower,2025-11-12,3gN9w6WrGWTEVom8r983InxlNpKG3dCm9xq1l,2025-11-12,1460.95,GBP,BACS PAYROLL SECONDARY-ACC REF:SALARY
joint_borrower,2025-11-15,3gN9w6WrGWTEVom8r983InxlNpKG3dCm9xq1l,2025-11-15,-56.82,GBP,D/D SKY DIGITAL REF:SAT-JOINT
joint_borrower,2025-11-16,3gN9w6WrGWTEVom8r983InxlNpKG3dCm9xq1l,2025-11-16,-88.8,GBP,SAINSBURYS JOINT CARD LONDON
joint_borrower,2025-11-19,3gN9w6WrGWTEVom8r983InxlNpKG3dCm9xq1l,2025-11-19,1532.05,GBP,BACS PAYROLL SECONDARY-ACC REF:SALARY
joint_borrower,2025-11-19,3gN9w6WrGWTEVom8r983InxlNpKG3dCm9xq1l,2025-11-19,692.29,GBP,BACS PAYROLL PRIMARY-ACC REF:SALARY
joint_borrower,2025-11-20,3gN9w6WrGWTEVom8r983InxlNpKG3dCm9xq1l,2025-11-20,-30.46,GBP,D/D AVIVA JOINT LIFE INS
joint_borrower,2025-11-20,3gN9w6WrGWTEVom8r983InxlNpKG3dCm9xq1l,2025-11-20,-89.16,GBP,SAINSBURYS JOINT CARD LONDON
joint_borrower,2025-11-26,3gN9w6WrGWTEVom8r983InxlNpKG3dCm9xq1l,2025-11-26,1504.5,GBP,BACS PAYROLL SECONDARY-ACC REF:SALARY
joint_borrower,2025-11-26,3gN9w6WrGWTEVom8r983InxlNpKG3dCm9xq1l,2025-11-26,536.96,GBP,BACS PAYROLL PRIMARY-ACC REF:SALARY
joint_borrower,2025-11-30,3gN9w6WrGWTEVom8r983InxlNpKG3dCm9xq1l,2025-11-30,-353.37,GBP,S/O JOINT ACC TRANSFER REF:BILLS
joint_borrower,2025-12-01,3gN9w6WrGWTEVom8r983InxlNpKG3dCm9xq1l,2025-12-01,-177.87,GBP,D/D COUNCIL TAX REF:XXXXXX12
joint_borrower,2025-12-01,3gN9w6WrGWTEVom8r983InxlNpKG3dCm9xq1l,2025-12-01,-1337.57,GBP,D/D NATIONWIDE JOINT MORTGAGE
joint_borrower,2025-12-04,3gN9w6WrGWTEVom8r983InxlNpKG3dCm9xq1l,2025-12-04,-119.37,GBP,SAINSBURYS JOINT CARD LONDON
joint_borrower,2025-12-05,3gN9w6WrGWTEVom8r983InxlNpKG3dCm9xq1l,2025-12-05,-125.65,GBP,SAINSBURYS JOINT CARD LONDON
joint_borrower,2025-12-05,3gN9w6WrGWTEVom8r983InxlNpKG3dCm9xq1l,2025-12-05,1510.78,GBP,BACS PAYROLL SECONDARY-ACC REF:SALARY
joint_borrower,2025-12-05,3gN9w6WrGWTEVom8r983InxlNpKG3dCm9xq1l,2025-12-05,-91.57,GBP,D/D BRITISH GAS JOINT DDA
joint_borrower,2025-12-05,3gN9w6WrGWTEVom8r983InxlNpKG3dCm9xq1l,2025-12-05,520.99,GBP,BACS PAYROLL PRIMARY-ACC REF:SALARY
joint_borrower,2025-12-07,3gN9w6WrGWTEVom8r983InxlNpKG3dCm9xq1l,2025-12-07,-45.34,GBP,D/D THAMES WATER REF:H2O-JOINT
joint_borrower,2025-12-10,3gN9w6WrGWTEVom8r983InxlNpKG3dCm9xq1l,2025-12-10,-64.95,GBP,D/D OCTOPUS ENERGY JOINT
joint_borrower,2025-12-11,3gN9w6WrGWTEVom8r983InxlNpKG3dCm9xq1l,2025-12-11,-57.62,GBP,SAINSBURYS JOINT CARD LONDON
joint_borrower,2025-12-12,3gN9w6WrGWTEVom8r983InxlNpKG3dCm9xq1l,2025-12-12,1495.87,GBP,BACS PAYROLL SECONDARY-ACC REF:SALARY
joint_borrower,2025-12-12,3gN9w6WrGWTEVom8r983InxlNpKG3dCm9xq1l,2025-12-12,537.9,GBP,BACS PAYROLL PRIMARY-ACC REF:SALARY
joint_borrower,2025-12-13,3gN9w6WrGWTEVom8r983InxlNpKG3dCm9xq1l,2025-12-13,-94.86,GBP,SAINSBURYS JOINT CARD LONDON
joint_borrower,2025-12-15,3gN9w6WrGWTEVom8r983InxlNpKG3dCm9xq1l,2025-12-15,-55.41,GBP,D/D SKY DIGITAL REF:SAT-JOINT
joint_borrower,2025-12-19,3gN9w6WrGWTEVom8r983InxlNpKG3dCm9xq1l,2025-12-19,480.36,GBP,BACS PAYROLL PRIMARY-ACC REF:SALARY
joint_borrower,2025-12-19,3gN9w6WrGWTEVom8r983InxlNpKG3dCm9xq1l,2025-12-19,1466.33,GBP,BACS PAYROLL SECONDARY-ACC REF:SALARY
joint_borrower,2025-12-20,3gN9w6WrGWTEVom8r983InxlNpKG3dCm9xq1l,2025-12-20,-38.78,GBP,D/D AVIVA JOINT LIFE INS
joint_borrower,2025-12-26,3gN9w6WrGWTEVom8r983InxlNpKG3dCm9xq1l,2025-12-26,1505.09,GBP,BACS PAYROLL SECONDARY-ACC REF:SALARY
joint_borrower,2025-12-26,3gN9w6WrGWTEVom8r983InxlNpKG3dCm9xq1l,2025-12-26,614.49,GBP,BACS PAYROLL PRIMARY-ACC REF:SALARY
joint_borrower,2025-12-31,3gN9w6WrGWTEVom8r983InxlNpKG3dCm9xq1l,2025-12-31,-203.46,GBP,S/O JOINT ACC TRANSFER REF:BILLS
joint_borrower,2026-01-01,3gN9w6WrGWTEVom8r983InxlNpKG3dCm9xq1l,2026-01-01,-1171.72,GBP,D/D NATIONWIDE JOINT MORTGAGE
joint_borrower,2026-01-01,3gN9w6WrGWTEVom8r983InxlNpKG3dCm9xq1l,2026-01-01,-181.89,GBP,D/D COUNCIL TAX REF:XXXXXX12
joint_borrower,2026-01-05,3gN9w6WrGWTEVom8r983InxlNpKG3dCm9xq1l,2026-01-05,654.54,GBP,BACS PAYROLL PRIMARY-ACC REF:SALARY
joint_borrower,2026-01-05,3gN9w6WrGWTEVom8r983InxlNpKG3dCm9xq1l,2026-01-05,-84.84,GBP,D/D BRITISH GAS JOINT DDA
joint_borrower,2026-01-05,3gN9w6WrGWTEVom8r983InxlNpKG3dCm9xq1l,2026-01-05,1507.05,GBP,BACS PAYROLL SECONDARY-ACC REF:SALARY
joint_borrower,2026-01-06,3gN9w6WrGWTEVom8r983InxlNpKG3dCm9xq1l,2026-01-06,-65.72,GBP,SAINSBURYS JOINT CARD LONDON
joint_borrower,2026-01-07,3gN9w6WrGWTEVom8r983InxlNpKG3dCm9xq1l,2026-01-07,-48.37,GBP,SAINSBURYS JOINT CARD LONDON
joint_borrower,2026-01-07,3gN9w6WrGWTEVom8r983InxlNpKG3dCm9xq1l,2026-01-07,-53.19,GBP,D/D THAMES WATER REF:H2O-JOINT
joint_borrower,2026-01-10,3gN9w6WrGWTEVom8r983InxlNpKG3dCm9xq1l,2026-01-10,-76.81,GBP,D/D OCTOPUS ENERGY JOINT
joint_borrower,2026-01-12,3gN9w6WrGWTEVom8r983InxlNpKG3dCm9xq1l,2026-01-12,577.15,GBP,BACS PAYROLL PRIMARY-ACC REF:SALARY
joint_borrower,2026-01-12,3gN9w6WrGWTEVom8r983InxlNpKG3dCm9xq1l,2026-01-12,1511.74,GBP,BACS PAYROLL SECONDARY-ACC REF:SALARY
joint_borrower,2026-01-13,3gN9w6WrGWTEVom8r983InxlNpKG3dCm9xq1l,2026-01-13,-94.94,GBP,SAINSBURYS JOINT CARD LONDON
joint_borrower,2026-01-15,3gN9w6WrGWTEVom8r983InxlNpKG3dCm9xq1l,2026-01-15,-60.37,GBP,D/D SKY DIGITAL REF:SAT-JOINT
joint_borrower,2026-01-19,3gN9w6WrGWTEVom8r983InxlNpKG3dCm9xq1l,2026-01-19,712.57,GBP,BACS PAYROLL PRIMARY-ACC REF:SALARY
joint_borrower,2026-01-19,3gN9w6WrGWTEVom8r983InxlNpKG3dCm9xq1l,2026-01-19,1549.49,GBP,BACS PAYROLL SECONDARY-ACC REF:SALARY
joint_borrower,2026-01-20,3gN9w6WrGWTEVom8r983InxlNpKG3dCm9xq1l,2026-01-20,-32.15,GBP,D/D AVIVA JOINT LIFE INS
joint_borrower,2026-01-25,3gN9w6WrGWTEVom8r983InxlNpKG3dCm9xq1l,2026-01-25,-78.38,GBP,SAINSBURYS JOINT CARD LONDON
joint_borrower,2026-01-26,3gN9w6WrGWTEVom8r983InxlNpKG3dCm9xq1l,2026-01-26,663.3,GBP,BACS PAYROLL PRIMARY-ACC REF:SALARY
joint_borrower,2026-01-26,3gN9w6WrGWTEVom8r983InxlNpKG3dCm9xq1l,2026-01-26,1466.41,GBP,BACS PAYROLL SECONDARY-ACC REF:SALARY
joint_borrower,2026-01-29,3gN9w6WrGWTEVom8r983InxlNpKG3dCm9xq1l,2026-01-29,-119.68,GBP,SAINSBURYS JOINT CARD LONDON
joint_borrower,2026-01-31,3gN9w6WrGWTEVom8r983InxlNpKG3dCm9xq1l,2026-01-31,-346.56,GBP,S/O JOINT ACC TRANSFER REF:BILLS
joint_borrower,2026-02-01,3gN9w6WrGWTEVom8r983InxlNpKG3dCm9xq1l,2026-02-01,-1311.65,GBP,D/D NATIONWIDE JOINT MORTGAGE
joint_borrower,2026-02-01,3gN9w6WrGWTEVom8r983InxlNpKG3dCm9xq1l,2026-02-01,-167.69,GBP,D/D COUNCIL TAX REF:XXXXXX12
joint_borrower,2026-02-03,3gN9w6WrGWTEVom8r983InxlNpKG3dCm9xq1l,2026-02-03,-49.04,GBP,SAINSBURYS JOINT CARD LONDON
joint_borrower,2026-02-04,3gN9w6WrGWTEVom8r983InxlNpKG3dCm9xq1l,2026-02-04,-84.16,GBP,SAINSBURYS JOINT CARD LONDON
joint_borrower,2026-02-05,3gN9w6WrGWTEVom8r983InxlNpKG3dCm9xq1l,2026-02-05,-108.35,GBP,D/D BRITISH GAS JOINT DDA
joint_borrower,2026-02-05,3gN9w6WrGWTEVom8r983InxlNpKG3dCm9xq1l,2026-02-05,1487.64,GBP,BACS PAYROLL SECONDARY-ACC REF:SALARY
joint_borrower,2026-02-05,3gN9w6WrGWTEVom8r983InxlNpKG3dCm9xq1l,2026-02-05,724.38,GBP,BACS PAYROLL PRIMARY-ACC REF:SALARY
joint_borrower,2026-02-07,3gN9w6WrGWTEVom8r983InxlNpKG3dCm9xq1l,2026-02-07,-45.82,GBP,D/D THAMES WATER REF:H2O-JOINT
joint_borrower,2026-02-10,3gN9w6WrGWTEVom8r983InxlNpKG3dCm9xq1l,2026-02-10,-70.45,GBP,D/D OCTOPUS ENERGY JOINT
joint_borrower,2026-02-11,3gN9w6WrGWTEVom8r983InxlNpKG3dCm9xq1l,2026-02-11,-134.31,GBP,SAINSBURYS JOINT CARD LONDON
joint_borrower,2026-02-12,3gN9w6WrGWTEVom8r983InxlNpKG3dCm9xq1l,2026-02-12,576.37,GBP,BACS PAYROLL PRIMARY-ACC REF:SALARY
joint_borrower,2026-02-12,3gN9w6WrGWTEVom8r983InxlNpKG3dCm9xq1l,2026-02-12,1492.26,GBP,BACS PAYROLL SECONDARY-ACC REF:SALARY
joint_borrower,2026-02-15,3gN9w6WrGWTEVom8r983InxlNpKG3dCm9xq1l,2026-02-15,-50.12,GBP,D/D SKY DIGITAL REF:SAT-JOINT
joint_borrower,2026-02-19,3gN9w6WrGWTEVom8r983InxlNpKG3dCm9xq1l,2026-02-19,620.97,GBP,BACS PAYROLL PRIMARY-ACC REF:SALARY
joint_borrower,2026-02-19,3gN9w6WrGWTEVom8r983InxlNpKG3dCm9xq1l,2026-02-19,1509.42,GBP,BACS PAYROLL SECONDARY-ACC REF:SALARY
joint_borrower,2026-02-20,3gN9w6WrGWTEVom8r983InxlNpKG3dCm9xq1l,2026-02-20,-48.72,GBP,D/D AVIVA JOINT LIFE INS
joint_borrower,2026-02-26,3gN9w6WrGWTEVom8r983InxlNpKG3dCm9xq1l,2026-02-26,644.69,GBP,BACS PAYROLL PRIMARY-ACC REF:SALARY
joint_borrower,2026-02-26,3gN9w6WrGWTEVom8r983InxlNpKG3dCm9xq1l,2026-02-26,1517.98,GBP,BACS PAYROLL SECONDARY-ACC REF:SALARY
joint_borrower,2026-02-27,3gN9w6WrGWTEVom8r983InxlNpKG3dCm9xq1l,2026-02-27,-125.25,GBP,SAINSBURYS JOINT CARD LONDON
joint_borrower,2026-02-28,3gN9w6WrGWTEVom8r983InxlNpKG3dCm9xq1l,2026-02-28,-226.34,GBP,S/O JOINT ACC TRANSFER REF:BILLS
joint_borrower,2026-03-21,3gN9w6WrGWTEVom8r983InxlNpKG3dCm9xq1l,2026-03-21,1500.0,GBP,BACS PAYROLL PRIMARY-ACC REF:SALARY
joint_borrower,2026-03-21,3gN9w6WrGWTEVom8r983InxlNpKG3dCm9xq1l,2026-03-21,500.0,GBP,BACS PAYROLL SECONDARY-ACC REF:SALARY
joint_borrower,2026-03-22,XdD4dWkmlEh7AmnwXPjDcWyPe4WqKeSb813Ky,2026-03-22,1500.0,GBP,BACS PAYROLL PRIMARY-ACC REF:SALARY
joint_borrower,2026-03-22,XdD4dWkmlEh7AmnwXPjDcWyPe4WqKeSb813Ky,2026-03-22,500.0,GBP,BACS PAYROLL SECONDARY-ACC REF:SALARY
joint_borrower,2026-03-28,3gN9w6WrGWTEVom8r983InxlNpKG3dCm9xq1l,2026-03-28,500.0,GBP,BACS PAYROLL SECONDARY-ACC REF:SALARY
joint_borrower,2026-03-28,3gN9w6WrGWTEVom8r983InxlNpKG3dCm9xq1l,2026-03-28,1500.0,GBP,BACS PAYROLL PRIMARY-ACC REF:SALARY
joint_borrower,2026-03-28,3gN9w6WrGWTEVom8r983InxlNpKG3dCm9xq1l,2026-03-28,800.0,GBP,BACS PAYROLL SECONDARY-ACC REF:SALARY
joint_borrower,2026-03-29,XdD4dWkmlEh7AmnwXPjDcWyPe4WqKeSb813Ky,2026-03-29,500.0,GBP,BACS PAYROLL SECONDARY-ACC REF:SALARY
joint_borrower,2026-03-29,XdD4dWkmlEh7AmnwXPjDcWyPe4WqKeSb813Ky,2026-03-29,1500.0,GBP,BACS PAYROLL PRIMARY-ACC REF:SALARY
joint_borrower,2026-03-29,XdD4dWkmlEh7AmnwXPjDcWyPe4WqKeSb813Ky,2026-03-29,800.0,GBP,BACS PAYROLL SECONDARY-ACC REF:SALARY
joint_borrower,2026-04-04,3gN9w6WrGWTEVom8r983InxlNpKG3dCm9xq1l,2026-04-04,1500.0,GBP,BACS PAYROLL PRIMARY-ACC REF:SALARY
joint_borrower,2026-04-04,3gN9w6WrGWTEVom8r983InxlNpKG3dCm9xq1l,2026-04-04,500.0,GBP,BACS PAYROLL SECONDARY-ACC REF:SALARY
joint_borrower,2026-04-05,XdD4dWkmlEh7AmnwXPjDcWyPe4WqKeSb813Ky,2026-04-05,1500.0,GBP,BACS PAYROLL PRIMARY-ACC REF:SALARY
joint_borrower,2026-04-05,XdD4dWkmlEh7AmnwXPjDcWyPe4WqKeSb813Ky,2026-04-05,500.0,GBP,BACS PAYROLL SECONDARY-ACC REF:SALARY
joint_borrower,2026-04-11,3gN9w6WrGWTEVom8r983InxlNpKG3dCm9xq1l,2026-04-11,500.0,GBP,BACS PAYROLL SECONDARY-ACC REF:SALARY
joint_borrower,2026-04-11,3gN9w6WrGWTEVom8r983InxlNpKG3dCm9xq1l,2026-04-11,1500.0,GBP,BACS PAYROLL PRIMARY-ACC REF:SALARY
joint_borrower,2026-04-12,XdD4dWkmlEh7AmnwXPjDcWyPe4WqKeSb813Ky,2026-04-12,500.0,GBP,BACS PAYROLL SECONDARY-ACC REF:SALARY
joint_borrower,2026-04-12,XdD4dWkmlEh7AmnwXPjDcWyPe4WqKeSb813Ky,2026-04-12,1500.0,GBP,BACS PAYROLL PRIMARY-ACC REF:SALARY
joint_borrower,2026-04-18,3gN9w6WrGWTEVom8r983InxlNpKG3dCm9xq1l,2026-04-18,1500.0,GBP,BACS PAYROLL PRIMARY-ACC REF:SALARY
joint_borrower,2026-04-18,3gN9w6WrGWTEVom8r983InxlNpKG3dCm9xq1l,2026-04-18,500.0,GBP,BACS PAYROLL SECONDARY-ACC REF:SALARY
stable_low_risk,2025-11-01,r3laJz4BZXUvyX7eyLLrfWn8g8KxzLU7GZgMB,2025-11-01,-156.29,GBP,MORRISONS SUPERMARKET LONDON
stable_low_risk,2025-11-02,r3laJz4BZXUvyX7eyLLrfWn8g8KxzLU7GZgMB,2025-11-02,-146.72,GBP,AMAZON UK MARKETPLACE
stable_low_risk,2025-11-03,r3laJz4BZXUvyX7eyLLrfWn8g8KxzLU7GZgMB,2025-11-03,-122.19,GBP,TESCO METRO LONDON EC1
stable_low_risk,2025-11-03,r3laJz4BZXUvyX7eyLLrfWn8g8KxzLU7GZgMB,2025-11-03,-175.0,GBP,MARKS AND SPENCER FOOD
stable_low_risk,2025-11-04,r3laJz4BZXUvyX7eyLLrfWn8g8KxzLU7GZgMB,2025-11-04,-93.9,GBP,OCADO RETAIL LTD REF:ORDER
stable_low_risk,2025-11-05,r3laJz4BZXUvyX7eyLLrfWn8g8KxzLU7GZgMB,2025-11-05,-80.51,GBP,SCREWFIX DIRECT LTD
stable_low_risk,2025-11-05,r3laJz4BZXUvyX7eyLLrfWn8g8KxzLU7GZgMB,2025-11-05,-163.95,GBP,POUNDLAND STORE #4421
stable_low_risk,2025-11-05,r3laJz4BZXUvyX7eyLLrfWn8g8KxzLU7GZgMB,2025-11-05,3377.41,GBP,BACS PAYROLL PRIMARY-ACC REF:SALARY
stable_low_risk,2025-11-07,r3laJz4BZXUvyX7eyLLrfWn8g8KxzLU7GZgMB,2025-11-07,-71.12,GBP,CO-OP FOOD LONDON N1
stable_low_risk,2025-11-09,r3laJz4BZXUvyX7eyLLrfWn8g8KxzLU7GZgMB,2025-11-09,-109.09,GBP,SCREWFIX DIRECT LTD
stable_low_risk,2025-11-10,r3laJz4BZXUvyX7eyLLrfWn8g8KxzLU7GZgMB,2025-11-10,-105.74,GBP,IKEA UK WEMBLEY
stable_low_risk,2025-11-12,r3laJz4BZXUvyX7eyLLrfWn8g8KxzLU7GZgMB,2025-11-12,3228.07,GBP,BACS PAYROLL PRIMARY-ACC REF:SALARY
stable_low_risk,2025-11-14,r3laJz4BZXUvyX7eyLLrfWn8g8KxzLU7GZgMB,2025-11-14,-166.66,GBP,MORRISONS SUPERMARKET LONDON
stable_low_risk,2025-11-14,r3laJz4BZXUvyX7eyLLrfWn8g8KxzLU7GZgMB,2025-11-14,-152.38,GBP,PIZZA HUT UK REF:ORDER-ONL
stable_low_risk,2025-11-15,r3laJz4BZXUvyX7eyLLrfWn8g8KxzLU7GZgMB,2025-11-15,-102.44,GBP,LIDL UK GMBH PECKHAM
stable_low_risk,2025-11-17,r3laJz4BZXUvyX7eyLLrfWn8g8KxzLU7GZgMB,2025-11-17,-111.98,GBP,TESCO METRO LONDON EC1
stable_low_risk,2025-11-17,r3laJz4BZXUvyX7eyLLrfWn8g8KxzLU7GZgMB,2025-11-17,-135.38,GBP,IKEA UK WEMBLEY
stable_low_risk,2025-11-17,r3laJz4BZXUvyX7eyLLrfWn8g8KxzLU7GZgMB,2025-11-17,-157.91,GBP,PIZZA HUT UK REF:ORDER-ONL
stable_low_risk,2025-11-18,r3laJz4BZXUvyX7eyLLrfWn8g8KxzLU7GZgMB,2025-11-18,-123.59,GBP,IKEA UK WEMBLEY
stable_low_risk,2025-11-19,r3laJz4BZXUvyX7eyLLrfWn8g8KxzLU7GZgMB,2025-11-19,3645.39,GBP,BACS PAYROLL PRIMARY-ACC REF:SALARY
stable_low_risk,2025-11-19,r3laJz4BZXUvyX7eyLLrfWn8g8KxzLU7GZgMB,2025-11-19,-57.58,GBP,THE COAL HOLE LONDON WC2
stable_low_risk,2025-11-19,r3laJz4BZXUvyX7eyLLrfWn8g8KxzLU7GZgMB,2025-11-19,-4608.25,GBP,D/D NATIONWIDE JOINT MORTGAGE
stable_low_risk,2025-11-20,r3laJz4BZXUvyX7eyLLrfWn8g8KxzLU7GZgMB,2025-11-20,1543.24,GBP,AIRBNB PAYMENTS GB REF:INV-901
stable_low_risk,2025-11-20,r3laJz4BZXUvyX7eyLLrfWn8g8KxzLU7GZgMB,2025-11-20,-108.63,GBP,LIDL UK GMBH PECKHAM
stable_low_risk,2025-11-21,r3laJz4BZXUvyX7eyLLrfWn8g8KxzLU7GZgMB,2025-11-21,-212.83,GBP,COSTCO UK WATFORD
stable_low_risk,2025-11-22,r3laJz4BZXUvyX7eyLLrfWn8g8KxzLU7GZgMB,2025-11-22,-195.8,GBP,COSTCO UK WATFORD
stable_low_risk,2025-11-22,r3laJz4BZXUvyX7eyLLrfWn8g8KxzLU7GZgMB,2025-11-22,-139.9,GBP,TESCO METRO LONDON EC1
stable_low_risk,2025-11-24,r3laJz4BZXUvyX7eyLLrfWn8g8KxzLU7GZgMB,2025-11-24,-171.61,GBP,YO SUSHI UK LTD LONDON
stable_low_risk,2025-11-25,r3laJz4BZXUvyX7eyLLrfWn8g8KxzLU7GZgMB,2025-11-25,-219.42,GBP,ITSU UK LTD LONDON SE1
stable_low_risk,2025-11-26,r3laJz4BZXUvyX7eyLLrfWn8g8KxzLU7GZgMB,2025-11-26,3444.05,GBP,BACS PAYROLL PRIMARY-ACC REF:SALARY
stable_low_risk,2025-11-26,r3laJz4BZXUvyX7eyLLrfWn8g8KxzLU7GZgMB,2025-11-26,-65.28,GBP,CO-OP FOOD LONDON N1
stable_low_risk,2025-11-27,r3laJz4BZXUvyX7eyLLrfWn8g8KxzLU7GZgMB,2025-11-27,-158.63,GBP,MORRISONS SUPERMARKET LONDON
stable_low_risk,2025-11-27,r3laJz4BZXUvyX7eyLLrfWn8g8KxzLU7GZgMB,2025-11-27,-138.38,GBP,TESCO METRO LONDON EC1
stable_low_risk,2025-11-29,r3laJz4BZXUvyX7eyLLrfWn8g8KxzLU7GZgMB,2025-11-29,-115.69,GBP,ASDA SUPERSTORE LONDON
stable_low_risk,2025-11-29,r3laJz4BZXUvyX7eyLLrfWn8g8KxzLU7GZgMB,2025-11-29,3469.35,GBP,BACS PAYROLL PRIMARY-ACC REF:SALARY
stable_low_risk,2025-11-30,r3laJz4BZXUvyX7eyLLrfWn8g8KxzLU7GZgMB,2025-11-30,-81.4,GBP,SCREWFIX DIRECT LTD
stable_low_risk,2025-11-30,r3laJz4BZXUvyX7eyLLrfWn8g8KxzLU7GZgMB,2025-11-30,-111.48,GBP,LIDL UK GMBH PECKHAM
stable_low_risk,2025-12-01,r3laJz4BZXUvyX7eyLLrfWn8g8KxzLU7GZgMB,2025-12-01,-41.84,GBP,THE COAL HOLE LONDON WC2
stable_low_risk,2025-12-01,r3laJz4BZXUvyX7eyLLrfWn8g8KxzLU7GZgMB,2025-12-01,-77.34,GBP,CO-OP FOOD LONDON N1
stable_low_risk,2025-12-02,r3laJz4BZXUvyX7eyLLrfWn8g8KxzLU7GZgMB,2025-12-02,-205.89,GBP,YO SUSHI UK LTD LONDON
stable_low_risk,2025-12-05,r3laJz4BZXUvyX7eyLLrfWn8g8KxzLU7GZgMB,2025-12-05,-212.32,GBP,NANDOS RESTAURANT LONDON
stable_low_risk,2025-12-05,r3laJz4BZXUvyX7eyLLrfWn8g8KxzLU7GZgMB,2025-12-05,3263.29,GBP,BACS PAYROLL PRIMARY-ACC REF:SALARY
stable_low_risk,2025-12-06,r3laJz4BZXUvyX7eyLLrfWn8g8KxzLU7GZgMB,2025-12-06,-187.13,GBP,AMAZON UK MARKETPLACE
stable_low_risk,2025-12-06,r3laJz4BZXUvyX7eyLLrfWn8g8KxzLU7GZgMB,2025-12-06,-161.63,GBP,COSTCO UK WATFORD
stable_low_risk,2025-12-07,r3laJz4BZXUvyX7eyLLrfWn8g8KxzLU7GZgMB,2025-12-07,-144.76,GBP,ASDA SUPERSTORE LONDON
stable_low_risk,2025-12-08,r3laJz4BZXUvyX7eyLLrfWn8g8KxzLU7GZgMB,2025-12-08,-143.99,GBP,AMAZON UK MARKETPLACE
stable_low_risk,2025-12-09,r3laJz4BZXUvyX7eyLLrfWn8g8KxzLU7GZgMB,2025-12-09,-178.57,GBP,ITSU UK LTD LONDON SE1
stable_low_risk,2025-12-10,r3laJz4BZXUvyX7eyLLrfWn8g8KxzLU7GZgMB,2025-12-10,-152.36,GBP,MARKS AND SPENCER FOOD
stable_low_risk,2025-12-12,r3laJz4BZXUvyX7eyLLrfWn8g8KxzLU7GZgMB,2025-12-12,1518.83,GBP,AIRBNB PAYMENTS GB REF:INV-901
stable_low_risk,2025-12-12,r3laJz4BZXUvyX7eyLLrfWn8g8KxzLU7GZgMB,2025-12-12,3301.36,GBP,BACS PAYROLL PRIMARY-ACC REF:SALARY
stable_low_risk,2025-12-12,r3laJz4BZXUvyX7eyLLrfWn8g8KxzLU7GZgMB,2025-12-12,-113.28,GBP,TESCO METRO LONDON EC1
stable_low_risk,2025-12-13,r3laJz4BZXUvyX7eyLLrfWn8g8KxzLU7GZgMB,2025-12-13,-95.43,GBP,SCREWFIX DIRECT LTD
stable_low_risk,2025-12-13,r3laJz4BZXUvyX7eyLLrfWn8g8KxzLU7GZgMB,2025-12-13,-66.91,GBP,CO-OP FOOD LONDON N1
stable_low_risk,2025-12-14,r3laJz4BZXUvyX7eyLLrfWn8g8KxzLU7GZgMB,2025-12-14,-160.72,GBP,WAHACA RESTAURANT LONDON
stable_low_risk,2025-12-14,r3laJz4BZXUvyX7eyLLrfWn8g8KxzLU7GZgMB,2025-12-14,-173.75,GBP,NANDOS RESTAURANT LONDON
stable_low_risk,2025-12-14,r3laJz4BZXUvyX7eyLLrfWn8g8KxzLU7GZgMB,2025-12-14,-189.73,GBP,AMAZON UK MARKETPLACE
stable_low_risk,2025-12-15,r3laJz4BZXUvyX7eyLLrfWn8g8KxzLU7GZgMB,2025-12-15,-187.73,GBP,POUNDLAND STORE #4421
stable_low_risk,2025-12-16,r3laJz4BZXUvyX7eyLLrfWn8g8KxzLU7GZgMB,2025-12-16,-159.55,GBP,PIZZA HUT UK REF:ORDER-ONL
stable_low_risk,2025-12-16,r3laJz4BZXUvyX7eyLLrfWn8g8KxzLU7GZgMB,2025-12-16,-139.33,GBP,AMAZON UK MARKETPLACE
stable_low_risk,2025-12-17,r3laJz4BZXUvyX7eyLLrfWn8g8KxzLU7GZgMB,2025-12-17,-149.13,GBP,POUNDLAND STORE #4421
stable_low_risk,2025-12-17,r3laJz4BZXUvyX7eyLLrfWn8g8KxzLU7GZgMB,2025-12-17,-150.96,GBP,AMAZON UK MARKETPLACE
stable_low_risk,2025-12-18,r3laJz4BZXUvyX7eyLLrfWn8g8KxzLU7GZgMB,2025-12-18,-107.76,GBP,SCREWFIX DIRECT LTD
stable_low_risk,2025-12-19,r3laJz4BZXUvyX7eyLLrfWn8g8KxzLU7GZgMB,2025-12-19,3606.73,GBP,BACS PAYROLL PRIMARY-ACC REF:SALARY
stable_low_risk,2025-12-19,r3laJz4BZXUvyX7eyLLrfWn8g8KxzLU7GZgMB,2025-12-19,-44.17,GBP,THE COAL HOLE LONDON WC2
stable_low_risk,2025-12-20,r3laJz4BZXUvyX7eyLLrfWn8g8KxzLU7GZgMB,2025-12-20,-108.25,GBP,OCADO RETAIL LTD REF:ORDER
stable_low_risk,2025-12-20,r3laJz4BZXUvyX7eyLLrfWn8g8KxzLU7GZgMB,2025-12-20,-183.58,GBP,YO SUSHI UK LTD LONDON
stable_low_risk,2025-12-21,r3laJz4BZXUvyX7eyLLrfWn8g8KxzLU7GZgMB,2025-12-21,-127.46,GBP,IKEA UK WEMBLEY
stable_low_risk,2025-12-22,r3laJz4BZXUvyX7eyLLrfWn8g8KxzLU7GZgMB,2025-12-22,-191.25,GBP,MARKS AND SPENCER FOOD
stable_low_risk,2025-12-24,r3laJz4BZXUvyX7eyLLrfWn8g8KxzLU7GZgMB,2025-12-24,-211.8,GBP,YO SUSHI UK LTD LONDON
stable_low_risk,2025-12-25,r3laJz4BZXUvyX7eyLLrfWn8g8KxzLU7GZgMB,2025-12-25,-112.81,GBP,SCREWFIX DIRECT LTD
stable_low_risk,2025-12-26,r3laJz4BZXUvyX7eyLLrfWn8g8KxzLU7GZgMB,2025-12-26,-195.48,GBP,YO SUSHI UK LTD LONDON
stable_low_risk,2025-12-26,r3laJz4BZXUvyX7eyLLrfWn8g8KxzLU7GZgMB,2025-12-26,-159.99,GBP,MARKS AND SPENCER FOOD
stable_low_risk,2025-12-26,r3laJz4BZXUvyX7eyLLrfWn8g8KxzLU7GZgMB,2025-12-26,3426.84,GBP,BACS PAYROLL PRIMARY-ACC REF:SALARY
stable_low_risk,2025-12-27,r3laJz4BZXUvyX7eyLLrfWn8g8KxzLU7GZgMB,2025-12-27,-114.89,GBP,OCADO RETAIL LTD REF:ORDER
stable_low_risk,2025-12-28,r3laJz4BZXUvyX7eyLLrfWn8g8KxzLU7GZgMB,2025-12-28,-4771.61,GBP,D/D NATIONWIDE JOINT MORTGAGE
stable_low_risk,2025-12-28,r3laJz4BZXUvyX7eyLLrfWn8g8KxzLU7GZgMB,2025-12-28,-105.08,GBP,LIDL UK GMBH PECKHAM
stable_low_risk,2025-12-28,r3laJz4BZXUvyX7eyLLrfWn8g8KxzLU7GZgMB,2025-12-28,-126.73,GBP,IKEA UK WEMBLEY
stable_low_risk,2025-12-29,r3laJz4BZXUvyX7eyLLrfWn8g8KxzLU7GZgMB,2025-12-29,3175.16,GBP,BACS PAYROLL PRIMARY-ACC REF:SALARY
stable_low_risk,2025-12-29,r3laJz4BZXUvyX7eyLLrfWn8g8KxzLU7GZgMB,2025-12-29,-56.81,GBP,THE COAL HOLE LONDON WC2
stable_low_risk,2025-12-30,r3laJz4BZXUvyX7eyLLrfWn8g8KxzLU7GZgMB,2025-12-30,-113.65,GBP,IKEA UK WEMBLEY
stable_low_risk,2025-12-31,r3laJz4BZXUvyX7eyLLrfWn8g8KxzLU7GZgMB,2025-12-31,-157.23,GBP,MARKS AND SPENCER FOOD
stable_low_risk,2025-12-31,r3laJz4BZXUvyX7eyLLrfWn8g8KxzLU7GZgMB,2025-12-31,-176.03,GBP,AMAZON UK MARKETPLACE
stable_low_risk,2025-12-31,r3laJz4BZXUvyX7eyLLrfWn8g8KxzLU7GZgMB,2025-12-31,-167.72,GBP,WAHACA RESTAURANT LONDON
stable_low_risk,2026-01-01,r3laJz4BZXUvyX7eyLLrfWn8g8KxzLU7GZgMB,2026-01-01,-115.83,GBP,LIDL UK GMBH PECKHAM
stable_low_risk,2026-01-01,r3laJz4BZXUvyX7eyLLrfWn8g8KxzLU7GZgMB,2026-01-01,-136.21,GBP,WAHACA RESTAURANT LONDON
stable_low_risk,2026-01-02,r3laJz4BZXUvyX7eyLLrfWn8g8KxzLU7GZgMB,2026-01-02,-58.46,GBP,THE COAL HOLE LONDON WC2
stable_low_risk,2026-01-02,r3laJz4BZXUvyX7eyLLrfWn8g8KxzLU7GZgMB,2026-01-02,-99.58,GBP,SCREWFIX DIRECT LTD
stable_low_risk,2026-01-03,r3laJz4BZXUvyX7eyLLrfWn8g8KxzLU7GZgMB,2026-01-03,-143.39,GBP,MARKS AND SPENCER FOOD
stable_low_risk,2026-01-03,r3laJz4BZXUvyX7eyLLrfWn8g8KxzLU7GZgMB,2026-01-03,-204.52,GBP,NANDOS RESTAURANT LONDON
stable_low_risk,2026-01-04,r3laJz4BZXUvyX7eyLLrfWn8g8KxzLU7GZgMB,2026-01-04,-122.97,GBP,MORRISONS SUPERMARKET LONDON
stable_low_risk,2026-01-05,r3laJz4BZXUvyX7eyLLrfWn8g8KxzLU7GZgMB,2026-01-05,3255.7,GBP,BACS PAYROLL PRIMARY-ACC REF:SALARY
stable_low_risk,2026-01-06,r3laJz4BZXUvyX7eyLLrfWn8g8KxzLU7GZgMB,2026-01-06,-148.19,GBP,WAHACA RESTAURANT LONDON
stable_low_risk,2026-01-07,r3laJz4BZXUvyX7eyLLrfWn8g8KxzLU7GZgMB,2026-01-07,-206.59,GBP,COSTCO UK WATFORD
stable_low_risk,2026-01-09,r3laJz4BZXUvyX7eyLLrfWn8g8KxzLU7GZgMB,2026-01-09,-103.46,GBP,IKEA UK WEMBLEY
stable_low_risk,2026-01-09,r3laJz4BZXUvyX7eyLLrfWn8g8KxzLU7GZgMB,2026-01-09,-102.98,GBP,SCREWFIX DIRECT LTD
stable_low_risk,2026-01-10,r3laJz4BZXUvyX7eyLLrfWn8g8KxzLU7GZgMB,2026-01-10,-123.42,GBP,IKEA UK WEMBLEY
stable_low_risk,2026-01-11,r3laJz4BZXUvyX7eyLLrfWn8g8KxzLU7GZgMB,2026-01-11,-124.99,GBP,ASDA SUPERSTORE LONDON
stable_low_risk,2026-01-11,r3laJz4BZXUvyX7eyLLrfWn8g8KxzLU7GZgMB,2026-01-11,1594.65,GBP,AIRBNB PAYMENTS GB REF:INV-901
stable_low_risk,2026-01-12,r3laJz4BZXUvyX7eyLLrfWn8g8KxzLU7GZgMB,2026-01-12,-177.15,GBP,COSTCO UK WATFORD
stable_low_risk,2026-01-12,r3laJz4BZXUvyX7eyLLrfWn8g8KxzLU7GZgMB,2026-01-12,3439.41,GBP,BACS PAYROLL PRIMARY-ACC REF:SALARY
stable_low_risk,2026-01-13,r3laJz4BZXUvyX7eyLLrfWn8g8KxzLU7GZgMB,2026-01-13,-135.85,GBP,WAHACA RESTAURANT LONDON
stable_low_risk,2026-01-13,r3laJz4BZXUvyX7eyLLrfWn8g8KxzLU7GZgMB,2026-01-13,-96.4,GBP,IKEA UK WEMBLEY
stable_low_risk,2026-01-15,r3laJz4BZXUvyX7eyLLrfWn8g8KxzLU7GZgMB,2026-01-15,-80.43,GBP,CO-OP FOOD LONDON N1
stable_low_risk,2026-01-16,r3laJz4BZXUvyX7eyLLrfWn8g8KxzLU7GZgMB,2026-01-16,-90.5,GBP,SCREWFIX DIRECT LTD
stable_low_risk,2026-01-18,r3laJz4BZXUvyX7eyLLrfWn8g8KxzLU7GZgMB,2026-01-18,-49.55,GBP,THE COAL HOLE LONDON WC2
stable_low_risk,2026-01-19,r3laJz4BZXUvyX7eyLLrfWn8g8KxzLU7GZgMB,2026-01-19,3738.78,GBP,BACS PAYROLL PRIMARY-ACC REF:SALARY
stable_low_risk,2026-01-19,r3laJz4BZXUvyX7eyLLrfWn8g8KxzLU7GZgMB,2026-01-19,-118.16,GBP,ASDA SUPERSTORE LONDON
stable_low_risk,2026-01-20,r3laJz4BZXUvyX7eyLLrfWn8g8KxzLU7GZgMB,2026-01-20,-191.42,GBP,YO SUSHI UK LTD LONDON
stable_low_risk,2026-01-20,r3laJz4BZXUvyX7eyLLrfWn8g8KxzLU7GZgMB,2026-01-20,-112.72,GBP,PIZZA HUT UK REF:ORDER-ONL
stable_low_risk,2026-01-22,r3laJz4BZXUvyX7eyLLrfWn8g8KxzLU7GZgMB,2026-01-22,-168.4,GBP,POUNDLAND STORE #4421
stable_low_risk,2026-01-24,r3laJz4BZXUvyX7eyLLrfWn8g8KxzLU7GZgMB,2026-01-24,-185.79,GBP,ITSU UK LTD LONDON SE1
stable_low_risk,2026-01-25,r3laJz4BZXUvyX7eyLLrfWn8g8KxzLU7GZgMB,2026-01-25,-136.22,GBP,MORRISONS SUPERMARKET LONDON
stable_low_risk,2026-01-26,r3laJz4BZXUvyX7eyLLrfWn8g8KxzLU7GZgMB,2026-01-26,3476.94,GBP,BACS PAYROLL PRIMARY-ACC REF:SALARY
stable_low_risk,2026-01-27,r3laJz4BZXUvyX7eyLLrfWn8g8KxzLU7GZgMB,2026-01-27,-105.89,GBP,SCREWFIX DIRECT LTD
stable_low_risk,2026-01-28,r3laJz4BZXUvyX7eyLLrfWn8g8KxzLU7GZgMB,2026-01-28,-154.66,GBP,YO SUSHI UK LTD LONDON
stable_low_risk,2026-01-28,r3laJz4BZXUvyX7eyLLrfWn8g8KxzLU7GZgMB,2026-01-28,-205.31,GBP,COSTCO UK WATFORD
stable_low_risk,2026-01-28,r3laJz4BZXUvyX7eyLLrfWn8g8KxzLU7GZgMB,2026-01-28,-4815.26,GBP,D/D NATIONWIDE JOINT MORTGAGE
stable_low_risk,2026-01-29,r3laJz4BZXUvyX7eyLLrfWn8g8KxzLU7GZgMB,2026-01-29,-106.78,GBP,IKEA UK WEMBLEY
stable_low_risk,2026-01-29,r3laJz4BZXUvyX7eyLLrfWn8g8KxzLU7GZgMB,2026-01-29,3107.89,GBP,BACS PAYROLL PRIMARY-ACC REF:SALARY
stable_low_risk,2026-01-30,r3laJz4BZXUvyX7eyLLrfWn8g8KxzLU7GZgMB,2026-01-30,-163.92,GBP,AMAZON UK MARKETPLACE
stable_low_risk,2026-02-01,r3laJz4BZXUvyX7eyLLrfWn8g8KxzLU7GZgMB,2026-02-01,-114.5,GBP,ASDA SUPERSTORE LONDON
stable_low_risk,2026-02-02,r3laJz4BZXUvyX7eyLLrfWn8g8KxzLU7GZgMB,2026-02-02,-212.26,GBP,NANDOS RESTAURANT LONDON
stable_low_risk,2026-02-03,r3laJz4BZXUvyX7eyLLrfWn8g8KxzLU7GZgMB,2026-02-03,-138.69,GBP,WAHACA RESTAURANT LONDON
stable_low_risk,2026-02-03,r3laJz4BZXUvyX7eyLLrfWn8g8KxzLU7GZgMB,2026-02-03,-75.86,GBP,CO-OP FOOD LONDON N1
stable_low_risk,2026-02-04,r3laJz4BZXUvyX7eyLLrfWn8g8KxzLU7GZgMB,2026-02-04,-119.83,GBP,ASDA SUPERSTORE LONDON
stable_low_risk,2026-02-05,r3laJz4BZXUvyX7eyLLrfWn8g8KxzLU7GZgMB,2026-02-05,-142.08,GBP,PIZZA HUT UK REF:ORDER-ONL
stable_low_risk,2026-02-05,r3laJz4BZXUvyX7eyLLrfWn8g8KxzLU7GZgMB,2026-02-05,3075.54,GBP,BACS PAYROLL PRIMARY-ACC REF:SALARY
stable_low_risk,2026-02-06,r3laJz4BZXUvyX7eyLLrfWn8g8KxzLU7GZgMB,2026-02-06,1510.05,GBP,AIRBNB PAYMENTS GB REF:INV-901
stable_low_risk,2026-02-07,r3laJz4BZXUvyX7eyLLrfWn8g8KxzLU7GZgMB,2026-02-07,-4820.19,GBP,D/D NATIONWIDE JOINT MORTGAGE
stable_low_risk,2026-02-08,r3laJz4BZXUvyX7eyLLrfWn8g8KxzLU7GZgMB,2026-02-08,-188.73,GBP,COSTCO UK WATFORD
stable_low_risk,2026-02-08,r3laJz4BZXUvyX7eyLLrfWn8g8KxzLU7GZgMB,2026-02-08,-107.04,GBP,OCADO RETAIL LTD REF:ORDER
stable_low_risk,2026-02-08,r3laJz4BZXUvyX7eyLLrfWn8g8KxzLU7GZgMB,2026-02-08,-102.66,GBP,IKEA UK WEMBLEY
stable_low_risk,2026-02-09,r3laJz4BZXUvyX7eyLLrfWn8g8KxzLU7GZgMB,2026-02-09,-132.75,GBP,IKEA UK WEMBLEY
stable_low_risk,2026-02-10,r3laJz4BZXUvyX7eyLLrfWn8g8KxzLU7GZgMB,2026-02-10,-55.49,GBP,THE COAL HOLE LONDON WC2
stable_low_risk,2026-02-11,r3laJz4BZXUvyX7eyLLrfWn8g8KxzLU7GZgMB,2026-02-11,-179.94,GBP,NANDOS RESTAURANT LONDON
stable_low_risk,2026-02-12,r3laJz4BZXUvyX7eyLLrfWn8g8KxzLU7GZgMB,2026-02-12,-156.17,GBP,AMAZON UK MARKETPLACE
stable_low_risk,2026-02-12,r3laJz4BZXUvyX7eyLLrfWn8g8KxzLU7GZgMB,2026-02-12,3720.97,GBP,BACS PAYROLL PRIMARY-ACC REF:SALARY
stable_low_risk,2026-02-13,r3laJz4BZXUvyX7eyLLrfWn8g8KxzLU7GZgMB,2026-02-13,-181.59,GBP,YO SUSHI UK LTD LONDON
stable_low_risk,2026-02-13,r3laJz4BZXUvyX7eyLLrfWn8g8KxzLU7GZgMB,2026-02-13,-169.47,GBP,COSTCO UK WATFORD
stable_low_risk,2026-02-14,r3laJz4BZXUvyX7eyLLrfWn8g8KxzLU7GZgMB,2026-02-14,-209.56,GBP,NANDOS RESTAURANT LONDON
stable_low_risk,2026-02-16,r3laJz4BZXUvyX7eyLLrfWn8g8KxzLU7GZgMB,2026-02-16,-82.92,GBP,CO-OP FOOD LONDON N1
stable_low_risk,2026-02-16,r3laJz4BZXUvyX7eyLLrfWn8g8KxzLU7GZgMB,2026-02-16,-197.12,GBP,MARKS AND SPENCER FOOD
stable_low_risk,2026-02-17,r3laJz4BZXUvyX7eyLLrfWn8g8KxzLU7GZgMB,2026-02-17,-134.85,GBP,WAHACA RESTAURANT LONDON
stable_low_risk,2026-02-18,r3laJz4BZXUvyX7eyLLrfWn8g8KxzLU7GZgMB,2026-02-18,-205.25,GBP,COSTCO UK WATFORD
stable_low_risk,2026-02-19,r3laJz4BZXUvyX7eyLLrfWn8g8KxzLU7GZgMB,2026-02-19,3648.73,GBP,BACS PAYROLL PRIMARY-ACC REF:SALARY
stable_low_risk,2026-02-21,r3laJz4BZXUvyX7eyLLrfWn8g8KxzLU7GZgMB,2026-02-21,-1824.49,GBP,EASYJET AIR REF:EZY-BKNG
stable_low_risk,2026-02-21,r3laJz4BZXUvyX7eyLLrfWn8g8KxzLU7GZgMB,2026-02-21,-203.04,GBP,ITSU UK LTD LONDON SE1
stable_low_risk,2026-02-22,r3laJz4BZXUvyX7eyLLrfWn8g8KxzLU7GZgMB,2026-02-22,-111.73,GBP,TESCO METRO LONDON EC1
stable_low_risk,2026-02-23,r3laJz4BZXUvyX7eyLLrfWn8g8KxzLU7GZgMB,2026-02-23,-179.0,GBP,YO SUSHI UK LTD LONDON
stable_low_risk,2026-02-23,r3laJz4BZXUvyX7eyLLrfWn8g8KxzLU7GZgMB,2026-02-23,-116.09,GBP,IKEA UK WEMBLEY
stable_low_risk,2026-02-24,r3laJz4BZXUvyX7eyLLrfWn8g8KxzLU7GZgMB,2026-02-24,-109.39,GBP,TESCO METRO LONDON EC1
stable_low_risk,2026-02-25,r3laJz4BZXUvyX7eyLLrfWn8g8KxzLU7GZgMB,2026-02-25,-163.96,GBP,MARKS AND SPENCER FOOD
stable_low_risk,2026-02-25,r3laJz4BZXUvyX7eyLLrfWn8g8KxzLU7GZgMB,2026-02-25,-166.81,GBP,WAHACA RESTAURANT LONDON
stable_low_risk,2026-02-26,r3laJz4BZXUvyX7eyLLrfWn8g8KxzLU7GZgMB,2026-02-26,3267.6,GBP,BACS PAYROLL PRIMARY-ACC REF:SALARY
stable_low_risk,2026-02-26,r3laJz4BZXUvyX7eyLLrfWn8g8KxzLU7GZgMB,2026-02-26,-90.04,GBP,OCADO RETAIL LTD REF:ORDER
stable_low_risk,2026-02-27,r3laJz4BZXUvyX7eyLLrfWn8g8KxzLU7GZgMB,2026-02-27,-127.23,GBP,ASDA SUPERSTORE LONDON
stable_low_risk,2026-02-27,r3laJz4BZXUvyX7eyLLrfWn8g8KxzLU7GZgMB,2026-02-27,-67.74,GBP,CO-OP FOOD LONDON N1
stable_low_risk,2026-02-27,r3laJz4BZXUvyX7eyLLrfWn8g8KxzLU7GZgMB,2026-02-27,-120.23,GBP,TESCO METRO LONDON EC1
stable_low_risk,2026-02-28,r3laJz4BZXUvyX7eyLLrfWn8g8KxzLU7GZgMB,2026-02-28,-47.41,GBP,THE COAL HOLE LONDON WC2
stable_low_risk,2026-03-19,r3laJz4BZXUvyX7eyLLrfWn8g8KxzLU7GZgMB,2026-03-19,-105.07,GBP,COSTCO UK WATFORD
stable_low_risk,2026-03-19,r3laJz4BZXUvyX7eyLLrfWn8g8KxzLU7GZgMB,2026-03-19,-154.53,GBP,SAINSBURYS SUPERMARKETS LONDON
stable_low_risk,2026-03-19,r3laJz4BZXUvyX7eyLLrfWn8g8KxzLU7GZgMB,2026-03-19,-31.19,GBP,DISHOOM RESTAURANT LONDON
stable_low_risk,2026-03-20,PxXJB6gdL1S357N96neWFk7A5xZweZsoo8M4J,2026-03-20,-105.07,GBP,COSTCO UK WATFORD
stable_low_risk,2026-03-20,PxXJB6gdL1S357N96neWFk7A5xZweZsoo8M4J,2026-03-20,-31.19,GBP,DISHOOM RESTAURANT LONDON
stable_low_risk,2026-03-20,PxXJB6gdL1S357N96neWFk7A5xZweZsoo8M4J,2026-03-20,-154.53,GBP,SAINSBURYS SUPERMARKETS LONDON
stable_low_risk,2026-03-20,r3laJz4BZXUvyX7eyLLrfWn8g8KxzLU7GZgMB,2026-03-20,-115.07,GBP,ASDA SUPERSTORE LONDON
stable_low_risk,2026-03-20,r3laJz4BZXUvyX7eyLLrfWn8g8KxzLU7GZgMB,2026-03-20,-84.58,GBP,AMAZON UK MARKETPLACE
stable_low_risk,2026-03-21,r3laJz4BZXUvyX7eyLLrfWn8g8KxzLU7GZgMB,2026-03-21,-113.9,GBP,AMAZON UK MARKETPLACE
stable_low_risk,2026-03-21,r3laJz4BZXUvyX7eyLLrfWn8g8KxzLU7GZgMB,2026-03-21,-82.82,GBP,WAHACA RESTAURANT LONDON
stable_low_risk,2026-03-21,PxXJB6gdL1S357N96neWFk7A5xZweZsoo8M4J,2026-03-21,-115.07,GBP,ASDA SUPERSTORE LONDON
stable_low_risk,2026-03-21,r3laJz4BZXUvyX7eyLLrfWn8g8KxzLU7GZgMB,2026-03-21,3116.27,GBP,BACS PAYROLL PRIMARY-ACC REF:SALARY
stable_low_risk,2026-03-21,PxXJB6gdL1S357N96neWFk7A5xZweZsoo8M4J,2026-03-21,-84.58,GBP,AMAZON UK MARKETPLACE
stable_low_risk,2026-03-22,PxXJB6gdL1S357N96neWFk7A5xZweZsoo8M4J,2026-03-22,-113.9,GBP,AMAZON UK MARKETPLACE
stable_low_risk,2026-03-22,r3laJz4BZXUvyX7eyLLrfWn8g8KxzLU7GZgMB,2026-03-22,-36.52,GBP,IKEA UK LTD WEMBLEY
stable_low_risk,2026-03-22,r3laJz4BZXUvyX7eyLLrfWn8g8KxzLU7GZgMB,2026-03-22,-115.9,GBP,WAITROSE & PARTNERS LONDON SW1
stable_low_risk,2026-03-22,PxXJB6gdL1S357N96neWFk7A5xZweZsoo8M4J,2026-03-22,-82.82,GBP,WAHACA RESTAURANT LONDON
stable_low_risk,2026-03-22,PxXJB6gdL1S357N96neWFk7A5xZweZsoo8M4J,2026-03-22,3116.27,GBP,BACS PAYROLL PRIMARY-ACC REF:SALARY
stable_low_risk,2026-03-23,r3laJz4BZXUvyX7eyLLrfWn8g8KxzLU7GZgMB,2026-03-23,-173.24,GBP,POUNDLAND LTD LONDON
stable_low_risk,2026-03-23,PxXJB6gdL1S357N96neWFk7A5xZweZsoo8M4J,2026-03-23,-115.9,GBP,WAITROSE & PARTNERS LONDON SW1
stable_low_risk,2026-03-23,r3laJz4BZXUvyX7eyLLrfWn8g8KxzLU7GZgMB,2026-03-23,-193.98,GBP,WAITROSE & PARTNERS LONDON SW1
stable_low_risk,2026-03-23,r3laJz4BZXUvyX7eyLLrfWn8g8KxzLU7GZgMB,2026-03-23,-117.17,GBP,OCADO RETAIL LTD REF:ORDER
stable_low_risk,2026-03-23,PxXJB6gdL1S357N96neWFk7A5xZweZsoo8M4J,2026-03-23,-36.52,GBP,IKEA UK LTD WEMBLEY
stable_low_risk,2026-03-24,PxXJB6gdL1S357N96neWFk7A5xZweZsoo8M4J,2026-03-24,-117.17,GBP,OCADO RETAIL LTD REF:ORDER
stable_low_risk,2026-03-24,PxXJB6gdL1S357N96neWFk7A5xZweZsoo8M4J,2026-03-24,-173.24,GBP,POUNDLAND LTD LONDON
stable_low_risk,2026-03-24,PxXJB6gdL1S357N96neWFk7A5xZweZsoo8M4J,2026-03-24,-193.98,GBP,WAITROSE & PARTNERS LONDON SW1
stable_low_risk,2026-03-26,r3laJz4BZXUvyX7eyLLrfWn8g8KxzLU7GZgMB,2026-03-26,-198.55,GBP,LEON RESTAURANTS LONDON
stable_low_risk,2026-03-26,r3laJz4BZXUvyX7eyLLrfWn8g8KxzLU7GZgMB,2026-03-26,-131.38,GBP,ASDA SUPERSTORE LONDON
stable_low_risk,2026-03-26,r3laJz4BZXUvyX7eyLLrfWn8g8KxzLU7GZgMB,2026-03-26,-99.58,GBP,OCADO RETAIL LTD REF:ORDER
stable_low_risk,2026-03-27,PxXJB6gdL1S357N96neWFk7A5xZweZsoo8M4J,2026-03-27,-99.58,GBP,OCADO RETAIL LTD REF:ORDER
stable_low_risk,2026-03-27,PxXJB6gdL1S357N96neWFk7A5xZweZsoo8M4J,2026-03-27,-198.55,GBP,LEON RESTAURANTS LONDON
stable_low_risk,2026-03-27,r3laJz4BZXUvyX7eyLLrfWn8g8KxzLU7GZgMB,2026-03-27,-45.01,GBP,ALDI STORES LTD LONDON
stable_low_risk,2026-03-27,PxXJB6gdL1S357N96neWFk7A5xZweZsoo8M4J,2026-03-27,-131.38,GBP,ASDA SUPERSTORE LONDON
stable_low_risk,2026-03-28,r3laJz4BZXUvyX7eyLLrfWn8g8KxzLU7GZgMB,2026-03-28,-78.52,GBP,ALDI STORES LTD LONDON
stable_low_risk,2026-03-28,r3laJz4BZXUvyX7eyLLrfWn8g8KxzLU7GZgMB,2026-03-28,-141.23,GBP,WAHACA RESTAURANT LONDON
stable_low_risk,2026-03-28,r3laJz4BZXUvyX7eyLLrfWn8g8KxzLU7GZgMB,2026-03-28,-172.59,GBP,WAHACA RESTAURANT LONDON
stable_low_risk,2026-03-28,r3laJz4BZXUvyX7eyLLrfWn8g8KxzLU7GZgMB,2026-03-28,-185.0,GBP,COSTCO UK WATFORD
stable_low_risk,2026-03-28,PxXJB6gdL1S357N96neWFk7A5xZweZsoo8M4J,2026-03-28,-45.01,GBP,ALDI STORES LTD LONDON
stable_low_risk,2026-03-28,r3laJz4BZXUvyX7eyLLrfWn8g8KxzLU7GZgMB,2026-03-28,3098.58,GBP,BACS PAYROLL PRIMARY-ACC REF:SALARY
stable_low_risk,2026-03-29,PxXJB6gdL1S357N96neWFk7A5xZweZsoo8M4J,2026-03-29,-141.23,GBP,WAHACA RESTAURANT LONDON
stable_low_risk,2026-03-29,PxXJB6gdL1S357N96neWFk7A5xZweZsoo8M4J,2026-03-29,3098.58,GBP,BACS PAYROLL PRIMARY-ACC REF:SALARY
stable_low_risk,2026-03-29,PxXJB6gdL1S357N96neWFk7A5xZweZsoo8M4J,2026-03-29,-78.52,GBP,ALDI STORES LTD LONDON
stable_low_risk,2026-03-29,PxXJB6gdL1S357N96neWFk7A5xZweZsoo8M4J,2026-03-29,-172.59,GBP,WAHACA RESTAURANT LONDON
stable_low_risk,2026-03-29,PxXJB6gdL1S357N96neWFk7A5xZweZsoo8M4J,2026-03-29,-185.0,GBP,COSTCO UK WATFORD
stable_low_risk,2026-03-30,r3laJz4BZXUvyX7eyLLrfWn8g8KxzLU7GZgMB,2026-03-30,-107.65,GBP,PRET A MANGER LONDON EC1
stable_low_risk,2026-03-30,r3laJz4BZXUvyX7eyLLrfWn8g8KxzLU7GZgMB,2026-03-30,-174.82,GBP,MARKS AND SPENCER FOOD
stable_low_risk,2026-03-31,PxXJB6gdL1S357N96neWFk7A5xZweZsoo8M4J,2026-03-31,-107.65,GBP,PRET A MANGER LONDON EC1
stable_low_risk,2026-03-31,PxXJB6gdL1S357N96neWFk7A5xZweZsoo8M4J,2026-03-31,-174.82,GBP,MARKS AND SPENCER FOOD
stable_low_risk,2026-03-31,r3laJz4BZXUvyX7eyLLrfWn8g8KxzLU7GZgMB,2026-03-31,-33.05,GBP,COSTCO UK WATFORD
stable_low_risk,2026-03-31,r3laJz4BZXUvyX7eyLLrfWn8g8KxzLU7GZgMB,2026-03-31,-49.86,GBP,ALDI STORES LTD LONDON
stable_low_risk,2026-03-31,r3laJz4BZXUvyX7eyLLrfWn8g8KxzLU7GZgMB,2026-03-31,-94.97,GBP,TESCO METRO LONDON EC1
stable_low_risk,2026-04-01,PxXJB6gdL1S357N96neWFk7A5xZweZsoo8M4J,2026-04-01,-33.05,GBP,COSTCO UK WATFORD
stable_low_risk,2026-04-01,r3laJz4BZXUvyX7eyLLrfWn8g8KxzLU7GZgMB,2026-04-01,-131.19,GBP,ITSU UK LTD LONDON SE1
stable_low_risk,2026-04-01,PxXJB6gdL1S357N96neWFk7A5xZweZsoo8M4J,2026-04-01,-49.86,GBP,ALDI STORES LTD LONDON
stable_low_risk,2026-04-01,r3laJz4BZXUvyX7eyLLrfWn8g8KxzLU7GZgMB,2026-04-01,-190.64,GBP,LEON RESTAURANTS LONDON
stable_low_risk,2026-04-01,PxXJB6gdL1S357N96neWFk7A5xZweZsoo8M4J,2026-04-01,-94.97,GBP,TESCO METRO LONDON EC1
stable_low_risk,2026-04-01,r3laJz4BZXUvyX7eyLLrfWn8g8KxzLU7GZgMB,2026-04-01,-113.69,GBP,TESCO METRO LONDON EC1
stable_low_risk,2026-04-02,PxXJB6gdL1S357N96neWFk7A5xZweZsoo8M4J,2026-04-02,-131.19,GBP,ITSU UK LTD LONDON SE1
stable_low_risk,2026-04-02,PxXJB6gdL1S357N96neWFk7A5xZweZsoo8M4J,2026-04-02,-190.64,GBP,LEON RESTAURANTS LONDON
stable_low_risk,2026-04-02,PxXJB6gdL1S357N96neWFk7A5xZweZsoo8M4J,2026-04-02,-113.69,GBP,TESCO METRO LONDON EC1
stable_low_risk,2026-04-04,r3laJz4BZXUvyX7eyLLrfWn8g8KxzLU7GZgMB,2026-04-04,-132.56,GBP,WAITROSE & PARTNERS LONDON SW1
stable_low_risk,2026-04-04,r3laJz4BZXUvyX7eyLLrfWn8g8KxzLU7GZgMB,2026-04-04,-44.6,GBP,SCREWFIX DIRECT LTD
stable_low_risk,2026-04-04,r3laJz4BZXUvyX7eyLLrfWn8g8KxzLU7GZgMB,2026-04-04,3654.58,GBP,BACS PAYROLL PRIMARY-ACC REF:SALARY
stable_low_risk,2026-04-04,r3laJz4BZXUvyX7eyLLrfWn8g8KxzLU7GZgMB,2026-04-04,-154.11,GBP,TESCO METRO LONDON EC1
stable_low_risk,2026-04-05,r3laJz4BZXUvyX7eyLLrfWn8g8KxzLU7GZgMB,2026-04-05,-4792.0,GBP,D/D NATIONWIDE MORTGAGE REF:MORTG
stable_low_risk,2026-04-05,PxXJB6gdL1S357N96neWFk7A5xZweZsoo8M4J,2026-04-05,-154.11,GBP,TESCO METRO LONDON EC1
stable_low_risk,2026-04-05,r3laJz4BZXUvyX7eyLLrfWn8g8KxzLU7GZgMB,2026-04-05,-38.2,GBP,SAINSBURYS SUPERMARKETS LONDON
stable_low_risk,2026-04-05,PxXJB6gdL1S357N96neWFk7A5xZweZsoo8M4J,2026-04-05,-44.6,GBP,SCREWFIX DIRECT LTD
stable_low_risk,2026-04-05,PxXJB6gdL1S357N96neWFk7A5xZweZsoo8M4J,2026-04-05,-132.56,GBP,WAITROSE & PARTNERS LONDON SW1
stable_low_risk,2026-04-05,PxXJB6gdL1S357N96neWFk7A5xZweZsoo8M4J,2026-04-05,3654.58,GBP,BACS PAYROLL PRIMARY-ACC REF:SALARY
stable_low_risk,2026-04-06,PxXJB6gdL1S357N96neWFk7A5xZweZsoo8M4J,2026-04-06,-4792.0,GBP,D/D NATIONWIDE MORTGAGE REF:MORTG
stable_low_risk,2026-04-06,r3laJz4BZXUvyX7eyLLrfWn8g8KxzLU7GZgMB,2026-04-06,-79.78,GBP,WAITROSE & PARTNERS LONDON SW1
stable_low_risk,2026-04-06,r3laJz4BZXUvyX7eyLLrfWn8g8KxzLU7GZgMB,2026-04-06,-96.26,GBP,SCREWFIX DIRECT LTD
stable_low_risk,2026-04-06,PxXJB6gdL1S357N96neWFk7A5xZweZsoo8M4J,2026-04-06,-38.2,GBP,SAINSBURYS SUPERMARKETS LONDON
stable_low_risk,2026-04-07,PxXJB6gdL1S357N96neWFk7A5xZweZsoo8M4J,2026-04-07,-79.78,GBP,WAITROSE & PARTNERS LONDON SW1
stable_low_risk,2026-04-07,r3laJz4BZXUvyX7eyLLrfWn8g8KxzLU7GZgMB,2026-04-07,-189.34,GBP,AMAZON UK MARKETPLACE
stable_low_risk,2026-04-07,r3laJz4BZXUvyX7eyLLrfWn8g8KxzLU7GZgMB,2026-04-07,-51.72,GBP,OCADO RETAIL LTD REF:ORDER
stable_low_risk,2026-04-07,PxXJB6gdL1S357N96neWFk7A5xZweZsoo8M4J,2026-04-07,-96.26,GBP,SCREWFIX DIRECT LTD
stable_low_risk,2026-04-08,r3laJz4BZXUvyX7eyLLrfWn8g8KxzLU7GZgMB,2026-04-08,-101.56,GBP,WAITROSE & PARTNERS LONDON SW1
stable_low_risk,2026-04-08,r3laJz4BZXUvyX7eyLLrfWn8g8KxzLU7GZgMB,2026-04-08,-98.24,GBP,PRET A MANGER LONDON EC1
stable_low_risk,2026-04-08,PxXJB6gdL1S357N96neWFk7A5xZweZsoo8M4J,2026-04-08,-189.34,GBP,AMAZON UK MARKETPLACE
stable_low_risk,2026-04-08,PxXJB6gdL1S357N96neWFk7A5xZweZsoo8M4J,2026-04-08,-51.72,GBP,OCADO RETAIL LTD REF:ORDER
stable_low_risk,2026-04-08,r3laJz4BZXUvyX7eyLLrfWn8g8KxzLU7GZgMB,2026-04-08,-159.97,GBP,WAITROSE & PARTNERS LONDON SW1
stable_low_risk,2026-04-09,PxXJB6gdL1S357N96neWFk7A5xZweZsoo8M4J,2026-04-09,-159.97,GBP,WAITROSE & PARTNERS LONDON SW1
stable_low_risk,2026-04-09,r3laJz4BZXUvyX7eyLLrfWn8g8KxzLU7GZgMB,2026-04-09,-58.15,GBP,SAINSBURYS SUPERMARKETS LONDON
stable_low_risk,2026-04-09,PxXJB6gdL1S357N96neWFk7A5xZweZsoo8M4J,2026-04-09,-101.56,GBP,WAITROSE & PARTNERS LONDON SW1
stable_low_risk,2026-04-09,PxXJB6gdL1S357N96neWFk7A5xZweZsoo8M4J,2026-04-09,-98.24,GBP,PRET A MANGER LONDON EC1
stable_low_risk,2026-04-10,r3laJz4BZXUvyX7eyLLrfWn8g8KxzLU7GZgMB,2026-04-10,-122.38,GBP,TESCO METRO LONDON EC1
stable_low_risk,2026-04-10,PxXJB6gdL1S357N96neWFk7A5xZweZsoo8M4J,2026-04-10,-58.15,GBP,SAINSBURYS SUPERMARKETS LONDON
stable_low_risk,2026-04-11,PxXJB6gdL1S357N96neWFk7A5xZweZsoo8M4J,2026-04-11,-122.38,GBP,TESCO METRO LONDON EC1
stable_low_risk,2026-04-11,r3laJz4BZXUvyX7eyLLrfWn8g8KxzLU7GZgMB,2026-04-11,-162.71,GBP,WAITROSE & PARTNERS LONDON SW1
stable_low_risk,2026-04-11,r3laJz4BZXUvyX7eyLLrfWn8g8KxzLU7GZgMB,2026-04-11,3241.83,GBP,BACS PAYROLL PRIMARY-ACC REF:SALARY
stable_low_risk,2026-04-11,r3laJz4BZXUvyX7eyLLrfWn8g8KxzLU7GZgMB,2026-04-11,-67.92,GBP,PRET A MANGER LONDON EC1
stable_low_risk,2026-04-12,PxXJB6gdL1S357N96neWFk7A5xZweZsoo8M4J,2026-04-12,-67.92,GBP,PRET A MANGER LONDON EC1
stable_low_risk,2026-04-12,PxXJB6gdL1S357N96neWFk7A5xZweZsoo8M4J,2026-04-12,3241.83,GBP,BACS PAYROLL PRIMARY-ACC REF:SALARY
stable_low_risk,2026-04-12,PxXJB6gdL1S357N96neWFk7A5xZweZsoo8M4J,2026-04-12,-162.71,GBP,WAITROSE & PARTNERS LONDON SW1
stable_low_risk,2026-04-13,r3laJz4BZXUvyX7eyLLrfWn8g8KxzLU7GZgMB,2026-04-13,-168.99,GBP,WAHACA RESTAURANT LONDON
stable_low_risk,2026-04-13,r3laJz4BZXUvyX7eyLLrfWn8g8KxzLU7GZgMB,2026-04-13,-157.46,GBP,AMAZON UK MARKETPLACE
stable_low_risk,2026-04-14,PxXJB6gdL1S357N96neWFk7A5xZweZsoo8M4J,2026-04-14,-168.99,GBP,WAHACA RESTAURANT LONDON
stable_low_risk,2026-04-14,r3laJz4BZXUvyX7eyLLrfWn8g8KxzLU7GZgMB,2026-04-14,-181.56,GBP,ITSU UK LTD LONDON SE1
stable_low_risk,2026-04-14,PxXJB6gdL1S357N96neWFk7A5xZweZsoo8M4J,2026-04-14,-157.46,GBP,AMAZON UK MARKETPLACE
stable_low_risk,2026-04-14,r3laJz4BZXUvyX7eyLLrfWn8g8KxzLU7GZgMB,2026-04-14,-197.8,GBP,PRET A MANGER LONDON EC1
stable_low_risk,2026-04-15,r3laJz4BZXUvyX7eyLLrfWn8g8KxzLU7GZgMB,2026-04-15,-121.54,GBP,ALDI STORES LTD LONDON
stable_low_risk,2026-04-15,r3laJz4BZXUvyX7eyLLrfWn8g8KxzLU7GZgMB,2026-04-15,-85.32,GBP,SAINSBURYS SUPERMARKETS LONDON
stable_low_risk,2026-04-15,PxXJB6gdL1S357N96neWFk7A5xZweZsoo8M4J,2026-04-15,-181.56,GBP,ITSU UK LTD LONDON SE1
stable_low_risk,2026-04-15,PxXJB6gdL1S357N96neWFk7A5xZweZsoo8M4J,2026-04-15,-197.8,GBP,PRET A MANGER LONDON EC1
stable_low_risk,2026-04-16,PxXJB6gdL1S357N96neWFk7A5xZweZsoo8M4J,2026-04-16,-85.32,GBP,SAINSBURYS SUPERMARKETS LONDON
stable_low_risk,2026-04-16,r3laJz4BZXUvyX7eyLLrfWn8g8KxzLU7GZgMB,2026-04-16,-137.58,GBP,DOMINOS PIZZA UK LTD
stable_low_risk,2026-04-16,PxXJB6gdL1S357N96neWFk7A5xZweZsoo8M4J,2026-04-16,-121.54,GBP,ALDI STORES LTD LONDON
stable_low_risk,2026-04-17,PxXJB6gdL1S357N96neWFk7A5xZweZsoo8M4J,2026-04-17,-137.58,GBP,DOMINOS PIZZA UK LTD
stable_low_risk,2026-04-17,r3laJz4BZXUvyX7eyLLrfWn8g8KxzLU7GZgMB,2026-04-17,-162.24,GBP,ALDI STORES LTD LONDON
stable_low_risk,2026-04-17,r3laJz4BZXUvyX7eyLLrfWn8g8KxzLU7GZgMB,2026-04-17,-1820.55,GBP,EASYJET PLC REF:FLIGHT
stable_low_risk,2026-04-17,r3laJz4BZXUvyX7eyLLrfWn8g8KxzLU7GZgMB,2026-04-17,1500.0,GBP,AIRBNB PAYMENTS BACS REF:RENT
stable_low_risk,2026-04-18,r3laJz4BZXUvyX7eyLLrfWn8g8KxzLU7GZgMB,2026-04-18,3304.72,GBP,BACS PAYROLL PRIMARY-ACC REF:SALARY
stable_low_risk,2026-04-18,PxXJB6gdL1S357N96neWFk7A5xZweZsoo8M4J,2026-04-18,1500.0,GBP,AIRBNB PAYMENTS BACS REF:RENT
stable_low_risk,2026-04-18,PxXJB6gdL1S357N96neWFk7A5xZweZsoo8M4J,2026-04-18,-162.24,GBP,ALDI STORES LTD LONDON
stable_low_risk,2026-04-18,PxXJB6gdL1S357N96neWFk7A5xZweZsoo8M4J,2026-04-18,-1820.55,GBP,EASYJET PLC REF:FLIGHT
